v -0.151354 0.018000 -0.304375
vn -0.000004 1.000000 -0.000000
v -0.162000 0.018000 -0.318000
vn -0.000004 1.000000 -0.000000
v -0.162000 0.018000 -0.278571
vn -0.000004 1.000000 -0.000000
v -0.162000 -0.012857 -0.318000
vn -1.000000 -0.000026 -0.000003
v -0.162000 -0.018000 -0.278571
vn -1.000000 -0.000026 -0.000003
v -0.162000 -0.012857 -0.278571
vn -1.000000 -0.000026 -0.000003
v 0.151354 -0.018000 -0.304375
vn -0.000000 -1.000000 -0.000000
v 0.162000 -0.018000 -0.318000
vn -0.000000 -1.000000 -0.000000
v 0.162000 -0.018000 -0.278571
vn -0.000000 -1.000000 -0.000000
v 0.162000 0.012857 -0.318000
vn 1.000000 0.000000 -0.000000
v 0.162000 0.018000 -0.278571
vn 1.000000 0.000000 -0.000000
v 0.162000 0.012857 -0.278571
vn 1.000000 0.000000 -0.000000
v 0.115714 0.018000 -0.318000
vn 0.000000 0.000000 -1.000000
v 0.162000 0.012857 -0.318000
vn 0.000000 0.000000 -1.000000
v 0.115714 0.012857 -0.318000
vn 0.000000 0.000000 -1.000000
v 0.115714 -0.012857 -0.318000
vn 0.000000 0.000000 -1.000000
v 0.162000 -0.018000 -0.318000
vn 0.000000 0.000000 -1.000000
v 0.115714 -0.018000 -0.318000
vn 0.000000 0.000000 -1.000000
v 0.115714 -0.007714 -0.318000
vn 0.000000 0.000000 -1.000000
v 0.162000 -0.012857 -0.318000
vn 0.000000 0.000000 -1.000000
v 0.115714 -0.002571 -0.318000
vn 0.000000 0.000000 -1.000000
v 0.162000 -0.007714 -0.318000
vn 0.000000 0.000000 -1.000000
v 0.115714 0.002571 -0.318000
vn 0.000000 0.000000 -1.000000
v 0.162000 -0.002571 -0.318000
vn 0.000000 0.000000 -1.000000
v 0.115714 0.007714 -0.318000
vn 0.000000 0.000000 -1.000000
v 0.162000 0.002571 -0.318000
vn 0.000000 0.000000 -1.000000
v 0.162000 0.007714 -0.318000
vn 0.000000 0.000000 -1.000000
v -0.162000 -0.012857 -0.318000
vn 0.000000 0.000000 -1.000000
v -0.115714 -0.018000 -0.318000
vn 0.000000 0.000000 -1.000000
v -0.162000 -0.018000 -0.318000
vn 0.000000 0.000000 -1.000000
v -0.115714 -0.012857 -0.318000
vn 0.000000 0.000000 -1.000000
v -0.069428 -0.018000 -0.318000
vn 0.000000 0.000000 -1.000000
v -0.069428 -0.012857 -0.318000
vn 0.000000 0.000000 -1.000000
v -0.023143 -0.018000 -0.318000
vn 0.000000 0.000000 -1.000000
v -0.023143 -0.012857 -0.318000
vn 0.000000 0.000000 -1.000000
v 0.023143 -0.018000 -0.318000
vn 0.000000 0.000000 -1.000000
v 0.023143 -0.012857 -0.318000
vn 0.000003 0.000000 -1.000000
v 0.069429 -0.018000 -0.318000
vn 0.000003 0.000000 -1.000000
v 0.023143 -0.018000 -0.318000
vn 0.000003 0.000000 -1.000000
v 0.069429 -0.012857 -0.318000
vn 0.000000 0.000000 -1.000000
v 0.069429 -0.018000 -0.318000
vn 0.000000 0.000000 -1.000000
v -0.162000 -0.007714 -0.318000
vn 0.000000 0.000000 -1.000000
v -0.115714 -0.007714 -0.318000
vn 0.000000 0.000000 -1.000000
v -0.069428 -0.007714 -0.318000
vn 0.000000 0.000000 -1.000000
v -0.023143 -0.007714 -0.318000
vn 0.000000 0.000000 -1.000000
v 0.023143 -0.012857 -0.318000
vn 0.000000 0.000000 -1.000000
v 0.023143 -0.007714 -0.318000
vn 0.000003 0.000000 -1.000000
v 0.069429 -0.012857 -0.318000
vn 0.000003 0.000000 -1.000000
v 0.023143 -0.012857 -0.318000
vn 0.000003 0.000000 -1.000000
v 0.069429 -0.007714 -0.318000
vn 0.000000 0.000000 -1.000000
v -0.162000 -0.002571 -0.318000
vn 0.000000 0.000000 -1.000000
v -0.115714 -0.002571 -0.318000
vn 0.000000 0.000000 -1.000000
v -0.069429 -0.002571 -0.318000
vn 0.000000 0.000000 -1.000000
v -0.023143 -0.002571 -0.318000
vn 0.000000 0.000000 -1.000000
v 0.023143 -0.007714 -0.318000
vn 0.000000 0.000000 -1.000000
v 0.023143 -0.002571 -0.318000
vn 0.000003 0.000000 -1.000000
v 0.069429 -0.007714 -0.318000
vn 0.000003 0.000000 -1.000000
v 0.023143 -0.007714 -0.318000
vn 0.000003 0.000000 -1.000000
v 0.069429 -0.002571 -0.318000
vn 0.000000 0.000000 -1.000000
v -0.162000 0.002571 -0.318000
vn 0.000000 0.000000 -1.000000
v -0.115714 0.002571 -0.318000
vn 0.000000 0.000000 -1.000000
v -0.069429 0.002571 -0.318000
vn 0.000000 0.000000 -1.000000
v -0.023143 0.002571 -0.318000
vn 0.000000 0.000000 -1.000000
v 0.023143 -0.002571 -0.318000
vn 0.000000 0.000000 -1.000000
v 0.023143 0.002571 -0.318000
vn 0.000003 0.000000 -1.000000
v 0.069429 -0.002571 -0.318000
vn 0.000003 0.000000 -1.000000
v 0.023143 -0.002571 -0.318000
vn 0.000003 0.000000 -1.000000
v 0.069429 0.002571 -0.318000
vn 0.000000 0.000000 -1.000000
v -0.162000 0.007714 -0.318000
vn 0.000000 0.000000 -1.000000
v -0.115714 0.007714 -0.318000
vn 0.000000 0.000000 -1.000000
v -0.069429 0.007714 -0.318000
vn 0.000000 0.000000 -1.000000
v -0.023143 0.007714 -0.318000
vn 0.000000 0.000000 -1.000000
v 0.023143 0.002571 -0.318000
vn 0.000000 0.000000 -1.000000
v 0.023143 0.007714 -0.318000
vn 0.000003 0.000000 -1.000000
v 0.069429 0.002571 -0.318000
vn 0.000003 0.000000 -1.000000
v 0.069429 0.007714 -0.318000
vn 0.000000 0.000000 -1.000000
v -0.162000 0.012857 -0.318000
vn 0.000000 0.000000 -1.000000
v -0.115714 0.012857 -0.318000
vn 0.000000 0.000000 -1.000000
v -0.069429 0.012857 -0.318000
vn 0.000000 0.000000 -1.000000
v -0.023143 0.012857 -0.318000
vn 0.000000 0.000000 -1.000000
v 0.023143 0.007714 -0.318000
vn 0.000000 0.000000 -1.000000
v 0.023143 0.012857 -0.318000
vn 0.000003 0.000000 -1.000000
v 0.069429 0.007714 -0.318000
vn 0.000003 0.000000 -1.000000
v 0.023143 0.007714 -0.318000
vn 0.000003 0.000000 -1.000000
v 0.069429 0.012857 -0.318000
vn 0.000000 -0.000023 -1.000000
v 0.115714 0.007714 -0.318000
vn 0.000000 -0.000023 -1.000000
v 0.069429 0.007714 -0.318000
vn 0.000000 -0.000023 -1.000000
v -0.162000 0.018000 -0.318000
vn 0.000000 0.000000 -1.000000
v -0.115714 0.018000 -0.318000
vn 0.000000 0.000000 -1.000000
v -0.069429 0.018000 -0.318000
vn 0.000000 0.000000 -1.000000
v -0.023143 0.018000 -0.318000
vn 0.000000 0.000000 -1.000000
v 0.023143 0.012857 -0.318000
vn 0.000000 0.000000 -1.000000
v 0.023143 0.018000 -0.318000
vn 0.000000 0.000000 -1.000000
v 0.069429 0.012857 -0.318000
vn 0.000000 0.000000 -1.000000
v 0.069429 0.018000 -0.318000
vn 0.000003 0.000000 -1.000000
v 0.115714 0.012857 -0.318000
vn 0.000003 0.000000 -1.000000
v 0.069429 0.012857 -0.318000
vn 0.000003 0.000000 -1.000000
v -0.162000 -0.012857 -0.042000
vn 0.000000 0.000000 1.000000
v -0.151354 -0.018000 -0.042000
vn 0.000000 0.000000 1.000000
v -0.162000 -0.007714 -0.042000
vn 0.000000 0.000000 1.000000
v 0.151354 -0.018000 -0.042000
vn 0.000000 0.000000 1.000000
v 0.162000 0.002571 -0.042000
vn 0.000000 0.000000 1.000000
v 0.151354 0.018000 -0.042000
vn 0.000000 0.000000 1.000000
v 0.162000 0.012857 -0.081428
vn 1.000000 0.000000 -0.000000
v 0.162000 0.018000 -0.042000
vn 1.000000 0.000000 -0.000000
v 0.162000 0.012857 -0.042000
vn 1.000000 0.000000 -0.000000
v 0.162000 0.012857 -0.120857
vn 1.000000 0.000000 -0.000000
v 0.162000 0.018000 -0.081428
vn 1.000000 0.000000 -0.000000
v 0.162000 0.012857 -0.160286
vn 1.000000 0.000000 -0.000000
v 0.162000 0.018000 -0.120857
vn 1.000000 0.000000 -0.000000
v 0.162000 0.012857 -0.199714
vn 1.000000 0.000000 -0.000000
v 0.162000 0.018000 -0.160286
vn 1.000000 0.000000 -0.000000
v 0.162000 0.012857 -0.239143
vn 1.000000 0.000000 -0.000000
v 0.162000 0.018000 -0.199714
vn 1.000000 0.000000 -0.000000
v 0.162000 0.018000 -0.239143
vn 1.000000 0.000000 -0.000000
v 0.162000 -0.018000 -0.081428
vn 1.000000 0.000000 -0.000000
v 0.162000 -0.012857 -0.042000
vn 1.000000 0.000000 -0.000000
v 0.162000 -0.018000 -0.042000
vn 1.000000 0.000000 -0.000000
v 0.162000 -0.012857 -0.081428
vn 1.000000 0.000000 -0.000000
v 0.162000 -0.007714 -0.042000
vn 1.000000 0.000000 -0.000000
v 0.162000 -0.007714 -0.081428
vn 1.000000 0.000000 -0.000000
v 0.162000 -0.002571 -0.042000
vn 1.000000 0.000000 -0.000000
v 0.162000 -0.002571 -0.081428
vn 1.000000 0.000000 -0.000000
v 0.162000 0.002571 -0.042000
vn 1.000000 0.000000 -0.000000
v 0.162000 0.002571 -0.081428
vn 1.000000 0.000000 -0.000000
v 0.162000 0.007714 -0.042000
vn 1.000000 0.000000 -0.000000
v 0.162000 0.007714 -0.081428
vn 1.000000 0.000000 -0.000000
v 0.162000 -0.018000 -0.120857
vn 1.000000 0.000000 -0.000000
v 0.162000 -0.012857 -0.120857
vn 1.000000 0.000000 -0.000000
v 0.162000 -0.007714 -0.120857
vn 1.000000 0.000000 -0.000000
v 0.162000 -0.002571 -0.120857
vn 1.000000 0.000000 -0.000000
v 0.162000 0.002571 -0.120857
vn 1.000000 0.000000 -0.000000
v 0.162000 0.007714 -0.120857
vn 1.000000 0.000000 -0.000000
v 0.162000 -0.018000 -0.160286
vn 1.000000 0.000000 -0.000000
v 0.162000 -0.012857 -0.160286
vn 1.000000 0.000000 -0.000000
v 0.162000 -0.007714 -0.160286
vn 1.000000 0.000000 0.000001
v 0.162000 -0.002571 -0.120857
vn 1.000000 0.000000 0.000001
v 0.162000 -0.007714 -0.120857
vn 1.000000 0.000000 0.000001
v 0.162000 -0.002571 -0.160286
vn 1.000000 0.000000 -0.000000
v 0.162000 0.002571 -0.160286
vn 1.000000 0.000000 -0.000000
v 0.162000 0.007714 -0.160286
vn 1.000000 0.000000 -0.000000
v 0.162000 -0.018000 -0.199714
vn 1.000000 0.000000 -0.000000
v 0.162000 -0.012857 -0.199714
vn 1.000000 0.000000 -0.000000
v 0.162000 -0.007714 -0.160286
vn 1.000000 0.000000 -0.000000
v 0.162000 -0.007714 -0.199714
vn 1.000000 0.000000 -0.000000
v 0.162000 -0.002571 -0.199714
vn 1.000000 0.000000 -0.000000
v 0.162000 0.002571 -0.199714
vn 1.000000 0.000000 -0.000000
v 0.162000 0.007714 -0.199714
vn 1.000000 0.000000 -0.000000
v 0.162000 -0.018000 -0.239143
vn 1.000000 0.000000 -0.000000
v 0.162000 -0.012857 -0.239143
vn 1.000000 0.000000 -0.000000
v 0.162000 -0.007714 -0.239143
vn 1.000000 0.000000 -0.000000
v 0.162000 -0.002571 -0.239143
vn 1.000000 0.000000 -0.000000
v 0.162000 0.002571 -0.239143
vn 1.000000 0.000000 -0.000000
v 0.162000 0.007714 -0.239143
vn 1.000000 0.000000 -0.000000
v 0.162000 -0.018000 -0.278571
vn 1.000000 0.000000 -0.000000
v 0.162000 -0.012857 -0.278571
vn 1.000000 0.000000 -0.000000
v 0.162000 -0.007714 -0.278571
vn 1.000000 0.000000 -0.000000
v 0.162000 -0.002571 -0.278571
vn 1.000000 0.000000 -0.000000
v 0.162000 0.002571 -0.278571
vn 1.000000 0.000000 -0.000000
v 0.162000 0.007714 -0.278571
vn 1.000000 0.000000 -0.000000
v 0.162000 -0.018000 -0.318000
vn 1.000000 0.000000 -0.000000
v 0.162000 -0.012857 -0.318000
vn 1.000000 0.000000 -0.000000
v 0.162000 -0.007714 -0.318000
vn 1.000000 0.000000 -0.000000
v 0.162000 -0.002571 -0.318000
vn 1.000000 0.000000 -0.000000
v 0.162000 0.002571 -0.318000
vn 1.000000 0.000000 -0.000000
v 0.162000 0.007714 -0.318000
vn 1.000000 0.000000 -0.000000
v 0.151354 -0.018000 -0.081428
vn 0.000000 -1.000000 -0.000000
v 0.162000 -0.018000 -0.042000
vn 0.000000 -1.000000 -0.000000
v 0.151354 -0.018000 -0.042000
vn 0.000000 -1.000000 -0.000000
v 0.151354 -0.018000 -0.120857
vn 0.000000 -1.000000 -0.000000
v 0.162000 -0.018000 -0.081428
vn 0.000000 -1.000000 -0.000000
v 0.151354 -0.018000 -0.160286
vn 0.000000 -1.000000 -0.000000
v 0.162000 -0.018000 -0.120857
vn 0.000000 -1.000000 -0.000000
v 0.151354 -0.018000 -0.199714
vn 0.000000 -1.000000 -0.000000
v 0.162000 -0.018000 -0.160286
vn 0.000000 -1.000000 -0.000000
v 0.151354 -0.018000 -0.239143
vn 0.000000 -1.000000 -0.000000
v 0.162000 -0.018000 -0.199714
vn 0.000000 -1.000000 -0.000000
v 0.162000 -0.018000 -0.278571
vn 0.000000 -1.000000 -0.000000
v 0.162000 -0.018000 -0.239143
vn 0.000000 -1.000000 -0.000000
v -0.162000 -0.018000 -0.081429
vn 0.000003 -1.000000 -0.000000
v -0.151354 -0.018000 -0.042000
vn 0.000003 -1.000000 -0.000000
v -0.162000 -0.018000 -0.042000
vn 0.000003 -1.000000 -0.000000
v -0.162000 -0.018000 -0.120857
vn 0.000000 -1.000000 -0.000000
v -0.151354 -0.018000 -0.081429
vn 0.000000 -1.000000 -0.000000
v -0.162000 -0.018000 -0.081429
vn 0.000000 -1.000000 -0.000000
v -0.162000 -0.018000 -0.160286
vn 0.000000 -1.000000 -0.000000
v -0.151354 -0.018000 -0.120857
vn 0.000000 -1.000000 -0.000000
v -0.162000 -0.018000 -0.199714
vn 0.000000 -1.000000 -0.000000
v -0.151354 -0.018000 -0.160286
vn 0.000000 -1.000000 -0.000000
v -0.162000 -0.018000 -0.239143
vn 0.000000 -1.000000 -0.000000
v -0.151354 -0.018000 -0.199714
vn 0.000000 -1.000000 -0.000000
v -0.162000 -0.018000 -0.278571
vn 0.000000 -1.000000 -0.000000
v -0.151354 -0.018000 -0.239143
vn 0.000000 -1.000000 -0.000000
v -0.115714 -0.018000 -0.318000
vn 0.000000 -1.000000 0.000001
v -0.069428 -0.018000 -0.304375
vn 0.000000 -1.000000 0.000001
v -0.151354 -0.018000 -0.304375
vn 0.000000 -1.000000 0.000001
v -0.069428 -0.018000 -0.318000
vn 0.000001 -1.000000 -0.000000
v -0.023143 -0.018000 -0.304375
vn 0.000001 -1.000000 -0.000000
v -0.069428 -0.018000 -0.304375
vn 0.000001 -1.000000 -0.000000
v -0.023143 -0.018000 -0.318000
vn 0.000001 -1.000000 -0.000000
v 0.023143 -0.018000 -0.304375
vn 0.000001 -1.000000 -0.000000
v -0.023143 -0.018000 -0.304375
vn 0.000001 -1.000000 -0.000000
v 0.023143 -0.018000 -0.318000
vn 0.000000 -1.000000 -0.000000
v 0.069429 -0.018000 -0.304375
vn 0.000000 -1.000000 -0.000000
v 0.023143 -0.018000 -0.304375
vn 0.000000 -1.000000 -0.000000
v 0.069429 -0.018000 -0.304375
vn 0.000001 -1.000000 0.000000
v 0.115714 -0.018000 -0.318000
vn 0.000001 -1.000000 0.000000
v 0.151354 -0.018000 -0.304375
vn 0.000001 -1.000000 0.000000
v -0.162000 -0.012857 -0.081429
vn -1.000000 0.000000 -0.000000
v -0.162000 -0.018000 -0.042000
vn -1.000000 0.000000 -0.000000
v -0.162000 -0.012857 -0.042000
vn -1.000000 0.000000 -0.000000
v -0.162000 -0.012857 -0.120857
vn -1.000000 -0.000026 -0.000000
v -0.162000 -0.018000 -0.081429
vn -1.000000 -0.000026 -0.000000
v -0.162000 -0.012857 -0.081429
vn -1.000000 -0.000026 -0.000000
v -0.162000 -0.012857 -0.160286
vn -1.000000 -0.000026 -0.000000
v -0.162000 -0.018000 -0.120857
vn -1.000000 -0.000026 -0.000000
v -0.162000 -0.012857 -0.120857
vn -1.000000 -0.000026 -0.000000
v -0.162000 -0.012857 -0.199714
vn -1.000000 0.000000 -0.000000
v -0.162000 -0.018000 -0.160286
vn -1.000000 0.000000 -0.000000
v -0.162000 -0.012857 -0.160286
vn -1.000000 0.000000 -0.000000
v -0.162000 -0.012857 -0.239143
vn -1.000000 -0.000026 -0.000001
v -0.162000 -0.018000 -0.199714
vn -1.000000 -0.000026 -0.000001
v -0.162000 -0.012857 -0.199714
vn -1.000000 -0.000026 -0.000001
v -0.162000 -0.012857 -0.278571
vn -1.000000 -0.000026 -0.000000
v -0.162000 -0.018000 -0.239143
vn -1.000000 -0.000026 -0.000000
v -0.162000 -0.012857 -0.239143
vn -1.000000 -0.000026 -0.000000
v -0.162000 0.018000 -0.081429
vn -1.000000 0.000000 -0.000000
v -0.162000 0.012857 -0.042000
vn -1.000000 0.000000 -0.000000
v -0.162000 0.018000 -0.042000
vn -1.000000 0.000000 -0.000000
v -0.162000 0.012857 -0.081429
vn -1.000000 0.000000 -0.000000
v -0.162000 0.007714 -0.042000
vn -1.000000 0.000000 -0.000000
v -0.162000 0.007714 -0.081429
vn -1.000000 0.000000 -0.000000
v -0.162000 0.002571 -0.042000
vn -1.000000 0.000000 -0.000000
v -0.162000 0.002571 -0.081429
vn -1.000000 0.000000 -0.000000
v -0.162000 -0.002571 -0.042000
vn -1.000000 0.000000 -0.000000
v -0.162000 -0.002571 -0.081429
vn -1.000000 0.000000 -0.000000
v -0.162000 -0.007714 -0.042000
vn -1.000000 0.000000 -0.000000
v -0.162000 -0.007714 -0.081429
vn -1.000000 0.000000 -0.000000
v -0.162000 0.018000 -0.120857
vn -1.000000 0.000000 -0.000000
v -0.162000 0.012857 -0.120857
vn -1.000000 0.000000 -0.000000
v -0.162000 0.007714 -0.120857
vn -1.000000 0.000000 -0.000000
v -0.162000 0.002571 -0.120857
vn -1.000000 0.000000 -0.000000
v -0.162000 -0.002571 -0.120857
vn -1.000000 0.000000 0.000001
v -0.162000 -0.007714 -0.081429
vn -1.000000 0.000000 0.000001
v -0.162000 -0.002571 -0.081429
vn -1.000000 0.000000 0.000001
v -0.162000 -0.007714 -0.120857
vn -1.000000 0.000000 -0.000000
v -0.162000 0.018000 -0.160286
vn -1.000000 0.000000 -0.000000
v -0.162000 0.012857 -0.160286
vn -1.000000 0.000000 -0.000000
v -0.162000 0.007714 -0.160286
vn -1.000000 0.000000 -0.000000
v -0.162000 0.002571 -0.160286
vn -1.000000 0.000000 -0.000000
v -0.162000 -0.002571 -0.120857
vn -1.000000 0.000000 -0.000000
v -0.162000 -0.002571 -0.160286
vn -1.000000 0.000000 -0.000000
v -0.162000 -0.007714 -0.160286
vn -1.000000 0.000000 -0.000000
v -0.162000 -0.012857 -0.120857
vn -1.000000 0.000000 -0.000000
v -0.162000 0.018000 -0.199714
vn -1.000000 0.000000 -0.000000
v -0.162000 0.012857 -0.199714
vn -1.000000 0.000000 -0.000000
v -0.162000 0.007714 -0.199714
vn -1.000000 0.000000 -0.000000
v -0.162000 0.002571 -0.199714
vn -1.000000 0.000000 -0.000000
v -0.162000 -0.002571 -0.199714
vn -1.000000 0.000000 -0.000000
v -0.162000 -0.007714 -0.199714
vn -1.000000 0.000000 -0.000000
v -0.162000 0.018000 -0.239143
vn -1.000000 0.000000 -0.000000
v -0.162000 0.012857 -0.239143
vn -1.000000 0.000000 -0.000000
v -0.162000 0.007714 -0.239143
vn -1.000000 0.000000 -0.000000
v -0.162000 0.002571 -0.239143
vn -1.000000 0.000000 0.000001
v -0.162000 -0.002571 -0.199714
vn -1.000000 0.000000 0.000001
v -0.162000 0.002571 -0.199714
vn -1.000000 0.000000 0.000001
v -0.162000 -0.002571 -0.239143
vn -1.000000 0.000000 -0.000000
v -0.162000 -0.007714 -0.239143
vn -1.000000 0.000000 -0.000000
v -0.162000 0.018000 -0.278571
vn -1.000000 0.000000 -0.000000
v -0.162000 0.012857 -0.278571
vn -1.000000 0.000000 -0.000000
v -0.162000 0.007714 -0.278571
vn -1.000000 0.000000 -0.000000
v -0.162000 0.002571 -0.239143
vn -1.000000 0.000000 -0.000000
v -0.162000 0.002571 -0.278571
vn -1.000000 0.000000 -0.000000
v -0.162000 -0.002571 -0.278571
vn -1.000000 0.000000 -0.000000
v -0.162000 -0.007714 -0.278571
vn -1.000000 0.000000 -0.000000
v -0.162000 -0.012857 -0.239143
vn -1.000000 0.000000 -0.000000
v -0.162000 0.018000 -0.318000
vn -1.000000 0.000000 -0.000000
v -0.162000 0.012857 -0.318000
vn -1.000000 0.000000 -0.000003
v -0.162000 0.007714 -0.278571
vn -1.000000 0.000000 -0.000003
v -0.162000 0.012857 -0.278571
vn -1.000000 0.000000 -0.000003
v -0.162000 0.007714 -0.318000
vn -1.000000 0.000000 -0.000003
v -0.162000 0.002571 -0.278571
vn -1.000000 0.000000 -0.000003
v -0.162000 0.007714 -0.278571
vn -1.000000 0.000000 -0.000003
v -0.162000 0.002571 -0.318000
vn -1.000000 0.000000 -0.000003
v -0.162000 -0.002571 -0.278571
vn -1.000000 0.000000 -0.000003
v -0.162000 0.002571 -0.278571
vn -1.000000 0.000000 -0.000003
v -0.162000 -0.002571 -0.318000
vn -1.000000 0.000000 -0.000003
v -0.162000 -0.007714 -0.278571
vn -1.000000 0.000000 -0.000003
v -0.162000 -0.002571 -0.278571
vn -1.000000 0.000000 -0.000003
v -0.162000 -0.007714 -0.318000
vn -1.000000 0.000000 -0.000003
v -0.162000 -0.012857 -0.278571
vn -1.000000 0.000000 -0.000003
v -0.162000 -0.007714 -0.278571
vn -1.000000 0.000000 -0.000003
v -0.151354 0.018000 -0.081429
vn 0.000000 1.000000 -0.000001
v -0.162000 0.018000 -0.042000
vn 0.000000 1.000000 -0.000001
v -0.151354 0.018000 -0.042000
vn 0.000000 1.000000 -0.000001
v -0.151354 0.018000 -0.120857
vn 0.000000 1.000000 -0.000000
v -0.162000 0.018000 -0.081429
vn 0.000000 1.000000 -0.000000
v -0.151354 0.018000 -0.081429
vn 0.000000 1.000000 -0.000000
v -0.151354 0.018000 -0.160286
vn 0.000000 1.000000 -0.000000
v -0.162000 0.018000 -0.120857
vn 0.000000 1.000000 -0.000000
v -0.151354 0.018000 -0.199714
vn 0.000000 1.000000 -0.000000
v -0.162000 0.018000 -0.160286
vn 0.000000 1.000000 -0.000000
v -0.151354 0.018000 -0.239143
vn 0.000000 1.000000 -0.000000
v -0.162000 0.018000 -0.199714
vn 0.000000 1.000000 -0.000000
v -0.151354 0.018000 -0.239143
vn 0.000000 1.000000 -0.000001
v -0.162000 0.018000 -0.278571
vn 0.000000 1.000000 -0.000001
v -0.162000 0.018000 -0.239143
vn 0.000000 1.000000 -0.000001
v 0.162000 0.018000 -0.081428
vn 0.000000 1.000000 -0.000000
v 0.151354 0.018000 -0.042000
vn 0.000000 1.000000 -0.000000
v 0.162000 0.018000 -0.042000
vn 0.000000 1.000000 -0.000000
v 0.162000 0.018000 -0.120857
vn -0.000004 1.000000 -0.000001
v 0.151354 0.018000 -0.081428
vn -0.000004 1.000000 -0.000001
v 0.162000 0.018000 -0.081428
vn -0.000004 1.000000 -0.000001
v 0.162000 0.018000 -0.160286
vn 0.000000 1.000000 -0.000000
v 0.151354 0.018000 -0.120857
vn 0.000000 1.000000 -0.000000
v 0.162000 0.018000 -0.120857
vn 0.000000 1.000000 -0.000000
v 0.162000 0.018000 -0.199714
vn 0.000000 1.000000 -0.000000
v 0.151354 0.018000 -0.160286
vn 0.000000 1.000000 -0.000000
v 0.162000 0.018000 -0.239143
vn 0.000000 1.000000 -0.000000
v 0.151354 0.018000 -0.199714
vn 0.000000 1.000000 -0.000000
v 0.162000 0.018000 -0.278571
vn -0.000003 1.000000 -0.000001
v 0.151354 0.018000 -0.239143
vn -0.000003 1.000000 -0.000001
v 0.162000 0.018000 -0.239143
vn -0.000003 1.000000 -0.000001
v 0.115714 0.018000 -0.318000
vn -0.000000 1.000000 0.000001
v 0.069429 0.018000 -0.304375
vn -0.000000 1.000000 0.000001
v 0.151354 0.018000 -0.304375
vn -0.000000 1.000000 0.000001
v 0.069429 0.018000 -0.318000
vn 0.000000 1.000000 -0.000000
v 0.023143 0.018000 -0.304375
vn 0.000000 1.000000 -0.000000
v 0.069429 0.018000 -0.304375
vn 0.000000 1.000000 -0.000000
v 0.023143 0.018000 -0.318000
vn -0.000001 1.000000 -0.000000
v -0.023143 0.018000 -0.304375
vn -0.000001 1.000000 -0.000000
v 0.023143 0.018000 -0.304375
vn -0.000001 1.000000 -0.000000
v -0.023143 0.018000 -0.318000
vn -0.000001 1.000000 -0.000000
v -0.069429 0.018000 -0.304375
vn -0.000001 1.000000 -0.000000
v -0.069429 0.018000 -0.304375
vn -0.000000 1.000000 -0.000001
v -0.115714 0.018000 -0.318000
vn -0.000000 1.000000 -0.000001
v -0.151354 0.018000 -0.304375
vn -0.000000 1.000000 -0.000001
v 0.023143 -0.018000 -0.304375
vn -0.000001 -0.000001 1.000000
v 0.069429 -0.018000 -0.304375
vn -0.000001 -0.000001 1.000000
v 0.023143 0.018000 -0.304375
vn -0.000001 -0.000001 1.000000
v 0.151354 0.018000 -0.199714
vn -1.000000 0.000000 -0.000000
v 0.151354 -0.018000 -0.160286
vn -1.000000 0.000000 -0.000000
v 0.151354 0.018000 -0.160286
vn -1.000000 0.000000 -0.000000
v -0.151354 -0.018000 -0.239143
vn 1.000000 0.000000 -0.000000
v -0.151354 0.018000 -0.304375
vn 1.000000 0.000000 -0.000000
v -0.151354 0.018000 -0.239143
vn 1.000000 0.000000 -0.000000
v -0.115714 -0.018000 -0.318000
vn 0.000000 -1.000000 -0.000000
v -0.151354 -0.018000 -0.304375
vn 0.000000 -1.000000 -0.000000
v -0.162000 -0.018000 -0.318000
vn 0.000000 -1.000000 -0.000000
v -0.162000 -0.018000 -0.278571
vn 0.000000 -1.000000 -0.000000
v -0.162000 -0.018000 -0.318000
vn 0.000000 -1.000000 -0.000000
v -0.151354 -0.018000 -0.304375
vn 0.000000 -1.000000 -0.000000
v 0.115714 0.018000 -0.318000
vn 0.000000 1.000000 -0.000000
v 0.151354 0.018000 -0.304375
vn 0.000000 1.000000 -0.000000
v 0.162000 0.018000 -0.318000
vn 0.000000 1.000000 -0.000000
v 0.162000 0.018000 -0.278571
vn 0.000000 1.000000 -0.000000
v -0.151354 0.018000 -0.304375
vn -0.000001 1.000000 -0.000002
v -0.115714 0.018000 -0.318000
vn -0.000001 1.000000 -0.000002
v -0.162000 0.018000 -0.318000
vn -0.000001 1.000000 -0.000002
v -0.162000 -0.012857 -0.318000
vn -1.000000 0.000000 -0.000000
v -0.162000 -0.018000 -0.318000
vn -1.000000 0.000000 -0.000000
v -0.162000 -0.018000 -0.278571
vn -1.000000 0.000000 -0.000000
v 0.151354 -0.018000 -0.304375
vn 0.000001 -1.000000 0.000001
v 0.115714 -0.018000 -0.318000
vn 0.000001 -1.000000 0.000001
v 0.162000 -0.018000 -0.318000
vn 0.000001 -1.000000 0.000001
v 0.162000 0.018000 -0.318000
vn 1.000000 0.000000 -0.000000
v 0.162000 0.018000 -0.318000
vn 0.000000 0.000000 -1.000000
v 0.023143 -0.012857 -0.318000
vn 0.000003 0.000000 -1.000000
v 0.069429 -0.012857 -0.318000
vn 0.000003 0.000000 -1.000000
v 0.069429 -0.018000 -0.318000
vn 0.000003 0.000000 -1.000000
v 0.069429 -0.007714 -0.318000
vn 0.000003 0.000000 -1.000000
v -0.115714 -0.002571 -0.318000
vn 0.000000 -0.000003 -1.000000
v -0.069429 -0.002571 -0.318000
vn 0.000000 -0.000003 -1.000000
v -0.069428 -0.007714 -0.318000
vn 0.000000 -0.000003 -1.000000
v 0.023143 -0.002571 -0.318000
vn 0.000003 0.000000 -1.000000
v 0.069429 -0.002571 -0.318000
vn 0.000003 0.000000 -1.000000
v 0.069429 -0.007714 -0.318000
vn 0.000003 0.000000 -1.000000
v 0.023143 0.002571 -0.318000
vn 0.000003 0.000000 -1.000000
v 0.069429 0.002571 -0.318000
vn 0.000003 0.000000 -1.000000
v 0.069429 -0.002571 -0.318000
vn 0.000003 0.000000 -1.000000
v -0.023143 0.007714 -0.318000
vn 0.000000 0.000007 -1.000000
v 0.023143 0.007714 -0.318000
vn 0.000000 0.000007 -1.000000
v 0.023143 0.002571 -0.318000
vn 0.000000 0.000007 -1.000000
v 0.023143 0.007714 -0.318000
vn 0.000003 0.000000 -1.000000
v 0.069429 0.007714 -0.318000
vn 0.000003 0.000000 -1.000000
v 0.069429 0.002571 -0.318000
vn 0.000003 0.000000 -1.000000
v 0.023143 0.012857 -0.318000
vn 0.000000 -0.000023 -1.000000
v 0.069429 0.012857 -0.318000
vn 0.000000 -0.000023 -1.000000
v 0.069429 0.007714 -0.318000
vn 0.000000 -0.000023 -1.000000
v 0.069429 0.012857 -0.318000
vn 0.000003 0.000000 -1.000000
v 0.115714 0.012857 -0.318000
vn 0.000003 0.000000 -1.000000
v 0.115714 0.007714 -0.318000
vn 0.000003 0.000000 -1.000000
v 0.069429 0.018000 -0.318000
vn 0.000000 0.000000 -1.000000
v 0.069429 0.018000 -0.318000
vn 0.000003 0.000000 -1.000000
v 0.115714 0.018000 -0.318000
vn 0.000003 0.000000 -1.000000
v 0.115714 0.012857 -0.318000
vn 0.000003 0.000000 -1.000000
v -0.162000 0.018000 -0.042000
vn 0.000000 0.000000 1.000000
v -0.162000 0.012857 -0.042000
vn 0.000000 0.000000 1.000000
v -0.151354 0.018000 -0.042000
vn 0.000000 0.000000 1.000000
v -0.162000 0.002571 -0.042000
vn 0.000000 0.000000 1.000000
v -0.162000 -0.002571 -0.042000
vn 0.000000 0.000000 1.000000
v -0.162000 0.007714 -0.042000
vn 0.000000 0.000000 1.000000
v -0.162000 -0.018000 -0.042000
vn 0.000000 0.000000 1.000000
v 0.162000 0.018000 -0.042000
vn 0.000000 0.000000 1.000000
v 0.162000 0.012857 -0.042000
vn 0.000000 0.000000 1.000000
v 0.162000 -0.018000 -0.042000
vn 0.000000 0.000000 1.000000
v 0.162000 -0.012857 -0.042000
vn 0.000000 0.000000 1.000000
v 0.162000 -0.007714 -0.042000
vn 0.000000 0.000000 1.000000
v 0.162000 -0.002571 -0.042000
vn 0.000000 0.000000 1.000000
v 0.162000 0.007714 -0.042000
vn 0.000000 0.000000 1.000000
v 0.162000 0.012857 -0.120857
vn 1.000000 0.000000 -0.000000
v 0.162000 0.018000 -0.120857
vn 1.000000 0.000000 -0.000000
v 0.162000 0.018000 -0.081428
vn 1.000000 0.000000 -0.000000
v 0.162000 0.012857 -0.278571
vn 1.000000 0.000000 0.000000
v 0.162000 0.018000 -0.278571
vn 1.000000 0.000000 0.000000
v 0.162000 0.018000 -0.239143
vn 1.000000 0.000000 0.000000
v 0.162000 0.007714 -0.081428
vn 1.000000 0.000000 -0.000000
v 0.162000 0.012857 -0.081428
vn 1.000000 0.000000 -0.000000
v 0.162000 0.012857 -0.042000
vn 1.000000 0.000000 -0.000000
v 0.162000 -0.007714 -0.120857
vn 1.000000 0.000000 -0.000000
v 0.162000 -0.002571 -0.120857
vn 1.000000 0.000000 -0.000000
v 0.162000 -0.002571 -0.081428
vn 1.000000 0.000000 -0.000000
v 0.162000 -0.012857 -0.160286
vn 1.000000 0.000000 -0.000000
v 0.162000 -0.007714 -0.160286
vn 1.000000 0.000000 -0.000000
v 0.162000 -0.007714 -0.120857
vn 1.000000 0.000000 -0.000000
v 0.162000 -0.018000 -0.239143
vn 1.000000 0.000000 -0.000000
v 0.162000 -0.012857 -0.239143
vn 1.000000 0.000000 -0.000000
v 0.162000 -0.012857 -0.199714
vn 1.000000 0.000000 -0.000000
v 0.162000 -0.002571 -0.239143
vn 1.000000 0.000000 0.000000
v 0.162000 0.002571 -0.239143
vn 1.000000 0.000000 0.000000
v 0.162000 0.002571 -0.199714
vn 1.000000 0.000000 0.000000
v 0.162000 0.002571 -0.239143
vn 1.000000 0.000000 -0.000000
v 0.162000 0.007714 -0.239143
vn 1.000000 0.000000 -0.000000
v 0.162000 0.007714 -0.199714
vn 1.000000 0.000000 -0.000000
v 0.151354 -0.018000 -0.239143
vn 0.000000 -1.000000 -0.000000
v 0.151354 -0.018000 -0.304375
vn 0.000000 -1.000000 -0.000000
v 0.162000 -0.018000 -0.278571
vn 0.000000 -1.000000 -0.000000
v -0.162000 -0.018000 -0.081429
vn 0.000000 -1.000000 0.000001
v -0.151354 -0.018000 -0.081429
vn 0.000000 -1.000000 0.000001
v -0.151354 -0.018000 -0.042000
vn 0.000000 -1.000000 0.000001
v -0.115714 -0.018000 -0.318000
vn 0.000001 -1.000000 -0.000000
v -0.069428 -0.018000 -0.318000
vn 0.000001 -1.000000 -0.000000
v -0.069428 -0.018000 -0.304375
vn 0.000001 -1.000000 -0.000000
v -0.069428 -0.018000 -0.318000
vn 0.000001 -1.000000 -0.000000
v -0.023143 -0.018000 -0.318000
vn 0.000001 -1.000000 -0.000000
v 0.023143 -0.018000 -0.318000
vn 0.000001 -1.000000 -0.000000
v 0.023143 -0.018000 -0.304375
vn 0.000001 -1.000000 -0.000000
v 0.023143 -0.018000 -0.318000
vn 0.000000 -1.000000 -0.000000
v 0.069429 -0.018000 -0.318000
vn 0.000000 -1.000000 -0.000000
v 0.069429 -0.018000 -0.304375
vn 0.000000 -1.000000 -0.000000
v 0.069429 -0.018000 -0.304375
vn 0.000001 -1.000000 -0.000000
v 0.069429 -0.018000 -0.318000
vn 0.000001 -1.000000 -0.000000
v 0.115714 -0.018000 -0.318000
vn 0.000001 -1.000000 -0.000000
v -0.162000 -0.012857 -0.081429
vn -1.000000 -0.000026 -0.000003
v -0.162000 -0.018000 -0.081429
vn -1.000000 -0.000026 -0.000003
v -0.162000 -0.018000 -0.042000
vn -1.000000 -0.000026 -0.000003
v -0.162000 -0.012857 -0.120857
vn -1.000000 -0.000026 -0.000000
v -0.162000 -0.018000 -0.120857
vn -1.000000 -0.000026 -0.000000
v -0.162000 -0.018000 -0.081429
vn -1.000000 -0.000026 -0.000000
v -0.162000 -0.012857 -0.160286
vn -1.000000 0.000000 0.000003
v -0.162000 -0.018000 -0.160286
vn -1.000000 0.000000 0.000003
v -0.162000 -0.018000 -0.120857
vn -1.000000 0.000000 0.000003
v -0.162000 -0.012857 -0.199714
vn -1.000000 -0.000026 -0.000003
v -0.162000 -0.018000 -0.199714
vn -1.000000 -0.000026 -0.000003
v -0.162000 -0.018000 -0.160286
vn -1.000000 -0.000026 -0.000003
v -0.162000 -0.012857 -0.239143
vn -1.000000 -0.000026 -0.000000
v -0.162000 -0.018000 -0.239143
vn -1.000000 -0.000026 -0.000000
v -0.162000 -0.018000 -0.199714
vn -1.000000 -0.000026 -0.000000
v -0.162000 -0.018000 -0.278571
vn -1.000000 -0.000026 -0.000000
v -0.162000 0.018000 -0.081429
vn -1.000000 0.000000 -0.000000
v -0.162000 0.012857 -0.081429
vn -1.000000 0.000000 -0.000000
v -0.162000 0.012857 -0.042000
vn -1.000000 0.000000 -0.000000
v -0.162000 0.002571 -0.120857
vn -1.000000 0.000000 -0.000000
v -0.162000 -0.002571 -0.120857
vn -1.000000 0.000000 -0.000000
v -0.162000 -0.002571 -0.081429
vn -1.000000 0.000000 -0.000000
v -0.162000 -0.002571 -0.160286
vn -1.000000 0.000000 -0.000001
v -0.162000 -0.007714 -0.160286
vn -1.000000 0.000000 -0.000001
v -0.162000 -0.007714 -0.120857
vn -1.000000 0.000000 -0.000001
v -0.162000 0.012857 -0.239143
vn -1.000000 0.000000 -0.000000
v -0.162000 0.007714 -0.239143
vn -1.000000 0.000000 -0.000000
v -0.162000 0.007714 -0.199714
vn -1.000000 0.000000 -0.000000
v -0.162000 0.007714 -0.239143
vn -1.000000 0.000000 -0.000000
v -0.162000 0.002571 -0.239143
vn -1.000000 0.000000 -0.000000
v -0.162000 0.002571 -0.199714
vn -1.000000 0.000000 -0.000000
v -0.162000 -0.007714 -0.239143
vn -1.000000 0.000000 0.000000
v -0.162000 -0.012857 -0.239143
vn -1.000000 0.000000 0.000000
v -0.162000 -0.012857 -0.199714
vn -1.000000 0.000000 0.000000
v -0.162000 -0.012857 -0.278571
vn -1.000000 0.000000 -0.000000
v -0.162000 0.018000 -0.318000
vn -1.000000 -0.000026 -0.000003
v -0.162000 0.012857 -0.318000
vn -1.000000 -0.000026 -0.000003
v -0.162000 0.012857 -0.278571
vn -1.000000 -0.000026 -0.000003
v -0.162000 0.007714 -0.318000
vn -1.000000 0.000000 -0.000003
v -0.162000 0.007714 -0.318000
vn -1.000000 0.000000 -0.000004
v -0.162000 0.002571 -0.318000
vn -1.000000 0.000000 -0.000004
v -0.162000 0.002571 -0.278571
vn -1.000000 0.000000 -0.000004
v -0.162000 0.002571 -0.318000
vn -1.000000 0.000000 -0.000004
v -0.162000 -0.002571 -0.318000
vn -1.000000 0.000000 -0.000004
v -0.162000 -0.002571 -0.278571
vn -1.000000 0.000000 -0.000004
v -0.162000 -0.002571 -0.318000
vn -1.000000 0.000000 -0.000003
v -0.162000 -0.007714 -0.318000
vn -1.000000 0.000000 -0.000003
v -0.162000 -0.007714 -0.278571
vn -1.000000 0.000000 -0.000003
v -0.162000 -0.007714 -0.318000
vn -1.000000 0.000000 -0.000004
v -0.162000 -0.012857 -0.318000
vn -1.000000 0.000000 -0.000004
v -0.162000 -0.012857 -0.278571
vn -1.000000 0.000000 -0.000004
v -0.151354 0.018000 -0.081429
vn 0.000000 1.000000 -0.000001
v -0.162000 0.018000 -0.081429
vn 0.000000 1.000000 -0.000001
v -0.162000 0.018000 -0.042000
vn 0.000000 1.000000 -0.000001
v -0.162000 0.018000 -0.239143
vn 0.000000 1.000000 -0.000000
v -0.151354 0.018000 -0.239143
vn -0.000003 1.000000 -0.000000
v -0.151354 0.018000 -0.304375
vn -0.000003 1.000000 -0.000000
v -0.162000 0.018000 -0.278571
vn -0.000003 1.000000 -0.000000
v 0.162000 0.018000 -0.081428
vn -0.000004 1.000000 -0.000001
v 0.151354 0.018000 -0.081428
vn -0.000004 1.000000 -0.000001
v 0.151354 0.018000 -0.042000
vn -0.000004 1.000000 -0.000001
v 0.151354 0.018000 -0.081428
vn 0.000000 1.000000 -0.000000
v 0.162000 0.018000 -0.239143
vn -0.000003 1.000000 -0.000001
v 0.151354 0.018000 -0.239143
vn -0.000003 1.000000 -0.000001
v 0.151354 0.018000 -0.199714
vn -0.000003 1.000000 -0.000001
v 0.151354 0.018000 -0.239143
vn 0.000000 1.000000 -0.000000
v 0.115714 0.018000 -0.318000
vn -0.000001 1.000000 -0.000000
v 0.069429 0.018000 -0.318000
vn -0.000001 1.000000 -0.000000
v 0.069429 0.018000 -0.304375
vn -0.000001 1.000000 -0.000000
v 0.023143 0.018000 -0.318000
vn 0.000000 1.000000 -0.000000
v -0.023143 0.018000 -0.318000
vn -0.000001 1.000000 -0.000000
v -0.069429 0.018000 -0.318000
vn -0.000001 1.000000 -0.000000
v -0.069429 0.018000 -0.304375
vn -0.000001 1.000000 -0.000000
v -0.069429 0.018000 -0.318000
vn -0.000001 1.000000 -0.000000
v -0.115714 0.018000 -0.318000
vn -0.000001 1.000000 -0.000000
v -0.151354 0.018000 -0.304375
vn 0.000000 0.000000 1.000000
v -0.151354 -0.018000 -0.304375
vn 0.000000 0.000000 1.000000
v -0.069428 -0.018000 -0.304375
vn 0.000000 0.000000 1.000000
v -0.023143 -0.018000 -0.304375
vn 0.000000 -0.000000 1.000000
v 0.023143 -0.018000 -0.304375
vn 0.000000 -0.000000 1.000000
v 0.023143 0.018000 -0.304375
vn 0.000000 -0.000000 1.000000
v -0.151354 0.018000 -0.304375
vn 0.000000 -0.000000 1.000000
v -0.069428 -0.018000 -0.304375
vn 0.000000 -0.000000 1.000000
v -0.069429 0.018000 -0.304375
vn 0.000000 -0.000000 1.000000
v -0.023143 0.018000 -0.304375
vn 0.000000 0.000000 1.000000
v -0.069429 0.018000 -0.304375
vn 0.000000 0.000000 1.000000
v -0.023143 -0.018000 -0.304375
vn 0.000000 0.000000 1.000000
v 0.151354 0.018000 -0.304375
vn -0.000001 0.000000 1.000000
v 0.069429 0.018000 -0.304375
vn -0.000001 0.000000 1.000000
v 0.151354 -0.018000 -0.304375
vn -0.000001 0.000000 1.000000
v -0.069429 0.018000 -0.304375
vn 0.000000 0.000001 1.000000
v -0.069428 -0.018000 -0.304375
vn 0.000000 0.000001 1.000000
v -0.023143 -0.018000 -0.304375
vn 0.000000 0.000001 1.000000
v 0.151354 -0.018000 -0.304375
vn 0.000000 0.000001 1.000000
v 0.069429 0.018000 -0.304375
vn 0.000000 0.000001 1.000000
v 0.069429 -0.018000 -0.304375
vn 0.000000 0.000001 1.000000
v 0.023143 0.018000 -0.304375
vn 0.000000 0.000000 1.000000
v 0.069429 -0.018000 -0.304375
vn 0.000000 0.000001 1.000000
v 0.069429 0.018000 -0.304375
vn 0.000000 0.000001 1.000000
v 0.023143 0.018000 -0.304375
vn 0.000000 0.000001 1.000000
v 0.151354 -0.018000 -0.081428
vn -1.000000 0.000000 -0.000000
v 0.151354 -0.018000 -0.042000
vn -1.000000 0.000000 -0.000000
v 0.151354 0.018000 -0.042000
vn -1.000000 0.000000 -0.000000
v 0.151354 0.018000 -0.081428
vn -1.000000 0.000000 -0.000000
v 0.151354 0.018000 -0.120857
vn -1.000000 0.000000 -0.000000
v 0.151354 -0.018000 -0.120857
vn -1.000000 0.000000 -0.000000
v 0.151354 -0.018000 -0.081428
vn -1.000000 0.000000 -0.000000
v 0.151354 0.018000 -0.042000
vn -1.000000 0.000000 -0.000000
v 0.151354 0.018000 -0.081428
vn -1.000000 0.000000 -0.000000
v 0.151354 -0.018000 -0.199714
vn -1.000000 0.000000 -0.000000
v 0.151354 0.018000 -0.239143
vn -1.000000 0.000000 -0.000000
v 0.151354 0.018000 -0.304375
vn -1.000000 0.000000 -0.000000
v 0.151354 -0.018000 -0.304375
vn -1.000000 0.000000 -0.000000
v 0.151354 0.018000 -0.199714
vn -1.000000 0.000000 -0.000001
v 0.151354 0.018000 -0.239143
vn -1.000000 0.000000 -0.000001
v 0.151354 -0.018000 -0.239143
vn -1.000000 0.000000 -0.000001
v 0.151354 -0.018000 -0.239143
vn -1.000000 0.000000 -0.000000
v -0.151354 0.018000 -0.042000
vn 1.000000 0.000000 -0.000000
v -0.151354 -0.018000 -0.042000
vn 1.000000 0.000000 -0.000000
v -0.151354 -0.018000 -0.081429
vn 1.000000 0.000000 -0.000000
v -0.151354 -0.018000 -0.120857
vn 1.000000 0.000000 -0.000000
v -0.151354 0.018000 -0.120857
vn 1.000000 0.000000 -0.000000
v -0.151354 0.018000 -0.081429
vn 1.000000 0.000000 -0.000000
v -0.151354 0.018000 -0.042000
vn 1.000000 0.000000 -0.000001
v -0.151354 -0.018000 -0.081429
vn 1.000000 0.000000 -0.000001
v -0.151354 0.018000 -0.081429
vn 1.000000 0.000000 -0.000001
v -0.151354 0.018000 -0.160286
vn 1.000000 0.000000 -0.000000
v -0.151354 -0.018000 -0.160286
vn 1.000000 0.000000 -0.000000
v -0.151354 -0.018000 -0.199714
vn 1.000000 0.000000 -0.000000
v -0.151354 -0.018000 -0.081429
vn 1.000000 0.000000 -0.000000
v -0.151354 0.018000 -0.199714
vn 1.000000 0.000000 -0.000000
v -0.151354 -0.018000 -0.304375
vn 1.000000 0.000000 -0.000000
v 0.147118 0.029263 -0.055744
vn 0.952718 0.289003 -0.093835
v 0.135919 0.057402 -0.082780
vn 0.952718 0.289003 -0.093835
v 0.138582 0.057402 -0.055744
vn 0.952718 0.289003 -0.093835
v 0.083336 -0.124720 -0.055744
vn 0.470890 -0.880972 -0.046377
v 0.056300 -0.138582 -0.066943
vn 0.470890 -0.880972 -0.046377
v 0.081734 -0.124720 -0.072002
vn 0.470890 -0.880972 -0.046377
v 0.138582 0.057402 -0.055744
vn 0.878613 0.469628 -0.086538
v 0.122324 0.083335 -0.080076
vn 0.878613 0.469628 -0.086538
v 0.124720 0.083335 -0.055744
vn 0.878613 0.469628 -0.086538
v 0.106066 -0.106066 -0.055744
vn 0.633159 -0.771506 -0.062360
v 0.081734 -0.124720 -0.072002
vn 0.633159 -0.771506 -0.062360
v 0.104028 -0.106066 -0.076436
vn 0.633159 -0.771506 -0.062360
v 0.124720 0.083335 -0.055744
vn 0.770781 0.632561 -0.075914
v 0.104028 0.106066 -0.076436
vn 0.770781 0.632561 -0.075914
v 0.106066 0.106066 -0.055744
vn 0.770781 0.632561 -0.075914
v 0.124720 -0.083335 -0.055744
vn 0.770781 -0.632560 -0.075917
v 0.104028 -0.106066 -0.076436
vn 0.770781 -0.632560 -0.075917
v 0.122324 -0.083335 -0.080076
vn 0.770781 -0.632560 -0.075917
v 0.106066 0.106066 -0.055744
vn 0.633158 0.771507 -0.062361
v 0.081734 0.124720 -0.072002
vn 0.633158 0.771507 -0.062361
v 0.083336 0.124720 -0.055744
vn 0.633158 0.771507 -0.062361
v 0.138582 -0.057402 -0.055744
vn 0.878612 -0.469630 -0.086536
v 0.122324 -0.083335 -0.080076
vn 0.878612 -0.469630 -0.086536
v 0.135919 -0.057402 -0.082780
vn 0.878612 -0.469630 -0.086536
v 0.083336 0.124720 -0.055744
vn 0.470891 0.880971 -0.046380
v 0.056300 0.138582 -0.066943
vn 0.470891 0.880971 -0.046380
v 0.057403 0.138582 -0.055744
vn 0.470891 0.880971 -0.046380
v 0.147118 -0.029263 -0.055744
vn 0.952718 -0.289003 -0.093835
v 0.135919 -0.057402 -0.082780
vn 0.952718 -0.289003 -0.093835
v 0.144291 -0.029263 -0.084445
vn 0.952718 -0.289003 -0.093835
v 0.057403 0.138582 -0.055744
vn 0.290163 0.956550 -0.028581
v 0.028701 0.147118 -0.061453
vn 0.290163 0.956550 -0.028581
v 0.029264 0.147118 -0.055744
vn 0.290163 0.956550 -0.028581
v 0.150000 0.000000 -0.055744
vn 0.990438 -0.097552 -0.097547
v 0.144291 -0.029263 -0.084445
vn 0.990438 -0.097552 -0.097547
v 0.147118 0.000000 -0.085007
vn 0.990438 -0.097552 -0.097547
v 0.029264 -0.147118 -0.055744
vn 0.098013 -0.995138 -0.009653
v 0.000000 -0.150000 -0.055744
vn 0.098013 -0.995138 -0.009653
v 0.028701 -0.147118 -0.061453
vn 0.098013 -0.995138 -0.009653
v 0.000000 0.150000 -0.055744
vn 0.098015 0.995138 -0.009655
v 0.029264 0.147118 -0.055744
vn 0.098015 0.995138 -0.009655
v 0.028701 0.147118 -0.061453
vn 0.098015 0.995138 -0.009655
v 0.150000 0.000000 -0.055744
vn 0.990438 0.097549 -0.097551
v 0.144291 0.029263 -0.084445
vn 0.990438 0.097549 -0.097551
v 0.147118 0.029263 -0.055744
vn 0.990438 0.097549 -0.097551
v 0.057403 -0.138582 -0.055744
vn 0.290166 -0.956550 -0.028578
v 0.028701 -0.147118 -0.061453
vn 0.290166 -0.956550 -0.028578
v 0.056300 -0.138582 -0.066943
vn 0.290166 -0.956550 -0.028578
v 0.081734 0.124720 -0.072002
vn 0.452795 0.880971 -0.137355
v 0.053033 0.138582 -0.077711
vn 0.452795 0.880971 -0.137355
v 0.056300 0.138582 -0.066943
vn 0.452795 0.880971 -0.137355
v 0.144291 -0.029263 -0.084445
vn 0.916107 -0.289004 -0.277895
v 0.128033 -0.057402 -0.108777
vn 0.916107 -0.289004 -0.277895
v 0.135919 -0.029263 -0.112044
vn 0.916107 -0.289004 -0.277895
v 0.056300 0.138582 -0.066943
vn 0.279012 0.956550 -0.084636
v 0.027036 0.147118 -0.066943
vn 0.279012 0.956550 -0.084636
v 0.028701 0.147118 -0.061453
vn 0.279012 0.956550 -0.084636
v 0.147118 0.000000 -0.085007
vn 0.952376 -0.097550 -0.288900
v 0.135919 -0.029263 -0.112044
vn 0.952376 -0.097550 -0.288900
v 0.138582 0.000000 -0.113147
vn 0.952376 -0.097550 -0.288900
v 0.028701 -0.147118 -0.061453
vn 0.094247 -0.995138 -0.028590
v 0.000000 -0.150000 -0.055744
vn 0.094247 -0.995138 -0.028590
v 0.027036 -0.147118 -0.066943
vn 0.094247 -0.995138 -0.028590
v 0.000000 0.150000 -0.055744
vn 0.094249 0.995138 -0.028589
v 0.028701 0.147118 -0.061453
vn 0.094249 0.995138 -0.028589
v 0.027036 0.147118 -0.066943
vn 0.094249 0.995138 -0.028589
v 0.147118 0.000000 -0.085007
vn 0.952377 0.097552 -0.288897
v 0.135919 0.029263 -0.112044
vn 0.952377 0.097552 -0.288897
v 0.144291 0.029263 -0.084445
vn 0.952377 0.097552 -0.288897
v 0.056300 -0.138582 -0.066943
vn 0.279015 -0.956550 -0.084639
v 0.027036 -0.147118 -0.066943
vn 0.279015 -0.956550 -0.084639
v 0.053033 -0.138582 -0.077711
vn 0.279015 -0.956550 -0.084639
v 0.144291 0.029263 -0.084445
vn 0.916106 0.289002 -0.277898
v 0.128033 0.057402 -0.108777
vn 0.916106 0.289002 -0.277898
v 0.135919 0.057402 -0.082780
vn 0.916106 0.289002 -0.277898
v 0.081734 -0.124720 -0.072002
vn 0.452793 -0.880973 -0.137353
v 0.053033 -0.138582 -0.077711
vn 0.452793 -0.880973 -0.137353
v 0.076992 -0.124720 -0.087635
vn 0.452793 -0.880973 -0.137353
v 0.135919 0.057402 -0.082780
vn 0.844847 0.469630 -0.256282
v 0.115227 0.083335 -0.103472
vn 0.844847 0.469630 -0.256282
v 0.122324 0.083335 -0.080076
vn 0.844847 0.469630 -0.256282
v 0.104028 -0.106066 -0.076436
vn 0.608827 -0.771507 -0.184682
v 0.076992 -0.124720 -0.087635
vn 0.608827 -0.771507 -0.184682
v 0.097992 -0.106066 -0.096334
vn 0.608827 -0.771507 -0.184682
v 0.122324 0.083335 -0.080076
vn 0.741161 0.632561 -0.224828
v 0.097992 0.106066 -0.096334
vn 0.741161 0.632561 -0.224828
v 0.104028 0.106066 -0.076436
vn 0.741161 0.632561 -0.224828
v 0.122324 -0.083335 -0.080076
vn 0.741162 -0.632559 -0.224830
v 0.097992 -0.106066 -0.096334
vn 0.741162 -0.632559 -0.224830
v 0.115227 -0.083335 -0.103472
vn 0.741162 -0.632559 -0.224830
v 0.104028 0.106066 -0.076436
vn 0.608825 0.771507 -0.184687
v 0.076992 0.124720 -0.087635
vn 0.608825 0.771507 -0.184687
v 0.081734 0.124720 -0.072002
vn 0.608825 0.771507 -0.184687
v 0.135919 -0.057402 -0.082780
vn 0.844847 -0.469632 -0.256281
v 0.115227 -0.083335 -0.103472
vn 0.844847 -0.469632 -0.256281
v 0.128033 -0.057402 -0.108777
vn 0.844847 -0.469632 -0.256281
v 0.128033 0.057402 -0.108777
vn 0.778617 0.469630 -0.416177
v 0.103701 0.083335 -0.125035
vn 0.778617 0.469630 -0.416177
v 0.115227 0.083335 -0.103472
vn 0.778617 0.469630 -0.416177
v 0.097992 -0.106066 -0.096334
vn 0.561097 -0.771505 -0.299916
v 0.069291 -0.124720 -0.102043
vn 0.561097 -0.771505 -0.299916
v 0.088191 -0.106066 -0.114671
vn 0.561097 -0.771505 -0.299916
v 0.115227 0.083335 -0.103472
vn 0.683058 0.632560 -0.365104
v 0.088191 0.106066 -0.114671
vn 0.683058 0.632560 -0.365104
v 0.097992 0.106066 -0.096334
vn 0.683058 0.632560 -0.365104
v 0.115227 -0.083335 -0.103472
vn 0.683058 -0.632562 -0.365099
v 0.088191 -0.106066 -0.114671
vn 0.683058 -0.632562 -0.365099
v 0.103701 -0.083335 -0.125035
vn 0.683058 -0.632562 -0.365099
v 0.097992 0.106066 -0.096334
vn 0.561097 0.771508 -0.299909
v 0.069291 0.124720 -0.102043
vn 0.561097 0.771508 -0.299909
v 0.076992 0.124720 -0.087635
vn 0.561097 0.771508 -0.299909
v 0.128033 -0.057402 -0.108777
vn 0.778616 -0.469629 -0.416180
v 0.103701 -0.083335 -0.125035
vn 0.778616 -0.469629 -0.416180
v 0.115227 -0.057402 -0.132736
vn 0.778616 -0.469629 -0.416180
v 0.076992 0.124720 -0.087635
vn 0.417299 0.880971 -0.223049
v 0.047728 0.138582 -0.087635
vn 0.417299 0.880971 -0.223049
v 0.053033 0.138582 -0.077711
vn 0.417299 0.880971 -0.223049
v 0.135919 -0.029263 -0.112044
vn 0.844287 -0.289003 -0.451283
v 0.115227 -0.057402 -0.132736
vn 0.844287 -0.289003 -0.451283
v 0.122324 -0.029263 -0.137478
vn 0.844287 -0.289003 -0.451283
v 0.053033 0.138582 -0.077711
vn 0.257141 0.956550 -0.137441
v 0.024332 0.147118 -0.072002
vn 0.257141 0.956550 -0.137441
v 0.027036 0.147118 -0.066943
vn 0.257141 0.956550 -0.137441
v 0.138582 0.000000 -0.113147
vn 0.877715 -0.097553 -0.469148
v 0.122324 -0.029263 -0.137478
vn 0.877715 -0.097553 -0.469148
v 0.124720 0.000000 -0.139080
vn 0.877715 -0.097553 -0.469148
v 0.027036 -0.147118 -0.066943
vn 0.086859 -0.995138 -0.046425
v 0.000000 -0.150000 -0.055744
vn 0.086859 -0.995138 -0.046425
v 0.024332 -0.147118 -0.072002
vn 0.086859 -0.995138 -0.046425
v 0.000000 0.150000 -0.055744
vn 0.086859 0.995138 -0.046427
v 0.027036 0.147118 -0.066943
vn 0.086859 0.995138 -0.046427
v 0.024332 0.147118 -0.072002
vn 0.086859 0.995138 -0.046427
v 0.138582 0.000000 -0.113147
vn 0.877714 0.097551 -0.469150
v 0.122324 0.029263 -0.137478
vn 0.877714 0.097551 -0.469150
v 0.135919 0.029263 -0.112044
vn 0.877714 0.097551 -0.469150
v 0.053033 -0.138582 -0.077711
vn 0.257144 -0.956549 -0.137444
v 0.024332 -0.147118 -0.072002
vn 0.257144 -0.956549 -0.137444
v 0.047729 -0.138582 -0.087635
vn 0.257144 -0.956549 -0.137444
v 0.135919 0.029263 -0.112044
vn 0.844287 0.289004 -0.451282
v 0.115227 0.057402 -0.132736
vn 0.844287 0.289004 -0.451282
v 0.128033 0.057402 -0.108777
vn 0.844287 0.289004 -0.451282
v 0.076992 -0.124720 -0.087635
vn 0.417298 -0.880972 -0.223050
v 0.047729 -0.138582 -0.087635
vn 0.417298 -0.880972 -0.223050
v 0.069291 -0.124720 -0.102043
vn 0.417298 -0.880972 -0.223050
v 0.047728 0.138582 -0.087635
vn 0.225382 0.956551 -0.184970
v 0.020693 0.147118 -0.076436
vn 0.225382 0.956551 -0.184970
v 0.024332 0.147118 -0.072002
vn 0.225382 0.956551 -0.184970
v 0.124720 0.000000 -0.139080
vn 0.769325 -0.097552 -0.631366
v 0.104028 -0.029263 -0.159772
vn 0.769325 -0.097552 -0.631366
v 0.106066 0.000000 -0.161810
vn 0.769325 -0.097552 -0.631366
v 0.024332 -0.147118 -0.072002
vn 0.076132 -0.995138 -0.062480
v 0.000000 -0.150000 -0.055744
vn 0.076132 -0.995138 -0.062480
v 0.020693 -0.147118 -0.076436
vn 0.076132 -0.995138 -0.062480
v 0.000000 0.150000 -0.055744
vn 0.076132 0.995138 -0.062482
v 0.024332 0.147118 -0.072002
vn 0.076132 0.995138 -0.062482
v 0.020693 0.147118 -0.076436
vn 0.076132 0.995138 -0.062482
v 0.124720 0.000000 -0.139080
vn 0.769325 0.097553 -0.631365
v 0.104028 0.029263 -0.159772
vn 0.769325 0.097553 -0.631365
v 0.122324 0.029263 -0.137478
vn 0.769325 0.097553 -0.631365
v 0.047729 -0.138582 -0.087635
vn 0.225386 -0.956550 -0.184969
v 0.020693 -0.147118 -0.076436
vn 0.225386 -0.956550 -0.184969
v 0.040590 -0.138582 -0.096334
vn 0.225386 -0.956550 -0.184969
v 0.122324 0.029263 -0.137478
vn 0.740027 0.289004 -0.607320
v 0.097992 0.057402 -0.153736
vn 0.740027 0.289004 -0.607320
v 0.115227 0.057402 -0.132736
vn 0.740027 0.289004 -0.607320
v 0.069291 -0.124720 -0.102043
vn 0.365764 -0.880971 -0.300177
v 0.040590 -0.138582 -0.096334
vn 0.365764 -0.880971 -0.300177
v 0.058927 -0.124720 -0.114671
vn 0.365764 -0.880971 -0.300177
v 0.115227 0.057402 -0.132736
vn 0.682462 0.469628 -0.560085
v 0.088191 0.083335 -0.143935
vn 0.682462 0.469628 -0.560085
v 0.103701 0.083335 -0.125035
vn 0.682462 0.469628 -0.560085
v 0.088191 -0.106066 -0.114671
vn 0.491807 -0.771507 -0.403613
v 0.058927 -0.124720 -0.114671
vn 0.491807 -0.771507 -0.403613
v 0.075000 -0.106066 -0.130744
vn 0.491807 -0.771507 -0.403613
v 0.103701 0.083335 -0.125035
vn 0.598704 0.632562 -0.491344
v 0.075000 0.106066 -0.130744
vn 0.598704 0.632562 -0.491344
v 0.088191 0.106066 -0.114671
vn 0.598704 0.632562 -0.491344
v 0.103701 -0.083335 -0.125035
vn 0.598704 -0.632561 -0.491346
v 0.075000 -0.106066 -0.130744
vn 0.598704 -0.632561 -0.491346
v 0.088191 -0.083335 -0.143935
vn 0.598704 -0.632561 -0.491346
v 0.088191 0.106066 -0.114671
vn 0.491805 0.771506 -0.403617
v 0.058927 0.124720 -0.114671
vn 0.491805 0.771506 -0.403617
v 0.069291 0.124720 -0.102043
vn 0.491805 0.771506 -0.403617
v 0.115227 -0.057402 -0.132736
vn 0.682464 -0.469632 -0.560079
v 0.088191 -0.083335 -0.143935
vn 0.682464 -0.469632 -0.560079
v 0.097992 -0.057402 -0.153736
vn 0.682464 -0.469632 -0.560079
v 0.069291 0.124720 -0.102043
vn 0.365764 0.880972 -0.300176
v 0.040590 0.138582 -0.096334
vn 0.365764 0.880972 -0.300176
v 0.047728 0.138582 -0.087635
vn 0.365764 0.880972 -0.300176
v 0.122324 -0.029263 -0.137478
vn 0.740026 -0.289003 -0.607321
v 0.097992 -0.057402 -0.153736
vn 0.740026 -0.289003 -0.607321
v 0.104028 -0.029263 -0.159772
vn 0.740026 -0.289003 -0.607321
v 0.075000 -0.106066 -0.130744
vn 0.403616 -0.771506 -0.491806
v 0.046299 -0.124720 -0.125035
vn 0.403616 -0.771506 -0.491806
v 0.058927 -0.106066 -0.143935
vn 0.403616 -0.771506 -0.491806
v 0.088191 0.083335 -0.143935
vn 0.491344 0.632562 -0.598704
v 0.058927 0.106066 -0.143935
vn 0.491344 0.632562 -0.598704
v 0.075000 0.106066 -0.130744
vn 0.491344 0.632562 -0.598704
v 0.088191 -0.083335 -0.143935
vn 0.491345 -0.632560 -0.598704
v 0.058927 -0.106066 -0.143935
vn 0.491345 -0.632560 -0.598704
v 0.069291 -0.083335 -0.159445
vn 0.491345 -0.632560 -0.598704
v 0.075000 0.106066 -0.130744
vn 0.403615 0.771508 -0.491803
v 0.046299 0.124720 -0.125035
vn 0.403615 0.771508 -0.491803
v 0.058927 0.124720 -0.114671
vn 0.403615 0.771508 -0.491803
v 0.097992 -0.057402 -0.153736
vn 0.560081 -0.469629 -0.682465
v 0.069291 -0.083335 -0.159445
vn 0.560081 -0.469629 -0.682465
v 0.076992 -0.057402 -0.170971
vn 0.560081 -0.469629 -0.682465
v 0.058927 0.124720 -0.114671
vn 0.300175 0.880971 -0.365767
v 0.031891 0.138582 -0.103472
vn 0.300175 0.880971 -0.365767
v 0.040590 0.138582 -0.096334
vn 0.300175 0.880971 -0.365767
v 0.104028 -0.029263 -0.159772
vn 0.607320 -0.289002 -0.740027
v 0.076992 -0.057402 -0.170971
vn 0.607320 -0.289002 -0.740027
v 0.081734 -0.029263 -0.178068
vn 0.607320 -0.289002 -0.740027
v 0.040590 0.138582 -0.096334
vn 0.184969 0.956551 -0.225382
v 0.016258 0.147118 -0.080076
vn 0.184969 0.956551 -0.225382
v 0.020693 0.147118 -0.076436
vn 0.184969 0.956551 -0.225382
v 0.106066 0.000000 -0.161810
vn 0.631364 -0.097551 -0.769326
v 0.081734 -0.029263 -0.178068
vn 0.631364 -0.097551 -0.769326
v 0.083336 0.000000 -0.180464
vn 0.631364 -0.097551 -0.769326
v 0.020693 -0.147118 -0.076436
vn 0.062480 -0.995138 -0.076131
v 0.000000 -0.150000 -0.055744
vn 0.062480 -0.995138 -0.076131
v 0.016258 -0.147118 -0.080076
vn 0.062480 -0.995138 -0.076131
v 0.000000 0.150000 -0.055744
vn 0.062484 0.995138 -0.076132
v 0.020693 0.147118 -0.076436
vn 0.062484 0.995138 -0.076132
v 0.016258 0.147118 -0.080076
vn 0.062484 0.995138 -0.076132
v 0.106066 0.000000 -0.161810
vn 0.631365 0.097553 -0.769326
v 0.081734 0.029263 -0.178068
vn 0.631365 0.097553 -0.769326
v 0.104028 0.029263 -0.159772
vn 0.631365 0.097553 -0.769326
v 0.040590 -0.138582 -0.096334
vn 0.184970 -0.956549 -0.225388
v 0.016258 -0.147118 -0.080076
vn 0.184970 -0.956549 -0.225388
v 0.031891 -0.138582 -0.103472
vn 0.184970 -0.956549 -0.225388
v 0.104028 0.029263 -0.159772
vn 0.607320 0.289002 -0.740027
v 0.076992 0.057402 -0.170971
vn 0.607320 0.289002 -0.740027
v 0.097992 0.057402 -0.153736
vn 0.607320 0.289002 -0.740027
v 0.058927 -0.124720 -0.114671
vn 0.300176 -0.880972 -0.365763
v 0.031891 -0.138582 -0.103472
vn 0.300176 -0.880972 -0.365763
v 0.046299 -0.124720 -0.125035
vn 0.300176 -0.880972 -0.365763
v 0.097992 0.057402 -0.153736
vn 0.560083 0.469632 -0.682461
v 0.069291 0.083335 -0.159445
vn 0.560083 0.469632 -0.682461
v 0.088191 0.083335 -0.143935
vn 0.560083 0.469632 -0.682461
v 0.083336 0.000000 -0.180464
vn 0.469152 -0.097553 -0.877713
v 0.056300 -0.029263 -0.191663
vn 0.469152 -0.097553 -0.877713
v 0.057403 0.000000 -0.194326
vn 0.469152 -0.097553 -0.877713
v 0.016258 -0.147118 -0.080076
vn 0.046427 -0.995138 -0.086858
v 0.000000 -0.150000 -0.055744
vn 0.046427 -0.995138 -0.086858
v 0.011199 -0.147118 -0.082780
vn 0.046427 -0.995138 -0.086858
v 0.000000 0.150000 -0.055744
vn 0.046428 0.995138 -0.086860
v 0.016258 0.147118 -0.080076
vn 0.046428 0.995138 -0.086860
v 0.011199 0.147118 -0.082780
vn 0.046428 0.995138 -0.086860
v 0.083336 0.000000 -0.180464
vn 0.469151 0.097552 -0.877714
v 0.056300 0.029263 -0.191663
vn 0.469151 0.097552 -0.877714
v 0.081734 0.029263 -0.178068
vn 0.469151 0.097552 -0.877714
v 0.031891 -0.138582 -0.103472
vn 0.137446 -0.956550 -0.257140
v 0.011199 -0.147118 -0.082780
vn 0.137446 -0.956550 -0.257140
v 0.021967 -0.138582 -0.108777
vn 0.137446 -0.956550 -0.257140
v 0.081734 0.029263 -0.178068
vn 0.451284 0.289002 -0.844287
v 0.053033 0.057402 -0.183777
vn 0.451284 0.289002 -0.844287
v 0.076992 0.057402 -0.170971
vn 0.451284 0.289002 -0.844287
v 0.046299 -0.124720 -0.125035
vn 0.223051 -0.880972 -0.417297
v 0.021967 -0.138582 -0.108777
vn 0.223051 -0.880972 -0.417297
v 0.031891 -0.124720 -0.132736
vn 0.223051 -0.880972 -0.417297
v 0.076992 0.057402 -0.170971
vn 0.416181 0.469628 -0.778616
v 0.047728 0.083335 -0.170971
vn 0.416181 0.469628 -0.778616
v 0.069291 0.083335 -0.159445
vn 0.416181 0.469628 -0.778616
v 0.058927 -0.106066 -0.143935
vn 0.299913 -0.771506 -0.561098
v 0.031891 -0.124720 -0.132736
vn 0.299913 -0.771506 -0.561098
v 0.040590 -0.106066 -0.153736
vn 0.299913 -0.771506 -0.561098
v 0.069291 0.083335 -0.159445
vn 0.365104 0.632562 -0.683055
v 0.040590 0.106066 -0.153736
vn 0.365104 0.632562 -0.683055
v 0.058927 0.106066 -0.143935
vn 0.365104 0.632562 -0.683055
v 0.069291 -0.083335 -0.159445
vn 0.365102 -0.632562 -0.683056
v 0.040590 -0.106066 -0.153736
vn 0.365102 -0.632562 -0.683056
v 0.047729 -0.083335 -0.170971
vn 0.365102 -0.632562 -0.683056
v 0.058927 0.106066 -0.143935
vn 0.299913 0.771507 -0.561097
v 0.031891 0.124720 -0.132736
vn 0.299913 0.771507 -0.561097
v 0.046299 0.124720 -0.125035
vn 0.299913 0.771507 -0.561097
v 0.076992 -0.057402 -0.170971
vn 0.416182 -0.469629 -0.778615
v 0.047729 -0.083335 -0.170971
vn 0.416182 -0.469629 -0.778615
v 0.053033 -0.057402 -0.183777
vn 0.416182 -0.469629 -0.778615
v 0.046299 0.124720 -0.125035
vn 0.223053 0.880972 -0.417297
v 0.021967 0.138582 -0.108777
vn 0.223053 0.880972 -0.417297
v 0.031891 0.138582 -0.103472
vn 0.223053 0.880972 -0.417297
v 0.081734 -0.029263 -0.178068
vn 0.451284 -0.289001 -0.844287
v 0.053033 -0.057402 -0.183777
vn 0.451284 -0.289001 -0.844287
v 0.056300 -0.029263 -0.191663
vn 0.451284 -0.289001 -0.844287
v 0.031891 0.138582 -0.103472
vn 0.137442 0.956550 -0.257141
v 0.011199 0.147118 -0.082780
vn 0.137442 0.956550 -0.257141
v 0.016258 0.147118 -0.080076
vn 0.137442 0.956550 -0.257141
v 0.047728 0.083335 -0.170971
vn 0.224828 0.632561 -0.741161
v 0.020693 0.106066 -0.159772
vn 0.224828 0.632561 -0.741161
v 0.040590 0.106066 -0.153736
vn 0.224828 0.632561 -0.741161
v 0.047729 -0.083335 -0.170971
vn 0.224828 -0.632560 -0.741161
v 0.020693 -0.106066 -0.159772
vn 0.224828 -0.632560 -0.741161
v 0.024332 -0.083335 -0.178068
vn 0.224828 -0.632560 -0.741161
v 0.040590 0.106066 -0.153736
vn 0.184685 0.771507 -0.608826
v 0.016258 0.124720 -0.137478
vn 0.184685 0.771507 -0.608826
v 0.031891 0.124720 -0.132736
vn 0.184685 0.771507 -0.608826
v 0.053033 -0.057402 -0.183777
vn 0.256280 -0.469628 -0.844849
v 0.024332 -0.083335 -0.178068
vn 0.256280 -0.469628 -0.844849
v 0.027036 -0.057402 -0.191663
vn 0.256280 -0.469628 -0.844849
v 0.031891 0.124720 -0.132736
vn 0.137352 0.880970 -0.452798
v 0.011199 0.138582 -0.112044
vn 0.137352 0.880970 -0.452798
v 0.021967 0.138582 -0.108777
vn 0.137352 0.880970 -0.452798
v 0.056300 -0.029263 -0.191663
vn 0.277896 -0.289002 -0.916107
v 0.027036 -0.057402 -0.191663
vn 0.277896 -0.289002 -0.916107
v 0.028701 -0.029263 -0.200035
vn 0.277896 -0.289002 -0.916107
v 0.021967 0.138582 -0.108777
vn 0.084634 0.956550 -0.279013
v 0.005709 0.147118 -0.084445
vn 0.084634 0.956550 -0.279013
v 0.011199 0.147118 -0.082780
vn 0.084634 0.956550 -0.279013
v 0.057403 0.000000 -0.194326
vn 0.288900 -0.097555 -0.952376
v 0.028701 -0.029263 -0.200035
vn 0.288900 -0.097555 -0.952376
v 0.029264 0.000000 -0.202862
vn 0.288900 -0.097555 -0.952376
v 0.011199 -0.147118 -0.082780
vn 0.028586 -0.995138 -0.094247
v 0.000000 -0.150000 -0.055744
vn 0.028586 -0.995138 -0.094247
v 0.005709 -0.147118 -0.084445
vn 0.028586 -0.995138 -0.094247
v 0.000000 0.150000 -0.055744
vn 0.028587 0.995138 -0.094248
v 0.011199 0.147118 -0.082780
vn 0.028587 0.995138 -0.094248
v 0.005709 0.147118 -0.084445
vn 0.028587 0.995138 -0.094248
v 0.057403 0.000000 -0.194326
vn 0.288899 0.097553 -0.952376
v 0.028701 0.029263 -0.200035
vn 0.288899 0.097553 -0.952376
v 0.056300 0.029263 -0.191663
vn 0.288899 0.097553 -0.952376
v 0.021967 -0.138582 -0.108777
vn 0.084636 -0.956550 -0.279015
v 0.005709 -0.147118 -0.084445
vn 0.084636 -0.956550 -0.279015
v 0.011199 -0.138582 -0.112044
vn 0.084636 -0.956550 -0.279015
v 0.056300 0.029263 -0.191663
vn 0.277896 0.289002 -0.916107
v 0.027036 0.057402 -0.191663
vn 0.277896 0.289002 -0.916107
v 0.053033 0.057402 -0.183777
vn 0.277896 0.289002 -0.916107
v 0.031891 -0.124720 -0.132736
vn 0.137354 -0.880973 -0.452793
v 0.011199 -0.138582 -0.112044
vn 0.137354 -0.880973 -0.452793
v 0.016258 -0.124720 -0.137478
vn 0.137354 -0.880973 -0.452793
v 0.053033 0.057402 -0.183777
vn 0.256281 0.469629 -0.844849
v 0.024332 0.083335 -0.178068
vn 0.256281 0.469629 -0.844849
v 0.047728 0.083335 -0.170971
vn 0.256281 0.469629 -0.844849
v 0.040590 -0.106066 -0.153736
vn 0.184685 -0.771507 -0.608826
v 0.016258 -0.124720 -0.137478
vn 0.184685 -0.771507 -0.608826
v 0.020693 -0.106066 -0.159772
vn 0.184685 -0.771507 -0.608826
v 0.005709 -0.147118 -0.084445
vn 0.009658 -0.995138 -0.098013
v 0.000000 -0.150000 -0.055744
vn 0.009658 -0.995138 -0.098013
v 0.000000 -0.147118 -0.085008
vn 0.009658 -0.995138 -0.098013
v 0.000000 0.150000 -0.055744
vn 0.009654 0.995138 -0.098015
v 0.005709 0.147118 -0.084445
vn 0.009654 0.995138 -0.098015
v 0.000000 0.147118 -0.085008
vn 0.009654 0.995138 -0.098015
v 0.029264 0.000000 -0.202862
vn 0.097550 0.097553 -0.990438
v 0.000000 0.029263 -0.202862
vn 0.097550 0.097553 -0.990438
v 0.028701 0.029263 -0.200035
vn 0.097550 0.097553 -0.990438
v 0.011199 -0.138582 -0.112044
vn 0.028579 -0.956550 -0.290166
v 0.000000 -0.147118 -0.085008
vn 0.028579 -0.956550 -0.290166
v 0.000000 -0.138582 -0.113146
vn 0.028579 -0.956550 -0.290166
v 0.028701 0.029263 -0.200035
vn 0.093834 0.289002 -0.952719
v 0.000000 0.057402 -0.194326
vn 0.093834 0.289002 -0.952719
v 0.027036 0.057402 -0.191663
vn 0.093834 0.289002 -0.952719
v 0.016258 -0.124720 -0.137478
vn 0.046379 -0.880973 -0.470888
v 0.000000 -0.138582 -0.113146
vn 0.046379 -0.880973 -0.470888
v 0.000000 -0.124720 -0.139080
vn 0.046379 -0.880973 -0.470888
v 0.027036 0.057402 -0.191663
vn 0.086538 0.469628 -0.878613
v 0.000000 0.083335 -0.180464
vn 0.086538 0.469628 -0.878613
v 0.024332 0.083335 -0.178068
vn 0.086538 0.469628 -0.878613
v 0.020693 -0.106066 -0.159772
vn 0.062359 -0.771505 -0.633160
v 0.000000 -0.124720 -0.139080
vn 0.062359 -0.771505 -0.633160
v 0.000000 -0.106066 -0.161810
vn 0.062359 -0.771505 -0.633160
v 0.024332 0.083335 -0.178068
vn 0.075917 0.632561 -0.770781
v 0.000000 0.106066 -0.161810
vn 0.075917 0.632561 -0.770781
v 0.020693 0.106066 -0.159772
vn 0.075917 0.632561 -0.770781
v 0.024332 -0.083335 -0.178068
vn 0.075917 -0.632563 -0.770779
v 0.000000 -0.106066 -0.161810
vn 0.075917 -0.632563 -0.770779
v 0.000000 -0.083335 -0.180464
vn 0.075917 -0.632563 -0.770779
v 0.020693 0.106066 -0.159772
vn 0.062361 0.771507 -0.633157
v 0.000000 0.124720 -0.139080
vn 0.062361 0.771507 -0.633157
v 0.016258 0.124720 -0.137478
vn 0.062361 0.771507 -0.633157
v 0.027036 -0.057402 -0.191663
vn 0.086535 -0.469627 -0.878614
v 0.000000 -0.083335 -0.180464
vn 0.086535 -0.469627 -0.878614
v 0.000000 -0.057402 -0.194326
vn 0.086535 -0.469627 -0.878614
v 0.016258 0.124720 -0.137478
vn 0.046378 0.880971 -0.470892
v 0.000000 0.138582 -0.113146
vn 0.046378 0.880971 -0.470892
v 0.011199 0.138582 -0.112044
vn 0.046378 0.880971 -0.470892
v 0.028701 -0.029263 -0.200035
vn 0.093835 -0.289004 -0.952718
v 0.000000 -0.057402 -0.194326
vn 0.093835 -0.289004 -0.952718
v 0.000000 -0.029263 -0.202862
vn 0.093835 -0.289004 -0.952718
v 0.011199 0.138582 -0.112044
vn 0.028583 0.956551 -0.290162
v 0.000000 0.147118 -0.085008
vn 0.028583 0.956551 -0.290162
v 0.005709 0.147118 -0.084445
vn 0.028583 0.956551 -0.290162
v 0.029264 0.000000 -0.202862
vn 0.097548 -0.097552 -0.990438
v 0.000000 -0.029263 -0.202862
vn 0.097548 -0.097552 -0.990438
v 0.000000 0.000000 -0.205744
vn 0.097548 -0.097552 -0.990438
v 0.000000 -0.106066 -0.161810
vn -0.075917 -0.632562 -0.770780
v -0.024332 -0.083335 -0.178068
vn -0.075917 -0.632562 -0.770780
v 0.000000 -0.083335 -0.180464
vn -0.075917 -0.632562 -0.770780
v 0.000000 0.124720 -0.139080
vn -0.062361 0.771507 -0.633157
v -0.020692 0.106066 -0.159772
vn -0.062361 0.771507 -0.633157
v -0.016258 0.124720 -0.137478
vn -0.062361 0.771507 -0.633157
v 0.000000 -0.083335 -0.180464
vn -0.086533 -0.469626 -0.878615
v -0.027036 -0.057402 -0.191663
vn -0.086533 -0.469626 -0.878615
v 0.000000 -0.057402 -0.194326
vn -0.086533 -0.469626 -0.878615
v 0.000000 0.138582 -0.113146
vn -0.046378 0.880971 -0.470892
v -0.016258 0.124720 -0.137478
vn -0.046378 0.880971 -0.470892
v -0.011199 0.138582 -0.112044
vn -0.046378 0.880971 -0.470892
v 0.000000 -0.057402 -0.194326
vn -0.093835 -0.289005 -0.952718
v -0.028701 -0.029263 -0.200035
vn -0.093835 -0.289005 -0.952718
v 0.000000 -0.029263 -0.202862
vn -0.093835 -0.289005 -0.952718
v 0.000000 0.147118 -0.085008
vn -0.028581 0.956551 -0.290162
v -0.011199 0.138582 -0.112044
vn -0.028581 0.956551 -0.290162
v -0.005709 0.147118 -0.084445
vn -0.028581 0.956551 -0.290162
v 0.000000 -0.029263 -0.202862
vn -0.097550 -0.097554 -0.990438
v -0.029263 0.000000 -0.202862
vn -0.097550 -0.097554 -0.990438
v 0.000000 0.000000 -0.205744
vn -0.097550 -0.097554 -0.990438
v 0.000000 -0.147118 -0.085008
vn -0.009658 -0.995138 -0.098013
v 0.000000 -0.150000 -0.055744
vn -0.009658 -0.995138 -0.098013
v -0.005709 -0.147118 -0.084445
vn -0.009658 -0.995138 -0.098013
v 0.000000 0.150000 -0.055744
vn -0.009654 0.995138 -0.098015
v 0.000000 0.147118 -0.085008
vn -0.009654 0.995138 -0.098015
v -0.005709 0.147118 -0.084445
vn -0.009654 0.995138 -0.098015
v 0.000000 0.029263 -0.202862
vn -0.097550 0.097551 -0.990438
v -0.029263 0.000000 -0.202862
vn -0.097550 0.097551 -0.990438
v -0.028701 0.029263 -0.200035
vn -0.097550 0.097551 -0.990438
v 0.000000 -0.147118 -0.085008
vn -0.028575 -0.956550 -0.290166
v -0.011199 -0.138582 -0.112044
vn -0.028575 -0.956550 -0.290166
v 0.000000 -0.138582 -0.113146
vn -0.028575 -0.956550 -0.290166
v 0.000000 0.057402 -0.194326
vn -0.093833 0.289002 -0.952719
v -0.028701 0.029263 -0.200035
vn -0.093833 0.289002 -0.952719
v -0.027036 0.057402 -0.191663
vn -0.093833 0.289002 -0.952719
v 0.000000 -0.138582 -0.113146
vn -0.046379 -0.880973 -0.470888
v -0.016258 -0.124720 -0.137478
vn -0.046379 -0.880973 -0.470888
v 0.000000 -0.124720 -0.139080
vn -0.046379 -0.880973 -0.470888
v 0.000000 0.083335 -0.180464
vn -0.086538 0.469628 -0.878613
v -0.027036 0.057402 -0.191663
vn -0.086538 0.469628 -0.878613
v -0.024332 0.083335 -0.178068
vn -0.086538 0.469628 -0.878613
v 0.000000 -0.124720 -0.139080
vn -0.062359 -0.771505 -0.633161
v -0.020692 -0.106066 -0.159772
vn -0.062359 -0.771505 -0.633161
v 0.000000 -0.106066 -0.161810
vn -0.062359 -0.771505 -0.633161
v 0.000000 0.106066 -0.161810
vn -0.075917 0.632562 -0.770780
v -0.024332 0.083335 -0.178068
vn -0.075917 0.632562 -0.770780
v -0.020692 0.106066 -0.159772
vn -0.075917 0.632562 -0.770780
v -0.028701 0.029263 -0.200035
vn -0.288897 0.097547 -0.952378
v -0.057402 0.000000 -0.194326
vn -0.288897 0.097547 -0.952378
v -0.056299 0.029263 -0.191663
vn -0.288897 0.097547 -0.952378
v -0.005709 -0.147118 -0.084445
vn -0.084640 -0.956550 -0.279013
v -0.021967 -0.138582 -0.108777
vn -0.084640 -0.956550 -0.279013
v -0.011199 -0.138582 -0.112044
vn -0.084640 -0.956550 -0.279013
v -0.027036 0.057402 -0.191663
vn -0.277897 0.289004 -0.916106
v -0.056299 0.029263 -0.191663
vn -0.277897 0.289004 -0.916106
v -0.053033 0.057402 -0.183777
vn -0.277897 0.289004 -0.916106
v -0.011199 -0.138582 -0.112044
vn -0.137354 -0.880971 -0.452795
v -0.031891 -0.124720 -0.132736
vn -0.137354 -0.880971 -0.452795
v -0.016258 -0.124720 -0.137478
vn -0.137354 -0.880971 -0.452795
v -0.024332 0.083335 -0.178068
vn -0.256280 0.469629 -0.844849
v -0.053033 0.057402 -0.183777
vn -0.256280 0.469629 -0.844849
v -0.047728 0.083335 -0.170971
vn -0.256280 0.469629 -0.844849
v -0.016258 -0.124720 -0.137478
vn -0.184685 -0.771506 -0.608826
v -0.040590 -0.106066 -0.153736
vn -0.184685 -0.771506 -0.608826
v -0.020692 -0.106066 -0.159772
vn -0.184685 -0.771506 -0.608826
v -0.020692 0.106066 -0.159772
vn -0.224828 0.632560 -0.741161
v -0.047728 0.083335 -0.170971
vn -0.224828 0.632560 -0.741161
v -0.040590 0.106066 -0.153736
vn -0.224828 0.632560 -0.741161
v -0.020692 -0.106066 -0.159772
vn -0.224827 -0.632561 -0.741161
v -0.047728 -0.083335 -0.170971
vn -0.224827 -0.632561 -0.741161
v -0.024332 -0.083335 -0.178068
vn -0.224827 -0.632561 -0.741161
v -0.016258 0.124720 -0.137478
vn -0.184685 0.771507 -0.608825
v -0.040590 0.106066 -0.153736
vn -0.184685 0.771507 -0.608825
v -0.031891 0.124720 -0.132736
vn -0.184685 0.771507 -0.608825
v -0.024332 -0.083335 -0.178068
vn -0.256282 -0.469631 -0.844847
v -0.053033 -0.057402 -0.183777
vn -0.256282 -0.469631 -0.844847
v -0.027036 -0.057402 -0.191663
vn -0.256282 -0.469631 -0.844847
v -0.011199 0.138582 -0.112044
vn -0.137353 0.880970 -0.452797
v -0.031891 0.124720 -0.132736
vn -0.137353 0.880970 -0.452797
v -0.021967 0.138582 -0.108777
vn -0.137353 0.880970 -0.452797
v -0.027036 -0.057402 -0.191663
vn -0.277895 -0.289002 -0.916107
v -0.056299 -0.029263 -0.191663
vn -0.277895 -0.289002 -0.916107
v -0.028701 -0.029263 -0.200035
vn -0.277895 -0.289002 -0.916107
v -0.005709 0.147118 -0.084445
vn -0.084635 0.956550 -0.279014
v -0.021967 0.138582 -0.108777
vn -0.084635 0.956550 -0.279014
v -0.011199 0.147118 -0.082780
vn -0.084635 0.956550 -0.279014
v -0.028701 -0.029263 -0.200035
vn -0.288901 -0.097551 -0.952376
v -0.057402 0.000000 -0.194326
vn -0.288901 -0.097551 -0.952376
v -0.029263 0.000000 -0.202862
vn -0.288901 -0.097551 -0.952376
v -0.005709 -0.147118 -0.084445
vn -0.028586 -0.995138 -0.094247
v 0.000000 -0.150000 -0.055744
vn -0.028586 -0.995138 -0.094247
v -0.011199 -0.147118 -0.082780
vn -0.028586 -0.995138 -0.094247
v 0.000000 0.150000 -0.055744
vn -0.028587 0.995138 -0.094249
v -0.005709 0.147118 -0.084445
vn -0.028587 0.995138 -0.094249
v -0.011199 0.147118 -0.082780
vn -0.028587 0.995138 -0.094249
v -0.031891 0.124720 -0.132736
vn -0.299912 0.771507 -0.561097
v -0.058927 0.106066 -0.143935
vn -0.299912 0.771507 -0.561097
v -0.046299 0.124720 -0.125035
vn -0.299912 0.771507 -0.561097
v -0.047728 -0.083335 -0.170971
vn -0.416181 -0.469629 -0.778616
v -0.076992 -0.057402 -0.170971
vn -0.416181 -0.469629 -0.778616
v -0.053033 -0.057402 -0.183777
vn -0.416181 -0.469629 -0.778616
v -0.021967 0.138582 -0.108777
vn -0.223053 0.880972 -0.417297
v -0.046299 0.124720 -0.125035
vn -0.223053 0.880972 -0.417297
v -0.031891 0.138582 -0.103472
vn -0.223053 0.880972 -0.417297
v -0.053033 -0.057402 -0.183777
vn -0.451284 -0.289003 -0.844287
v -0.081734 -0.029263 -0.178068
vn -0.451284 -0.289003 -0.844287
v -0.056299 -0.029263 -0.191663
vn -0.451284 -0.289003 -0.844287
v -0.011199 0.147118 -0.082780
vn -0.137442 0.956550 -0.257141
v -0.031891 0.138582 -0.103472
vn -0.137442 0.956550 -0.257141
v -0.016258 0.147118 -0.080076
vn -0.137442 0.956550 -0.257141
v -0.056299 -0.029263 -0.191663
vn -0.469148 -0.097547 -0.877716
v -0.083335 0.000000 -0.180464
vn -0.469148 -0.097547 -0.877716
v -0.057402 0.000000 -0.194326
vn -0.469148 -0.097547 -0.877716
v -0.011199 -0.147118 -0.082780
vn -0.046430 -0.995138 -0.086858
v 0.000000 -0.150000 -0.055744
vn -0.046430 -0.995138 -0.086858
v -0.016258 -0.147118 -0.080076
vn -0.046430 -0.995138 -0.086858
v 0.000000 0.150000 -0.055744
vn -0.046427 0.995138 -0.086860
v -0.011199 0.147118 -0.082780
vn -0.046427 0.995138 -0.086860
v -0.016258 0.147118 -0.080076
vn -0.046427 0.995138 -0.086860
v -0.056299 0.029263 -0.191663
vn -0.469151 0.097553 -0.877713
v -0.083335 0.000000 -0.180464
vn -0.469151 0.097553 -0.877713
v -0.081734 0.029263 -0.178068
vn -0.469151 0.097553 -0.877713
v -0.011199 -0.147118 -0.082780
vn -0.137445 -0.956550 -0.257141
v -0.031891 -0.138582 -0.103472
vn -0.137445 -0.956550 -0.257141
v -0.021967 -0.138582 -0.108777
vn -0.137445 -0.956550 -0.257141
v -0.053033 0.057402 -0.183777
vn -0.451283 0.289003 -0.844287
v -0.081734 0.029263 -0.178068
vn -0.451283 0.289003 -0.844287
v -0.076992 0.057402 -0.170971
vn -0.451283 0.289003 -0.844287
v -0.021967 -0.138582 -0.108777
vn -0.223050 -0.880972 -0.417298
v -0.046299 -0.124720 -0.125035
vn -0.223050 -0.880972 -0.417298
v -0.031891 -0.124720 -0.132736
vn -0.223050 -0.880972 -0.417298
v -0.047728 0.083335 -0.170971
vn -0.416179 0.469627 -0.778618
v -0.076992 0.057402 -0.170971
vn -0.416179 0.469627 -0.778618
v -0.069291 0.083335 -0.159445
vn -0.416179 0.469627 -0.778618
v -0.031891 -0.124720 -0.132736
vn -0.299914 -0.771506 -0.561097
v -0.058927 -0.106066 -0.143935
vn -0.299914 -0.771506 -0.561097
v -0.040590 -0.106066 -0.153736
vn -0.299914 -0.771506 -0.561097
v -0.040590 0.106066 -0.153736
vn -0.365102 0.632563 -0.683056
v -0.069291 0.083335 -0.159445
vn -0.365102 0.632563 -0.683056
v -0.058927 0.106066 -0.143935
vn -0.365102 0.632563 -0.683056
v -0.040590 -0.106066 -0.153736
vn -0.365100 -0.632561 -0.683059
v -0.069291 -0.083335 -0.159445
vn -0.365100 -0.632561 -0.683059
v -0.047728 -0.083335 -0.170971
vn -0.365100 -0.632561 -0.683059
v -0.076992 0.057402 -0.170971
vn -0.607321 0.288999 -0.740028
v -0.104028 0.029263 -0.159772
vn -0.607321 0.288999 -0.740028
v -0.097992 0.057402 -0.153736
vn -0.607321 0.288999 -0.740028
v -0.031891 -0.138582 -0.103472
vn -0.300175 -0.880972 -0.365765
v -0.058927 -0.124720 -0.114671
vn -0.300175 -0.880972 -0.365765
v -0.046299 -0.124720 -0.125035
vn -0.300175 -0.880972 -0.365765
v -0.069291 0.083335 -0.159445
vn -0.560083 0.469630 -0.682462
v -0.097992 0.057402 -0.153736
vn -0.560083 0.469630 -0.682462
v -0.088190 0.083335 -0.143935
vn -0.560083 0.469630 -0.682462
v -0.046299 -0.124720 -0.125035
vn -0.403614 -0.771506 -0.491807
v -0.075000 -0.106066 -0.130744
vn -0.403614 -0.771506 -0.491807
v -0.058927 -0.106066 -0.143935
vn -0.403614 -0.771506 -0.491807
v -0.058927 0.106066 -0.143935
vn -0.491343 0.632560 -0.598706
v -0.088190 0.083335 -0.143935
vn -0.491343 0.632560 -0.598706
v -0.075000 0.106066 -0.130744
vn -0.491343 0.632560 -0.598706
v -0.058927 -0.106066 -0.143935
vn -0.491345 -0.632563 -0.598702
v -0.088190 -0.083335 -0.143935
vn -0.491345 -0.632563 -0.598702
v -0.069291 -0.083335 -0.159445
vn -0.491345 -0.632563 -0.598702
v -0.046299 0.124720 -0.125035
vn -0.403615 0.771509 -0.491802
v -0.075000 0.106066 -0.130744
vn -0.403615 0.771509 -0.491802
v -0.058927 0.124720 -0.114671
vn -0.403615 0.771509 -0.491802
v -0.069291 -0.083335 -0.159445
vn -0.560081 -0.469626 -0.682466
v -0.097992 -0.057402 -0.153736
vn -0.560081 -0.469626 -0.682466
v -0.076992 -0.057402 -0.170971
vn -0.560081 -0.469626 -0.682466
v -0.031891 0.138582 -0.103472
vn -0.300176 0.880972 -0.365764
v -0.058927 0.124720 -0.114671
vn -0.300176 0.880972 -0.365764
v -0.040590 0.138582 -0.096334
vn -0.300176 0.880972 -0.365764
v -0.076992 -0.057402 -0.170971
vn -0.607323 -0.289002 -0.740025
v -0.104028 -0.029263 -0.159772
vn -0.607323 -0.289002 -0.740025
v -0.081734 -0.029263 -0.178068
vn -0.607323 -0.289002 -0.740025
v -0.016258 0.147118 -0.080076
vn -0.184973 0.956550 -0.225381
v -0.040590 0.138582 -0.096334
vn -0.184973 0.956550 -0.225381
v -0.020692 0.147118 -0.076436
vn -0.184973 0.956550 -0.225381
v -0.081734 -0.029263 -0.178068
vn -0.631368 -0.097551 -0.769323
v -0.106066 0.000000 -0.161810
vn -0.631368 -0.097551 -0.769323
v -0.083335 0.000000 -0.180464
vn -0.631368 -0.097551 -0.769323
v -0.016258 -0.147118 -0.080076
vn -0.062478 -0.995139 -0.076130
v 0.000000 -0.150000 -0.055744
vn -0.062478 -0.995139 -0.076130
v -0.020692 -0.147118 -0.076436
vn -0.062478 -0.995139 -0.076130
v 0.000000 0.150000 -0.055744
vn -0.062484 0.995138 -0.076132
v -0.016258 0.147118 -0.080076
vn -0.062484 0.995138 -0.076132
v -0.020692 0.147118 -0.076436
vn -0.062484 0.995138 -0.076132
v -0.081734 0.029263 -0.178068
vn -0.631368 0.097552 -0.769324
v -0.106066 0.000000 -0.161810
vn -0.631368 0.097552 -0.769324
v -0.104028 0.029263 -0.159772
vn -0.631368 0.097552 -0.769324
v -0.016258 -0.147118 -0.080076
vn -0.184971 -0.956550 -0.225385
v -0.040590 -0.138582 -0.096334
vn -0.184971 -0.956550 -0.225385
v -0.031891 -0.138582 -0.103472
vn -0.184971 -0.956550 -0.225385
v -0.040590 0.138582 -0.096334
vn -0.365765 0.880971 -0.300177
v -0.069291 0.124720 -0.102043
vn -0.365765 0.880971 -0.300177
v -0.047728 0.138582 -0.087635
vn -0.365765 0.880971 -0.300177
v -0.097992 -0.057402 -0.153736
vn -0.740025 -0.289000 -0.607324
v -0.122324 -0.029263 -0.137478
vn -0.740025 -0.289000 -0.607324
v -0.104028 -0.029263 -0.159772
vn -0.740025 -0.289000 -0.607324
v -0.020692 0.147118 -0.076436
vn -0.225382 0.956551 -0.184969
v -0.047728 0.138582 -0.087635
vn -0.225382 0.956551 -0.184969
v -0.024332 0.147118 -0.072002
vn -0.225382 0.956551 -0.184969
v -0.104028 -0.029263 -0.159772
vn -0.769323 -0.097550 -0.631368
v -0.124720 0.000000 -0.139080
vn -0.769323 -0.097550 -0.631368
v -0.106066 0.000000 -0.161810
vn -0.769323 -0.097550 -0.631368
v -0.020692 -0.147118 -0.076436
vn -0.076131 -0.995138 -0.062481
v 0.000000 -0.150000 -0.055744
vn -0.076131 -0.995138 -0.062481
v -0.024332 -0.147118 -0.072002
vn -0.076131 -0.995138 -0.062481
v 0.000000 0.150000 -0.055744
vn -0.076133 0.995138 -0.062481
v -0.020692 0.147118 -0.076436
vn -0.076133 0.995138 -0.062481
v -0.024332 0.147118 -0.072002
vn -0.076133 0.995138 -0.062481
v -0.104028 0.029263 -0.159772
vn -0.769323 0.097550 -0.631369
v -0.124720 0.000000 -0.139080
vn -0.769323 0.097550 -0.631369
v -0.122324 0.029263 -0.137478
vn -0.769323 0.097550 -0.631369
v -0.020692 -0.147118 -0.076436
vn -0.225384 -0.956550 -0.184971
v -0.047728 -0.138582 -0.087635
vn -0.225384 -0.956550 -0.184971
v -0.040590 -0.138582 -0.096334
vn -0.225384 -0.956550 -0.184971
v -0.097992 0.057402 -0.153736
vn -0.740026 0.289005 -0.607320
v -0.122324 0.029263 -0.137478
vn -0.740026 0.289005 -0.607320
v -0.115226 0.057402 -0.132736
vn -0.740026 0.289005 -0.607320
v -0.040590 -0.138582 -0.096334
vn -0.365764 -0.880973 -0.300173
v -0.069291 -0.124720 -0.102043
vn -0.365764 -0.880973 -0.300173
v -0.058927 -0.124720 -0.114671
vn -0.365764 -0.880973 -0.300173
v -0.088190 0.083335 -0.143935
vn -0.682464 0.469627 -0.560084
v -0.115226 0.057402 -0.132736
vn -0.682464 0.469627 -0.560084
v -0.103701 0.083335 -0.125035
vn -0.682464 0.469627 -0.560084
v -0.058927 -0.124720 -0.114671
vn -0.491806 -0.771506 -0.403615
v -0.088190 -0.106066 -0.114671
vn -0.491806 -0.771506 -0.403615
v -0.075000 -0.106066 -0.130744
vn -0.491806 -0.771506 -0.403615
v -0.075000 0.106066 -0.130744
vn -0.598705 0.632561 -0.491344
v -0.103701 0.083335 -0.125035
vn -0.598705 0.632561 -0.491344
v -0.088190 0.106066 -0.114671
vn -0.598705 0.632561 -0.491344
v -0.075000 -0.106066 -0.130744
vn -0.598704 -0.632561 -0.491345
v -0.103701 -0.083335 -0.125035
vn -0.598704 -0.632561 -0.491345
v -0.088190 -0.083335 -0.143935
vn -0.598704 -0.632561 -0.491345
v -0.058927 0.124720 -0.114671
vn -0.491804 0.771507 -0.403617
v -0.088190 0.106066 -0.114671
vn -0.491804 0.771507 -0.403617
v -0.069291 0.124720 -0.102043
vn -0.491804 0.771507 -0.403617
v -0.088190 -0.083335 -0.143935
vn -0.682464 -0.469629 -0.560082
v -0.115226 -0.057402 -0.132736
vn -0.682464 -0.469629 -0.560082
v -0.097992 -0.057402 -0.153736
vn -0.682464 -0.469629 -0.560082
v -0.047728 -0.138582 -0.087635
vn -0.417299 -0.880972 -0.223049
v -0.076992 -0.124720 -0.087635
vn -0.417299 -0.880972 -0.223049
v -0.069291 -0.124720 -0.102043
vn -0.417299 -0.880972 -0.223049
v -0.103701 0.083335 -0.125035
vn -0.778617 0.469630 -0.416177
v -0.128033 0.057402 -0.108777
vn -0.778617 0.469630 -0.416177
v -0.115226 0.083335 -0.103472
vn -0.778617 0.469630 -0.416177
v -0.069291 -0.124720 -0.102043
vn -0.561098 -0.771506 -0.299912
v -0.097992 -0.106066 -0.096334
vn -0.561098 -0.771506 -0.299912
v -0.088190 -0.106066 -0.114671
vn -0.561098 -0.771506 -0.299912
v -0.088190 0.106066 -0.114671
vn -0.683058 0.632560 -0.365103
v -0.115226 0.083335 -0.103472
vn -0.683058 0.632560 -0.365103
v -0.097992 0.106066 -0.096334
vn -0.683058 0.632560 -0.365103
v -0.088190 -0.106066 -0.114671
vn -0.683058 -0.632562 -0.365100
v -0.115226 -0.083335 -0.103472
vn -0.683058 -0.632562 -0.365100
v -0.103701 -0.083335 -0.125035
vn -0.683058 -0.632562 -0.365100
v -0.069291 0.124720 -0.102043
vn -0.561096 0.771509 -0.299909
v -0.097992 0.106066 -0.096334
vn -0.561096 0.771509 -0.299909
v -0.076992 0.124720 -0.087635
vn -0.561096 0.771509 -0.299909
v -0.103701 -0.083335 -0.125035
vn -0.778616 -0.469628 -0.416181
v -0.128033 -0.057402 -0.108777
vn -0.778616 -0.469628 -0.416181
v -0.115226 -0.057402 -0.132736
vn -0.778616 -0.469628 -0.416181
v -0.047728 0.138582 -0.087635
vn -0.417299 0.880971 -0.223052
v -0.076992 0.124720 -0.087635
vn -0.417299 0.880971 -0.223052
v -0.053033 0.138582 -0.077711
vn -0.417299 0.880971 -0.223052
v -0.115226 -0.057402 -0.132736
vn -0.844288 -0.289003 -0.451281
v -0.135919 -0.029263 -0.112044
vn -0.844288 -0.289003 -0.451281
v -0.122324 -0.029263 -0.137478
vn -0.844288 -0.289003 -0.451281
v -0.024332 0.147118 -0.072002
vn -0.257140 0.956550 -0.137447
v -0.053033 0.138582 -0.077711
vn -0.257140 0.956550 -0.137447
v -0.027036 0.147118 -0.066943
vn -0.257140 0.956550 -0.137447
v -0.122324 -0.029263 -0.137478
vn -0.877715 -0.097550 -0.469149
v -0.138582 0.000000 -0.113147
vn -0.877715 -0.097550 -0.469149
v -0.124720 0.000000 -0.139080
vn -0.877715 -0.097550 -0.469149
v -0.024332 -0.147118 -0.072002
vn -0.086858 -0.995138 -0.046426
v 0.000000 -0.150000 -0.055744
vn -0.086858 -0.995138 -0.046426
v -0.027036 -0.147118 -0.066943
vn -0.086858 -0.995138 -0.046426
v 0.000000 0.150000 -0.055744
vn -0.086858 0.995138 -0.046428
v -0.024332 0.147118 -0.072002
vn -0.086858 0.995138 -0.046428
v -0.027036 0.147118 -0.066943
vn -0.086858 0.995138 -0.046428
v -0.122324 0.029263 -0.137478
vn -0.877715 0.097552 -0.469148
v -0.138582 0.000000 -0.113147
vn -0.877715 0.097552 -0.469148
v -0.135919 0.029263 -0.112044
vn -0.877715 0.097552 -0.469148
v -0.024332 -0.147118 -0.072002
vn -0.257142 -0.956550 -0.137444
v -0.053033 -0.138582 -0.077711
vn -0.257142 -0.956550 -0.137444
v -0.047728 -0.138582 -0.087635
vn -0.257142 -0.956550 -0.137444
v -0.115226 0.057402 -0.132736
vn -0.844287 0.289001 -0.451284
v -0.135919 0.029263 -0.112044
vn -0.844287 0.289001 -0.451284
v -0.128033 0.057402 -0.108777
vn -0.844287 0.289001 -0.451284
v -0.128033 -0.057402 -0.108777
vn -0.916107 -0.289001 -0.277896
v -0.144291 -0.029263 -0.084445
vn -0.916107 -0.289001 -0.277896
v -0.135919 -0.029263 -0.112044
vn -0.916107 -0.289001 -0.277896
v -0.027036 0.147118 -0.066943
vn -0.279012 0.956550 -0.084637
v -0.056299 0.138582 -0.066943
vn -0.279012 0.956550 -0.084637
v -0.028701 0.147118 -0.061453
vn -0.279012 0.956550 -0.084637
v -0.135919 -0.029263 -0.112044
vn -0.952376 -0.097552 -0.288900
v -0.147118 0.000000 -0.085008
vn -0.952376 -0.097552 -0.288900
v -0.138582 0.000000 -0.113147
vn -0.952376 -0.097552 -0.288900
v -0.027036 -0.147118 -0.066943
vn -0.094246 -0.995138 -0.028589
v 0.000000 -0.150000 -0.055744
vn -0.094246 -0.995138 -0.028589
v -0.028701 -0.147118 -0.061453
vn -0.094246 -0.995138 -0.028589
v 0.000000 0.150000 -0.055744
vn -0.094248 0.995138 -0.028590
v -0.027036 0.147118 -0.066943
vn -0.094248 0.995138 -0.028590
v -0.028701 0.147118 -0.061453
vn -0.094248 0.995138 -0.028590
v -0.135919 0.029263 -0.112044
vn -0.952376 0.097552 -0.288900
v -0.147118 0.000000 -0.085008
vn -0.952376 0.097552 -0.288900
v -0.144291 0.029263 -0.084445
vn -0.952376 0.097552 -0.288900
v -0.027036 -0.147118 -0.066943
vn -0.279015 -0.956550 -0.084638
v -0.056299 -0.138582 -0.066943
vn -0.279015 -0.956550 -0.084638
v -0.053033 -0.138582 -0.077711
vn -0.279015 -0.956550 -0.084638
v -0.128033 0.057402 -0.108777
vn -0.916107 0.289000 -0.277898
v -0.144291 0.029263 -0.084445
vn -0.916107 0.289000 -0.277898
v -0.135919 0.057402 -0.082780
vn -0.916107 0.289000 -0.277898
v -0.053033 -0.138582 -0.077711
vn -0.452795 -0.880972 -0.137353
v -0.081734 -0.124720 -0.072002
vn -0.452795 -0.880972 -0.137353
v -0.076992 -0.124720 -0.087635
vn -0.452795 -0.880972 -0.137353
v -0.115226 0.083335 -0.103472
vn -0.844847 0.469630 -0.256283
v -0.135919 0.057402 -0.082780
vn -0.844847 0.469630 -0.256283
v -0.122324 0.083335 -0.080076
vn -0.844847 0.469630 -0.256283
v -0.076992 -0.124720 -0.087635
vn -0.608826 -0.771506 -0.184686
v -0.104028 -0.106066 -0.076437
vn -0.608826 -0.771506 -0.184686
v -0.097992 -0.106066 -0.096334
vn -0.608826 -0.771506 -0.184686
v -0.097992 0.106066 -0.096334
vn -0.741161 0.632561 -0.224827
v -0.122324 0.083335 -0.080076
vn -0.741161 0.632561 -0.224827
v -0.104028 0.106066 -0.076436
vn -0.741161 0.632561 -0.224827
v -0.097992 -0.106066 -0.096334
vn -0.741160 -0.632561 -0.224829
v -0.122324 -0.083335 -0.080076
vn -0.741160 -0.632561 -0.224829
v -0.115226 -0.083335 -0.103472
vn -0.741160 -0.632561 -0.224829
v -0.076992 0.124720 -0.087635
vn -0.608823 0.771509 -0.184683
v -0.104028 0.106066 -0.076436
vn -0.608823 0.771509 -0.184683
v -0.081734 0.124720 -0.072002
vn -0.608823 0.771509 -0.184683
v -0.115226 -0.083335 -0.103472
vn -0.844847 -0.469630 -0.256283
v -0.135919 -0.057402 -0.082780
vn -0.844847 -0.469630 -0.256283
v -0.128033 -0.057402 -0.108777
vn -0.844847 -0.469630 -0.256283
v -0.053033 0.138582 -0.077711
vn -0.452796 0.880970 -0.137355
v -0.081734 0.124720 -0.072002
vn -0.452796 0.880970 -0.137355
v -0.056299 0.138582 -0.066943
vn -0.452796 0.880970 -0.137355
v -0.122324 0.083335 -0.080076
vn -0.878612 0.469630 -0.086536
v -0.138582 0.057402 -0.055744
vn -0.878612 0.469630 -0.086536
v -0.124720 0.083335 -0.055744
vn -0.878612 0.469630 -0.086536
v -0.081734 -0.124720 -0.072002
vn -0.633157 -0.771507 -0.062362
v -0.106066 -0.106066 -0.055744
vn -0.633157 -0.771507 -0.062362
v -0.104028 -0.106066 -0.076437
vn -0.633157 -0.771507 -0.062362
v -0.104028 0.106066 -0.076436
vn -0.770781 0.632561 -0.075916
v -0.124720 0.083335 -0.055744
vn -0.770781 0.632561 -0.075916
v -0.106066 0.106066 -0.055744
vn -0.770781 0.632561 -0.075916
v -0.104028 -0.106066 -0.076437
vn -0.770780 -0.632562 -0.075915
v -0.124720 -0.083335 -0.055744
vn -0.770780 -0.632562 -0.075915
v -0.122324 -0.083335 -0.080076
vn -0.770780 -0.632562 -0.075915
v -0.081734 0.124720 -0.072002
vn -0.633155 0.771509 -0.062361
v -0.106066 0.106066 -0.055744
vn -0.633155 0.771509 -0.062361
v -0.083335 0.124720 -0.055744
vn -0.633155 0.771509 -0.062361
v -0.122324 -0.083335 -0.080076
vn -0.878612 -0.469631 -0.086536
v -0.138582 -0.057402 -0.055744
vn -0.878612 -0.469631 -0.086536
v -0.135919 -0.057402 -0.082780
vn -0.878612 -0.469631 -0.086536
v -0.056299 0.138582 -0.066943
vn -0.470892 0.880971 -0.046378
v -0.083335 0.124720 -0.055744
vn -0.470892 0.880971 -0.046378
v -0.057402 0.138582 -0.055744
vn -0.470892 0.880971 -0.046378
v -0.135919 -0.057402 -0.082780
vn -0.952719 -0.289000 -0.093837
v -0.147118 -0.029263 -0.055744
vn -0.952719 -0.289000 -0.093837
v -0.144291 -0.029263 -0.084445
vn -0.952719 -0.289000 -0.093837
v -0.028701 0.147118 -0.061453
vn -0.290164 0.956550 -0.028579
v -0.057402 0.138582 -0.055744
vn -0.290164 0.956550 -0.028579
v -0.029263 0.147118 -0.055744
vn -0.290164 0.956550 -0.028579
v -0.144291 -0.029263 -0.084445
vn -0.990438 -0.097552 -0.097550
v -0.150000 0.000000 -0.055744
vn -0.990438 -0.097552 -0.097550
v -0.147118 0.000000 -0.085008
vn -0.990438 -0.097552 -0.097550
v -0.028701 -0.147118 -0.061453
vn -0.098012 -0.995139 -0.009653
v 0.000000 -0.150000 -0.055744
vn -0.098012 -0.995139 -0.009653
v -0.029263 -0.147118 -0.055744
vn -0.098012 -0.995139 -0.009653
v 0.000000 0.150000 -0.055744
vn -0.098015 0.995138 -0.009654
v -0.028701 0.147118 -0.061453
vn -0.098015 0.995138 -0.009654
v -0.029263 0.147118 -0.055744
vn -0.098015 0.995138 -0.009654
v -0.144291 0.029263 -0.084445
vn -0.990438 0.097550 -0.097552
v -0.150000 0.000000 -0.055744
vn -0.990438 0.097550 -0.097552
v -0.147118 0.029263 -0.055744
vn -0.990438 0.097550 -0.097552
v -0.028701 -0.147118 -0.061453
vn -0.290166 -0.956550 -0.028579
v -0.057402 -0.138582 -0.055744
vn -0.290166 -0.956550 -0.028579
v -0.056299 -0.138582 -0.066943
vn -0.290166 -0.956550 -0.028579
v -0.135919 0.057402 -0.082780
vn -0.952719 0.289002 -0.093837
v -0.147118 0.029263 -0.055744
vn -0.952719 0.289002 -0.093837
v -0.138582 0.057402 -0.055744
vn -0.952719 0.289002 -0.093837
v -0.056299 -0.138582 -0.066943
vn -0.470892 -0.880971 -0.046379
v -0.083335 -0.124720 -0.055744
vn -0.470892 -0.880971 -0.046379
v -0.081734 -0.124720 -0.072002
vn -0.470892 -0.880971 -0.046379
v 0.138582 -0.057402 0.183261
vn -0.000001 0.000000 1.000000
v 0.057402 0.138582 0.183261
vn -0.000001 0.000000 1.000000
v -0.057403 -0.138582 0.183261
vn -0.000001 0.000000 1.000000
v -0.057402 0.138582 -0.055744
vn -0.290282 0.956941 -0.000000
v -0.029264 0.147118 0.183261
vn -0.290282 0.956941 -0.000000
v -0.029263 0.147118 -0.055744
vn -0.290282 0.956941 -0.000000
v -0.029263 0.147118 -0.055744
vn -0.098021 0.995184 -0.000000
v 0.000000 0.150000 0.183261
vn -0.098021 0.995184 -0.000000
v 0.000000 0.150000 -0.055744
vn -0.098021 0.995184 -0.000000
v 0.000000 0.150000 -0.055744
vn 0.098020 0.995185 -0.000000
v 0.029263 0.147118 0.183261
vn 0.098020 0.995185 -0.000000
v 0.029264 0.147118 -0.055744
vn 0.098020 0.995185 -0.000000
v -0.083335 0.124720 -0.055744
vn -0.471399 0.881920 -0.000000
v -0.057403 0.138582 0.183261
vn -0.471399 0.881920 -0.000000
v -0.057402 0.138582 -0.055744
vn -0.471399 0.881920 -0.000000
v -0.106066 0.106066 -0.055744
vn -0.634390 0.773013 -0.000001
v -0.083336 0.124720 0.183261
vn -0.634390 0.773013 -0.000001
v -0.083335 0.124720 -0.055744
vn -0.634390 0.773013 -0.000001
v -0.124720 0.083335 -0.055744
vn -0.773012 0.634391 -0.000001
v -0.106066 0.106066 0.183261
vn -0.773012 0.634391 -0.000001
v -0.106066 0.106066 -0.055744
vn -0.773012 0.634391 -0.000001
v -0.138582 0.057402 0.183261
vn -0.881920 0.471398 -0.000001
v -0.124720 0.083335 -0.055744
vn -0.881920 0.471398 -0.000001
v -0.138582 0.057402 -0.055744
vn -0.881920 0.471398 -0.000001
v -0.147118 0.029263 -0.055744
vn -0.956941 0.290282 -0.000001
v -0.138582 0.057402 0.183261
vn -0.956941 0.290282 -0.000001
v -0.138582 0.057402 -0.055744
vn -0.956941 0.290282 -0.000001
v -0.150000 0.000000 0.183261
vn -0.995185 0.098017 -0.000001
v -0.147118 0.029263 -0.055744
vn -0.995185 0.098017 -0.000001
v -0.150000 0.000000 -0.055744
vn -0.995185 0.098017 -0.000001
v -0.147118 -0.029263 0.183261
vn -0.995185 -0.098017 -0.000001
v -0.150000 0.000000 -0.055744
vn -0.995185 -0.098017 -0.000001
v -0.147118 -0.029263 -0.055744
vn -0.995185 -0.098017 -0.000001
v -0.138582 -0.057402 0.183261
vn -0.956941 -0.290282 -0.000001
v -0.147118 -0.029263 -0.055744
vn -0.956941 -0.290282 -0.000001
v -0.138582 -0.057402 -0.055744
vn -0.956941 -0.290282 -0.000001
v -0.124720 -0.083335 0.183261
vn -0.881920 -0.471399 -0.000001
v -0.138582 -0.057402 -0.055744
vn -0.881920 -0.471399 -0.000001
v -0.124720 -0.083335 -0.055744
vn -0.881920 -0.471399 -0.000001
v -0.106066 -0.106066 0.183261
vn -0.773012 -0.634392 -0.000001
v -0.124720 -0.083335 -0.055744
vn -0.773012 -0.634392 -0.000001
v -0.106066 -0.106066 -0.055744
vn -0.773012 -0.634392 -0.000001
v -0.083336 -0.124720 0.183261
vn -0.634392 -0.773011 -0.000001
v -0.106066 -0.106066 -0.055744
vn -0.634392 -0.773011 -0.000001
v -0.083335 -0.124720 -0.055744
vn -0.634392 -0.773011 -0.000001
v -0.057403 -0.138582 0.183261
vn -0.471398 -0.881920 -0.000000
v -0.083335 -0.124720 -0.055744
vn -0.471398 -0.881920 -0.000000
v -0.057402 -0.138582 -0.055744
vn -0.471398 -0.881920 -0.000000
v -0.029264 -0.147118 0.183261
vn -0.290284 -0.956940 -0.000000
v -0.057402 -0.138582 -0.055744
vn -0.290284 -0.956940 -0.000000
v -0.029263 -0.147118 -0.055744
vn -0.290284 -0.956940 -0.000000
v -0.000000 -0.150000 0.183261
vn -0.098018 -0.995185 -0.000000
v -0.029263 -0.147118 -0.055744
vn -0.098018 -0.995185 -0.000000
v 0.000000 -0.150000 -0.055744
vn -0.098018 -0.995185 -0.000000
v 0.029263 -0.147118 0.183261
vn 0.098018 -0.995185 -0.000000
v 0.000000 -0.150000 -0.055744
vn 0.098018 -0.995185 -0.000000
v 0.029264 -0.147118 -0.055744
vn 0.098018 -0.995185 -0.000000
v 0.057402 -0.138582 0.183261
vn 0.290285 -0.956940 0.000000
v 0.029264 -0.147118 -0.055744
vn 0.290285 -0.956940 0.000000
v 0.057403 -0.138582 -0.055744
vn 0.290285 -0.956940 0.000000
v 0.083335 -0.124720 0.183261
vn 0.471397 -0.881921 -0.000000
v 0.057403 -0.138582 -0.055744
vn 0.471397 -0.881921 -0.000000
v 0.083336 -0.124720 -0.055744
vn 0.471397 -0.881921 -0.000000
v 0.106066 -0.106066 0.183261
vn 0.634394 -0.773010 0.000000
v 0.083336 -0.124720 -0.055744
vn 0.634394 -0.773010 0.000000
v 0.106066 -0.106066 -0.055744
vn 0.634394 -0.773010 0.000000
v 0.124720 -0.083336 0.183261
vn 0.773011 -0.634392 0.000000
v 0.106066 -0.106066 -0.055744
vn 0.773011 -0.634392 0.000000
v 0.124720 -0.083335 -0.055744
vn 0.773011 -0.634392 0.000000
v 0.138582 -0.057402 0.183261
vn 0.881921 -0.471397 0.000001
v 0.124720 -0.083335 -0.055744
vn 0.881921 -0.471397 0.000001
v 0.138582 -0.057402 -0.055744
vn 0.881921 -0.471397 0.000001
v 0.147118 -0.029263 0.183261
vn 0.956940 -0.290285 0.000001
v 0.138582 -0.057402 -0.055744
vn 0.956940 -0.290285 0.000001
v 0.147118 -0.029263 -0.055744
vn 0.956940 -0.290285 0.000001
v 0.150000 0.000000 0.183261
vn 0.995185 -0.098017 0.000001
v 0.147118 -0.029263 -0.055744
vn 0.995185 -0.098017 0.000001
v 0.150000 0.000000 -0.055744
vn 0.995185 -0.098017 0.000001
v 0.147118 0.029263 0.183261
vn 0.995185 0.098017 0.000001
v 0.150000 0.000000 -0.055744
vn 0.995185 0.098017 0.000001
v 0.147118 0.029263 -0.055744
vn 0.995185 0.098017 0.000001
v 0.138582 0.057402 -0.055744
vn 0.956940 0.290284 0.000001
v 0.147118 0.029263 0.183261
vn 0.956940 0.290284 0.000001
v 0.147118 0.029263 -0.055744
vn 0.956940 0.290284 0.000001
v 0.124720 0.083335 0.183261
vn 0.881921 0.471397 0.000001
v 0.138582 0.057402 -0.055744
vn 0.881921 0.471397 0.000001
v 0.124720 0.083335 -0.055744
vn 0.881921 0.471397 0.000001
v 0.106066 0.106066 -0.055744
vn 0.773011 0.634393 0.000000
v 0.124720 0.083335 0.183261
vn 0.773011 0.634393 0.000000
v 0.124720 0.083335 -0.055744
vn 0.773011 0.634393 0.000000
v 0.083336 0.124720 -0.055744
vn 0.634392 0.773011 0.000000
v 0.106066 0.106066 0.183261
vn 0.634392 0.773011 0.000000
v 0.106066 0.106066 -0.055744
vn 0.634392 0.773011 0.000000
v 0.057403 0.138582 -0.055744
vn 0.471400 0.881919 0.000000
v 0.083335 0.124720 0.183261
vn 0.471400 0.881919 0.000000
v 0.083336 0.124720 -0.055744
vn 0.471400 0.881919 0.000000
v 0.029264 0.147118 -0.055744
vn 0.290282 0.956941 0.000000
v 0.057402 0.138582 0.183261
vn 0.290282 0.956941 0.000000
v 0.057403 0.138582 -0.055744
vn 0.290282 0.956941 0.000000
v 0.147118 0.029263 -0.055744
vn 0.952719 0.289002 -0.093835
v 0.144291 0.029263 -0.084445
vn 0.952719 0.289002 -0.093835
v 0.135919 0.057402 -0.082780
vn 0.952719 0.289002 -0.093835
v 0.083336 -0.124720 -0.055744
vn 0.470890 -0.880972 -0.046378
v 0.057403 -0.138582 -0.055744
vn 0.470890 -0.880972 -0.046378
v 0.056300 -0.138582 -0.066943
vn 0.470890 -0.880972 -0.046378
v 0.138582 0.057402 -0.055744
vn 0.878612 0.469630 -0.086536
v 0.135919 0.057402 -0.082780
vn 0.878612 0.469630 -0.086536
v 0.122324 0.083335 -0.080076
vn 0.878612 0.469630 -0.086536
v 0.106066 -0.106066 -0.055744
vn 0.633160 -0.771505 -0.062359
v 0.083336 -0.124720 -0.055744
vn 0.633160 -0.771505 -0.062359
v 0.081734 -0.124720 -0.072002
vn 0.633160 -0.771505 -0.062359
v 0.124720 0.083335 -0.055744
vn 0.770781 0.632561 -0.075917
v 0.122324 0.083335 -0.080076
vn 0.770781 0.632561 -0.075917
v 0.104028 0.106066 -0.076436
vn 0.770781 0.632561 -0.075917
v 0.124720 -0.083335 -0.055744
vn 0.770780 -0.632562 -0.075914
v 0.106066 -0.106066 -0.055744
vn 0.770780 -0.632562 -0.075914
v 0.104028 -0.106066 -0.076436
vn 0.770780 -0.632562 -0.075914
v 0.106066 0.106066 -0.055744
vn 0.633157 0.771507 -0.062360
v 0.104028 0.106066 -0.076436
vn 0.633157 0.771507 -0.062360
v 0.081734 0.124720 -0.072002
vn 0.633157 0.771507 -0.062360
v 0.138582 -0.057402 -0.055744
vn 0.878613 -0.469628 -0.086538
v 0.124720 -0.083335 -0.055744
vn 0.878613 -0.469628 -0.086538
v 0.122324 -0.083335 -0.080076
vn 0.878613 -0.469628 -0.086538
v 0.083336 0.124720 -0.055744
vn 0.470892 0.880971 -0.046379
v 0.081734 0.124720 -0.072002
vn 0.470892 0.880971 -0.046379
v 0.056300 0.138582 -0.066943
vn 0.470892 0.880971 -0.046379
v 0.147118 -0.029263 -0.055744
vn 0.952718 -0.289004 -0.093834
v 0.138582 -0.057402 -0.055744
vn 0.952718 -0.289004 -0.093834
v 0.135919 -0.057402 -0.082780
vn 0.952718 -0.289004 -0.093834
v 0.057403 0.138582 -0.055744
vn 0.290163 0.956550 -0.028579
v 0.056300 0.138582 -0.066943
vn 0.290163 0.956550 -0.028579
v 0.028701 0.147118 -0.061453
vn 0.290163 0.956550 -0.028579
v 0.150000 0.000000 -0.055744
vn 0.990438 -0.097549 -0.097551
v 0.147118 -0.029263 -0.055744
vn 0.990438 -0.097549 -0.097551
v 0.144291 -0.029263 -0.084445
vn 0.990438 -0.097549 -0.097551
v 0.150000 0.000000 -0.055744
vn 0.990438 0.097552 -0.097548
v 0.147118 0.000000 -0.085007
vn 0.990438 0.097552 -0.097548
v 0.144291 0.029263 -0.084445
vn 0.990438 0.097552 -0.097548
v 0.057403 -0.138582 -0.055744
vn 0.290165 -0.956550 -0.028579
v 0.029264 -0.147118 -0.055744
vn 0.290165 -0.956550 -0.028579
v 0.028701 -0.147118 -0.061453
vn 0.290165 -0.956550 -0.028579
v 0.081734 0.124720 -0.072002
vn 0.452796 0.880971 -0.137355
v 0.076992 0.124720 -0.087635
vn 0.452796 0.880971 -0.137355
v 0.053033 0.138582 -0.077711
vn 0.452796 0.880971 -0.137355
v 0.144291 -0.029263 -0.084445
vn 0.916106 -0.289003 -0.277898
v 0.135919 -0.057402 -0.082780
vn 0.916106 -0.289003 -0.277898
v 0.128033 -0.057402 -0.108777
vn 0.916106 -0.289003 -0.277898
v 0.056300 0.138582 -0.066943
vn 0.279013 0.956550 -0.084638
v 0.053033 0.138582 -0.077711
vn 0.279013 0.956550 -0.084638
v 0.027036 0.147118 -0.066943
vn 0.279013 0.956550 -0.084638
v 0.147118 0.000000 -0.085007
vn 0.952377 -0.097552 -0.288898
v 0.144291 -0.029263 -0.084445
vn 0.952377 -0.097552 -0.288898
v 0.135919 -0.029263 -0.112044
vn 0.952377 -0.097552 -0.288898
v 0.147118 0.000000 -0.085007
vn 0.952376 0.097550 -0.288900
v 0.138582 0.000000 -0.113147
vn 0.952376 0.097550 -0.288900
v 0.135919 0.029263 -0.112044
vn 0.952376 0.097550 -0.288900
v 0.056300 -0.138582 -0.066943
vn 0.279013 -0.956550 -0.084640
v 0.028701 -0.147118 -0.061453
vn 0.279013 -0.956550 -0.084640
v 0.027036 -0.147118 -0.066943
vn 0.279013 -0.956550 -0.084640
v 0.144291 0.029263 -0.084445
vn 0.916107 0.289004 -0.277895
v 0.135919 0.029263 -0.112044
vn 0.916107 0.289004 -0.277895
v 0.128033 0.057402 -0.108777
vn 0.916107 0.289004 -0.277895
v 0.081734 -0.124720 -0.072002
vn 0.452793 -0.880972 -0.137354
v 0.056300 -0.138582 -0.066943
vn 0.452793 -0.880972 -0.137354
v 0.053033 -0.138582 -0.077711
vn 0.452793 -0.880972 -0.137354
v 0.135919 0.057402 -0.082780
vn 0.844847 0.469631 -0.256282
v 0.128033 0.057402 -0.108777
vn 0.844847 0.469631 -0.256282
v 0.115227 0.083335 -0.103472
vn 0.844847 0.469631 -0.256282
v 0.104028 -0.106066 -0.076436
vn 0.608828 -0.771505 -0.184686
v 0.081734 -0.124720 -0.072002
vn 0.608828 -0.771505 -0.184686
v 0.076992 -0.124720 -0.087635
vn 0.608828 -0.771505 -0.184686
v 0.122324 0.083335 -0.080076
vn 0.741161 0.632560 -0.224830
v 0.115227 0.083335 -0.103472
vn 0.741161 0.632560 -0.224830
v 0.097992 0.106066 -0.096334
vn 0.741161 0.632560 -0.224830
v 0.122324 -0.083335 -0.080076
vn 0.741161 -0.632561 -0.224825
v 0.104028 -0.106066 -0.076436
vn 0.741161 -0.632561 -0.224825
v 0.097992 -0.106066 -0.096334
vn 0.741161 -0.632561 -0.224825
v 0.104028 0.106066 -0.076436
vn 0.608824 0.771508 -0.184685
v 0.097992 0.106066 -0.096334
vn 0.608824 0.771508 -0.184685
v 0.076992 0.124720 -0.087635
vn 0.608824 0.771508 -0.184685
v 0.135919 -0.057402 -0.082780
vn 0.844847 -0.469630 -0.256282
v 0.122324 -0.083335 -0.080076
vn 0.844847 -0.469630 -0.256282
v 0.115227 -0.083335 -0.103472
vn 0.844847 -0.469630 -0.256282
v 0.128033 0.057402 -0.108777
vn 0.778617 0.469628 -0.416180
v 0.115227 0.057402 -0.132736
vn 0.778617 0.469628 -0.416180
v 0.103701 0.083335 -0.125035
vn 0.778617 0.469628 -0.416180
v 0.097992 -0.106066 -0.096334
vn 0.561097 -0.771507 -0.299913
v 0.076992 -0.124720 -0.087635
vn 0.561097 -0.771507 -0.299913
v 0.069291 -0.124720 -0.102043
vn 0.561097 -0.771507 -0.299913
v 0.115227 0.083335 -0.103472
vn 0.683058 0.632562 -0.365099
v 0.103701 0.083335 -0.125035
vn 0.683058 0.632562 -0.365099
v 0.088191 0.106066 -0.114671
vn 0.683058 0.632562 -0.365099
v 0.115227 -0.083335 -0.103472
vn 0.683057 -0.632559 -0.365106
v 0.097992 -0.106066 -0.096334
vn 0.683057 -0.632559 -0.365106
v 0.088191 -0.106066 -0.114671
vn 0.683057 -0.632559 -0.365106
v 0.097992 0.106066 -0.096334
vn 0.561097 0.771506 -0.299914
v 0.088191 0.106066 -0.114671
vn 0.561097 0.771506 -0.299914
v 0.069291 0.124720 -0.102043
vn 0.561097 0.771506 -0.299914
v 0.128033 -0.057402 -0.108777
vn 0.778617 -0.469630 -0.416177
v 0.115227 -0.083335 -0.103472
vn 0.778617 -0.469630 -0.416177
v 0.103701 -0.083335 -0.125035
vn 0.778617 -0.469630 -0.416177
v 0.076992 0.124720 -0.087635
vn 0.417300 0.880971 -0.223049
v 0.069291 0.124720 -0.102043
vn 0.417300 0.880971 -0.223049
v 0.047728 0.138582 -0.087635
vn 0.417300 0.880971 -0.223049
v 0.135919 -0.029263 -0.112044
vn 0.844288 -0.289004 -0.451282
v 0.128033 -0.057402 -0.108777
vn 0.844288 -0.289004 -0.451282
v 0.115227 -0.057402 -0.132736
vn 0.844288 -0.289004 -0.451282
v 0.053033 0.138582 -0.077711
vn 0.257141 0.956550 -0.137443
v 0.047728 0.138582 -0.087635
vn 0.257141 0.956550 -0.137443
v 0.024332 0.147118 -0.072002
vn 0.257141 0.956550 -0.137443
v 0.138582 0.000000 -0.113147
vn 0.877714 -0.097550 -0.469150
v 0.135919 -0.029263 -0.112044
vn 0.877714 -0.097550 -0.469150
v 0.122324 -0.029263 -0.137478
vn 0.877714 -0.097550 -0.469150
v 0.138582 0.000000 -0.113147
vn 0.877715 0.097553 -0.469148
v 0.124720 0.000000 -0.139080
vn 0.877715 0.097553 -0.469148
v 0.122324 0.029263 -0.137478
vn 0.877715 0.097553 -0.469148
v 0.053033 -0.138582 -0.077711
vn 0.257142 -0.956550 -0.137441
v 0.027036 -0.147118 -0.066943
vn 0.257142 -0.956550 -0.137441
v 0.024332 -0.147118 -0.072002
vn 0.257142 -0.956550 -0.137441
v 0.135919 0.029263 -0.112044
vn 0.844287 0.289003 -0.451283
v 0.122324 0.029263 -0.137478
vn 0.844287 0.289003 -0.451283
v 0.115227 0.057402 -0.132736
vn 0.844287 0.289003 -0.451283
v 0.076992 -0.124720 -0.087635
vn 0.417297 -0.880973 -0.223047
v 0.053033 -0.138582 -0.077711
vn 0.417297 -0.880973 -0.223047
v 0.047729 -0.138582 -0.087635
vn 0.417297 -0.880973 -0.223047
v 0.047728 0.138582 -0.087635
vn 0.225385 0.956550 -0.184969
v 0.040590 0.138582 -0.096334
vn 0.225385 0.956550 -0.184969
v 0.020693 0.147118 -0.076436
vn 0.225385 0.956550 -0.184969
v 0.124720 0.000000 -0.139080
vn 0.769325 -0.097552 -0.631366
v 0.122324 -0.029263 -0.137478
vn 0.769325 -0.097552 -0.631366
v 0.104028 -0.029263 -0.159772
vn 0.769325 -0.097552 -0.631366
v 0.124720 0.000000 -0.139080
vn 0.769325 0.097552 -0.631366
v 0.106066 0.000000 -0.161810
vn 0.769325 0.097552 -0.631366
v 0.104028 0.029263 -0.159772
vn 0.769325 0.097552 -0.631366
v 0.047729 -0.138582 -0.087635
vn 0.225383 -0.956550 -0.184971
v 0.024332 -0.147118 -0.072002
vn 0.225383 -0.956550 -0.184971
v 0.020693 -0.147118 -0.076436
vn 0.225383 -0.956550 -0.184971
v 0.122324 0.029263 -0.137478
vn 0.740026 0.289002 -0.607321
v 0.104028 0.029263 -0.159772
vn 0.740026 0.289002 -0.607321
v 0.097992 0.057402 -0.153736
vn 0.740026 0.289002 -0.607321
v 0.069291 -0.124720 -0.102043
vn 0.365764 -0.880973 -0.300173
v 0.047729 -0.138582 -0.087635
vn 0.365764 -0.880973 -0.300173
v 0.040590 -0.138582 -0.096334
vn 0.365764 -0.880973 -0.300173
v 0.115227 0.057402 -0.132736
vn 0.682465 0.469632 -0.560079
v 0.097992 0.057402 -0.153736
vn 0.682465 0.469632 -0.560079
v 0.088191 0.083335 -0.143935
vn 0.682465 0.469632 -0.560079
v 0.088191 -0.106066 -0.114671
vn 0.491806 -0.771505 -0.403618
v 0.069291 -0.124720 -0.102043
vn 0.491806 -0.771505 -0.403618
v 0.058927 -0.124720 -0.114671
vn 0.491806 -0.771505 -0.403618
v 0.103701 0.083335 -0.125035
vn 0.598704 0.632561 -0.491345
v 0.088191 0.083335 -0.143935
vn 0.598704 0.632561 -0.491345
v 0.075000 0.106066 -0.130744
vn 0.598704 0.632561 -0.491345
v 0.103701 -0.083335 -0.125035
vn 0.598705 -0.632562 -0.491343
v 0.088191 -0.106066 -0.114671
vn 0.598705 -0.632562 -0.491343
v 0.075000 -0.106066 -0.130744
vn 0.598705 -0.632562 -0.491343
v 0.088191 0.106066 -0.114671
vn 0.491805 0.771507 -0.403614
v 0.075000 0.106066 -0.130744
vn 0.491805 0.771507 -0.403614
v 0.058927 0.124720 -0.114671
vn 0.491805 0.771507 -0.403614
v 0.115227 -0.057402 -0.132736
vn 0.682462 -0.469628 -0.560084
v 0.103701 -0.083335 -0.125035
vn 0.682462 -0.469628 -0.560084
v 0.088191 -0.083335 -0.143935
vn 0.682462 -0.469628 -0.560084
v 0.069291 0.124720 -0.102043
vn 0.365765 0.880971 -0.300178
v 0.058927 0.124720 -0.114671
vn 0.365765 0.880971 -0.300178
v 0.040590 0.138582 -0.096334
vn 0.365765 0.880971 -0.300178
v 0.122324 -0.029263 -0.137478
vn 0.740027 -0.289004 -0.607319
v 0.115227 -0.057402 -0.132736
vn 0.740027 -0.289004 -0.607319
v 0.097992 -0.057402 -0.153736
vn 0.740027 -0.289004 -0.607319
v 0.075000 -0.106066 -0.130744
vn 0.403617 -0.771507 -0.491804
v 0.058927 -0.124720 -0.114671
vn 0.403617 -0.771507 -0.491804
v 0.046299 -0.124720 -0.125035
vn 0.403617 -0.771507 -0.491804
v 0.088191 0.083335 -0.143935
vn 0.491345 0.632562 -0.598703
v 0.069291 0.083335 -0.159445
vn 0.491345 0.632562 -0.598703
v 0.058927 0.106066 -0.143935
vn 0.491345 0.632562 -0.598703
v 0.088191 -0.083335 -0.143935
vn 0.491345 -0.632560 -0.598705
v 0.075000 -0.106066 -0.130744
vn 0.491345 -0.632560 -0.598705
v 0.058927 -0.106066 -0.143935
vn 0.491345 -0.632560 -0.598705
v 0.075000 0.106066 -0.130744
vn 0.403615 0.771506 -0.491806
v 0.058927 0.106066 -0.143935
vn 0.403615 0.771506 -0.491806
v 0.046299 0.124720 -0.125035
vn 0.403615 0.771506 -0.491806
v 0.097992 -0.057402 -0.153736
vn 0.560083 -0.469633 -0.682460
v 0.088191 -0.083335 -0.143935
vn 0.560083 -0.469633 -0.682460
v 0.069291 -0.083335 -0.159445
vn 0.560083 -0.469633 -0.682460
v 0.058927 0.124720 -0.114671
vn 0.300178 0.880971 -0.365765
v 0.046299 0.124720 -0.125035
vn 0.300178 0.880971 -0.365765
v 0.031891 0.138582 -0.103472
vn 0.300178 0.880971 -0.365765
v 0.104028 -0.029263 -0.159772
vn 0.607320 -0.289003 -0.740027
v 0.097992 -0.057402 -0.153736
vn 0.607320 -0.289003 -0.740027
v 0.076992 -0.057402 -0.170971
vn 0.607320 -0.289003 -0.740027
v 0.040590 0.138582 -0.096334
vn 0.184969 0.956550 -0.225385
v 0.031891 0.138582 -0.103472
vn 0.184969 0.956550 -0.225385
v 0.016258 0.147118 -0.080076
vn 0.184969 0.956550 -0.225385
v 0.106066 0.000000 -0.161810
vn 0.631364 -0.097552 -0.769326
v 0.104028 -0.029263 -0.159772
vn 0.631364 -0.097552 -0.769326
v 0.081734 -0.029263 -0.178068
vn 0.631364 -0.097552 -0.769326
v 0.106066 0.000000 -0.161810
vn 0.631364 0.097552 -0.769326
v 0.083336 0.000000 -0.180464
vn 0.631364 0.097552 -0.769326
v 0.081734 0.029263 -0.178068
vn 0.631364 0.097552 -0.769326
v 0.040590 -0.138582 -0.096334
vn 0.184972 -0.956550 -0.225382
v 0.020693 -0.147118 -0.076436
vn 0.184972 -0.956550 -0.225382
v 0.016258 -0.147118 -0.080076
vn 0.184972 -0.956550 -0.225382
v 0.104028 0.029263 -0.159772
vn 0.607320 0.289002 -0.740027
v 0.081734 0.029263 -0.178068
vn 0.607320 0.289002 -0.740027
v 0.076992 0.057402 -0.170971
vn 0.607320 0.289002 -0.740027
v 0.058927 -0.124720 -0.114671
vn 0.300173 -0.880972 -0.365767
v 0.040590 -0.138582 -0.096334
vn 0.300173 -0.880972 -0.365767
v 0.031891 -0.138582 -0.103472
vn 0.300173 -0.880972 -0.365767
v 0.097992 0.057402 -0.153736
vn 0.560081 0.469629 -0.682465
v 0.076992 0.057402 -0.170971
vn 0.560081 0.469629 -0.682465
v 0.069291 0.083335 -0.159445
vn 0.560081 0.469629 -0.682465
v 0.083336 0.000000 -0.180464
vn 0.469151 -0.097552 -0.877714
v 0.081734 -0.029263 -0.178068
vn 0.469151 -0.097552 -0.877714
v 0.056300 -0.029263 -0.191663
vn 0.469151 -0.097552 -0.877714
v 0.083336 0.000000 -0.180464
vn 0.469152 0.097554 -0.877713
v 0.057403 0.000000 -0.194326
vn 0.469152 0.097554 -0.877713
v 0.056300 0.029263 -0.191663
vn 0.469152 0.097554 -0.877713
v 0.031891 -0.138582 -0.103472
vn 0.137443 -0.956550 -0.257143
v 0.016258 -0.147118 -0.080076
vn 0.137443 -0.956550 -0.257143
v 0.011199 -0.147118 -0.082780
vn 0.137443 -0.956550 -0.257143
v 0.081734 0.029263 -0.178068
vn 0.451284 0.289001 -0.844287
v 0.056300 0.029263 -0.191663
vn 0.451284 0.289001 -0.844287
v 0.053033 0.057402 -0.183777
vn 0.451284 0.289001 -0.844287
v 0.046299 -0.124720 -0.125035
vn 0.223053 -0.880972 -0.417295
v 0.031891 -0.138582 -0.103472
vn 0.223053 -0.880972 -0.417295
v 0.021967 -0.138582 -0.108777
vn 0.223053 -0.880972 -0.417295
v 0.076992 0.057402 -0.170971
vn 0.416182 0.469629 -0.778615
v 0.053033 0.057402 -0.183777
vn 0.416182 0.469629 -0.778615
v 0.047728 0.083335 -0.170971
vn 0.416182 0.469629 -0.778615
v 0.058927 -0.106066 -0.143935
vn 0.299913 -0.771507 -0.561097
v 0.046299 -0.124720 -0.125035
vn 0.299913 -0.771507 -0.561097
v 0.031891 -0.124720 -0.132736
vn 0.299913 -0.771507 -0.561097
v 0.069291 0.083335 -0.159445
vn 0.365102 0.632562 -0.683056
v 0.047728 0.083335 -0.170971
vn 0.365102 0.632562 -0.683056
v 0.040590 0.106066 -0.153736
vn 0.365102 0.632562 -0.683056
v 0.069291 -0.083335 -0.159445
vn 0.365103 -0.632561 -0.683057
v 0.058927 -0.106066 -0.143935
vn 0.365103 -0.632561 -0.683057
v 0.040590 -0.106066 -0.153736
vn 0.365103 -0.632561 -0.683057
v 0.058927 0.106066 -0.143935
vn 0.299915 0.771507 -0.561095
v 0.040590 0.106066 -0.153736
vn 0.299915 0.771507 -0.561095
v 0.031891 0.124720 -0.132736
vn 0.299915 0.771507 -0.561095
v 0.076992 -0.057402 -0.170971
vn 0.416181 -0.469629 -0.778615
v 0.069291 -0.083335 -0.159445
vn 0.416181 -0.469629 -0.778615
v 0.047729 -0.083335 -0.170971
vn 0.416181 -0.469629 -0.778615
v 0.046299 0.124720 -0.125035
vn 0.223052 0.880971 -0.417299
v 0.031891 0.124720 -0.132736
vn 0.223052 0.880971 -0.417299
v 0.021967 0.138582 -0.108777
vn 0.223052 0.880971 -0.417299
v 0.081734 -0.029263 -0.178068
vn 0.451284 -0.289002 -0.844287
v 0.076992 -0.057402 -0.170971
vn 0.451284 -0.289002 -0.844287
v 0.053033 -0.057402 -0.183777
vn 0.451284 -0.289002 -0.844287
v 0.031891 0.138582 -0.103472
vn 0.137446 0.956550 -0.257138
v 0.021967 0.138582 -0.108777
vn 0.137446 0.956550 -0.257138
v 0.011199 0.147118 -0.082780
vn 0.137446 0.956550 -0.257138
v 0.047728 0.083335 -0.170971
vn 0.224828 0.632560 -0.741161
v 0.024332 0.083335 -0.178068
vn 0.224828 0.632560 -0.741161
v 0.020693 0.106066 -0.159772
vn 0.224828 0.632560 -0.741161
v 0.047729 -0.083335 -0.170971
vn 0.224828 -0.632561 -0.741160
v 0.040590 -0.106066 -0.153736
vn 0.224828 -0.632561 -0.741160
v 0.020693 -0.106066 -0.159772
vn 0.224828 -0.632561 -0.741160
v 0.040590 0.106066 -0.153736
vn 0.184685 0.771508 -0.608825
v 0.020693 0.106066 -0.159772
vn 0.184685 0.771508 -0.608825
v 0.016258 0.124720 -0.137478
vn 0.184685 0.771508 -0.608825
v 0.053033 -0.057402 -0.183777
vn 0.256281 -0.469630 -0.844848
v 0.047729 -0.083335 -0.170971
vn 0.256281 -0.469630 -0.844848
v 0.024332 -0.083335 -0.178068
vn 0.256281 -0.469630 -0.844848
v 0.031891 0.124720 -0.132736
vn 0.137353 0.880972 -0.452795
v 0.016258 0.124720 -0.137478
vn 0.137353 0.880972 -0.452795
v 0.011199 0.138582 -0.112044
vn 0.137353 0.880972 -0.452795
v 0.056300 -0.029263 -0.191663
vn 0.277896 -0.289002 -0.916107
v 0.053033 -0.057402 -0.183777
vn 0.277896 -0.289002 -0.916107
v 0.027036 -0.057402 -0.191663
vn 0.277896 -0.289002 -0.916107
v 0.021967 0.138582 -0.108777
vn 0.084636 0.956550 -0.279013
v 0.011199 0.138582 -0.112044
vn 0.084636 0.956550 -0.279013
v 0.005709 0.147118 -0.084445
vn 0.084636 0.956550 -0.279013
v 0.057403 0.000000 -0.194326
vn 0.288899 -0.097553 -0.952377
v 0.056300 -0.029263 -0.191663
vn 0.288899 -0.097553 -0.952377
v 0.028701 -0.029263 -0.200035
vn 0.288899 -0.097553 -0.952377
v 0.057403 0.000000 -0.194326
vn 0.288900 0.097555 -0.952376
v 0.029264 0.000000 -0.202862
vn 0.288900 0.097555 -0.952376
v 0.028701 0.029263 -0.200035
vn 0.288900 0.097555 -0.952376
v 0.021967 -0.138582 -0.108777
vn 0.084636 -0.956550 -0.279015
v 0.011199 -0.147118 -0.082780
vn 0.084636 -0.956550 -0.279015
v 0.005709 -0.147118 -0.084445
vn 0.084636 -0.956550 -0.279015
v 0.056300 0.029263 -0.191663
vn 0.277896 0.289002 -0.916107
v 0.028701 0.029263 -0.200035
vn 0.277896 0.289002 -0.916107
v 0.027036 0.057402 -0.191663
vn 0.277896 0.289002 -0.916107
v 0.031891 -0.124720 -0.132736
vn 0.137350 -0.880972 -0.452796
v 0.021967 -0.138582 -0.108777
vn 0.137350 -0.880972 -0.452796
v 0.011199 -0.138582 -0.112044
vn 0.137350 -0.880972 -0.452796
v 0.053033 0.057402 -0.183777
vn 0.256280 0.469629 -0.844849
v 0.027036 0.057402 -0.191663
vn 0.256280 0.469629 -0.844849
v 0.024332 0.083335 -0.178068
vn 0.256280 0.469629 -0.844849
v 0.040590 -0.106066 -0.153736
vn 0.184686 -0.771506 -0.608827
v 0.031891 -0.124720 -0.132736
vn 0.184686 -0.771506 -0.608827
v 0.016258 -0.124720 -0.137478
vn 0.184686 -0.771506 -0.608827
v 0.029264 0.000000 -0.202862
vn 0.097548 0.097552 -0.990438
v 0.000000 0.000000 -0.205744
vn 0.097548 0.097552 -0.990438
v 0.000000 0.029263 -0.202862
vn 0.097548 0.097552 -0.990438
v 0.011199 -0.138582 -0.112044
vn 0.028583 -0.956550 -0.290164
v 0.005709 -0.147118 -0.084445
vn 0.028583 -0.956550 -0.290164
v 0.000000 -0.147118 -0.085008
vn 0.028583 -0.956550 -0.290164
v 0.028701 0.029263 -0.200035
vn 0.093835 0.289004 -0.952718
v 0.000000 0.029263 -0.202862
vn 0.093835 0.289004 -0.952718
v 0.000000 0.057402 -0.194326
vn 0.093835 0.289004 -0.952718
v 0.016258 -0.124720 -0.137478
vn 0.046377 -0.880972 -0.470890
v 0.011199 -0.138582 -0.112044
vn 0.046377 -0.880972 -0.470890
v 0.000000 -0.138582 -0.113146
vn 0.046377 -0.880972 -0.470890
v 0.027036 0.057402 -0.191663
vn 0.086535 0.469627 -0.878614
v 0.000000 0.057402 -0.194326
vn 0.086535 0.469627 -0.878614
v 0.000000 0.083335 -0.180464
vn 0.086535 0.469627 -0.878614
v 0.020693 -0.106066 -0.159772
vn 0.062361 -0.771506 -0.633158
v 0.016258 -0.124720 -0.137478
vn 0.062361 -0.771506 -0.633158
v 0.000000 -0.124720 -0.139080
vn 0.062361 -0.771506 -0.633158
v 0.024332 0.083335 -0.178068
vn 0.075918 0.632560 -0.770782
v 0.000000 0.083335 -0.180464
vn 0.075918 0.632560 -0.770782
v 0.000000 0.106066 -0.161810
vn 0.075918 0.632560 -0.770782
v 0.024332 -0.083335 -0.178068
vn 0.075913 -0.632560 -0.770782
v 0.020693 -0.106066 -0.159772
vn 0.075913 -0.632560 -0.770782
v 0.000000 -0.106066 -0.161810
vn 0.075913 -0.632560 -0.770782
v 0.020693 0.106066 -0.159772
vn 0.062362 0.771508 -0.633157
v 0.000000 0.106066 -0.161810
vn 0.062362 0.771508 -0.633157
v 0.000000 0.124720 -0.139080
vn 0.062362 0.771508 -0.633157
v 0.027036 -0.057402 -0.191663
vn 0.086538 -0.469629 -0.878612
v 0.024332 -0.083335 -0.178068
vn 0.086538 -0.469629 -0.878612
v 0.000000 -0.083335 -0.180464
vn 0.086538 -0.469629 -0.878612
v 0.016258 0.124720 -0.137478
vn 0.046379 0.880972 -0.470890
v 0.000000 0.124720 -0.139080
vn 0.046379 0.880972 -0.470890
v 0.000000 0.138582 -0.113146
vn 0.046379 0.880972 -0.470890
v 0.028701 -0.029263 -0.200035
vn 0.093834 -0.289003 -0.952719
v 0.027036 -0.057402 -0.191663
vn 0.093834 -0.289003 -0.952719
v 0.000000 -0.057402 -0.194326
vn 0.093834 -0.289003 -0.952719
v 0.011199 0.138582 -0.112044
vn 0.028579 0.956550 -0.290164
v 0.000000 0.138582 -0.113146
vn 0.028579 0.956550 -0.290164
v 0.000000 0.147118 -0.085008
vn 0.028579 0.956550 -0.290164
v 0.029264 0.000000 -0.202862
vn 0.097550 -0.097553 -0.990438
v 0.028701 -0.029263 -0.200035
vn 0.097550 -0.097553 -0.990438
v 0.000000 -0.029263 -0.202862
vn 0.097550 -0.097553 -0.990438
v 0.000000 -0.106066 -0.161810
vn -0.075913 -0.632561 -0.770781
v -0.020692 -0.106066 -0.159772
vn -0.075913 -0.632561 -0.770781
v -0.024332 -0.083335 -0.178068
vn -0.075913 -0.632561 -0.770781
v 0.000000 0.124720 -0.139080
vn -0.062362 0.771507 -0.633157
v 0.000000 0.106066 -0.161810
vn -0.062362 0.771507 -0.633157
v -0.020692 0.106066 -0.159772
vn -0.062362 0.771507 -0.633157
v 0.000000 -0.083335 -0.180464
vn -0.086538 -0.469631 -0.878611
v -0.024332 -0.083335 -0.178068
vn -0.086538 -0.469631 -0.878611
v -0.027036 -0.057402 -0.191663
vn -0.086538 -0.469631 -0.878611
v 0.000000 0.138582 -0.113146
vn -0.046379 0.880972 -0.470890
v 0.000000 0.124720 -0.139080
vn -0.046379 0.880972 -0.470890
v -0.016258 0.124720 -0.137478
vn -0.046379 0.880972 -0.470890
v 0.000000 -0.057402 -0.194326
vn -0.093832 -0.289002 -0.952719
v -0.027036 -0.057402 -0.191663
vn -0.093832 -0.289002 -0.952719
v -0.028701 -0.029263 -0.200035
vn -0.093832 -0.289002 -0.952719
v 0.000000 0.147118 -0.085008
vn -0.028577 0.956550 -0.290164
v 0.000000 0.138582 -0.113146
vn -0.028577 0.956550 -0.290164
v -0.011199 0.138582 -0.112044
vn -0.028577 0.956550 -0.290164
v 0.000000 -0.029263 -0.202862
vn -0.097550 -0.097551 -0.990438
v -0.028701 -0.029263 -0.200035
vn -0.097550 -0.097551 -0.990438
v -0.029263 0.000000 -0.202862
vn -0.097550 -0.097551 -0.990438
v 0.000000 0.029263 -0.202862
vn -0.097550 0.097554 -0.990438
v 0.000000 0.000000 -0.205744
vn -0.097550 0.097554 -0.990438
v -0.029263 0.000000 -0.202862
vn -0.097550 0.097554 -0.990438
v 0.000000 -0.147118 -0.085008
vn -0.028581 -0.956550 -0.290163
v -0.005709 -0.147118 -0.084445
vn -0.028581 -0.956550 -0.290163
v -0.011199 -0.138582 -0.112044
vn -0.028581 -0.956550 -0.290163
v 0.000000 0.057402 -0.194326
vn -0.093835 0.289003 -0.952718
v 0.000000 0.029263 -0.202862
vn -0.093835 0.289003 -0.952718
v -0.028701 0.029263 -0.200035
vn -0.093835 0.289003 -0.952718
v 0.000000 -0.138582 -0.113146
vn -0.046372 -0.880971 -0.470893
v -0.011199 -0.138582 -0.112044
vn -0.046372 -0.880971 -0.470893
v -0.016258 -0.124720 -0.137478
vn -0.046372 -0.880971 -0.470893
v 0.000000 0.083335 -0.180464
vn -0.086535 0.469628 -0.878614
v 0.000000 0.057402 -0.194326
vn -0.086535 0.469628 -0.878614
v -0.027036 0.057402 -0.191663
vn -0.086535 0.469628 -0.878614
v 0.000000 -0.124720 -0.139080
vn -0.062361 -0.771506 -0.633158
v -0.016258 -0.124720 -0.137478
vn -0.062361 -0.771506 -0.633158
v -0.020692 -0.106066 -0.159772
vn -0.062361 -0.771506 -0.633158
v 0.000000 0.106066 -0.161810
vn -0.075918 0.632560 -0.770782
v 0.000000 0.083335 -0.180464
vn -0.075918 0.632560 -0.770782
v -0.024332 0.083335 -0.178068
vn -0.075918 0.632560 -0.770782
v -0.028701 0.029263 -0.200035
vn -0.288901 0.097552 -0.952376
v -0.029263 0.000000 -0.202862
vn -0.288901 0.097552 -0.952376
v -0.057402 0.000000 -0.194326
vn -0.288901 0.097552 -0.952376
v -0.005709 -0.147118 -0.084445
vn -0.084635 -0.956550 -0.279016
v -0.011199 -0.147118 -0.082780
vn -0.084635 -0.956550 -0.279016
v -0.021967 -0.138582 -0.108777
vn -0.084635 -0.956550 -0.279016
v -0.027036 0.057402 -0.191663
vn -0.277895 0.289003 -0.916107
v -0.028701 0.029263 -0.200035
vn -0.277895 0.289003 -0.916107
v -0.056299 0.029263 -0.191663
vn -0.277895 0.289003 -0.916107
v -0.011199 -0.138582 -0.112044
vn -0.137357 -0.880972 -0.452794
v -0.021967 -0.138582 -0.108777
vn -0.137357 -0.880972 -0.452794
v -0.031891 -0.124720 -0.132736
vn -0.137357 -0.880972 -0.452794
v -0.024332 0.083335 -0.178068
vn -0.256282 0.469628 -0.844849
v -0.027036 0.057402 -0.191663
vn -0.256282 0.469628 -0.844849
v -0.053033 0.057402 -0.183777
vn -0.256282 0.469628 -0.844849
v -0.016258 -0.124720 -0.137478
vn -0.184686 -0.771506 -0.608826
v -0.031891 -0.124720 -0.132736
vn -0.184686 -0.771506 -0.608826
v -0.040590 -0.106066 -0.153736
vn -0.184686 -0.771506 -0.608826
v -0.020692 0.106066 -0.159772
vn -0.224827 0.632561 -0.741161
v -0.024332 0.083335 -0.178068
vn -0.224827 0.632561 -0.741161
v -0.047728 0.083335 -0.170971
vn -0.224827 0.632561 -0.741161
v -0.020692 -0.106066 -0.159772
vn -0.224828 -0.632560 -0.741161
v -0.040590 -0.106066 -0.153736
vn -0.224828 -0.632560 -0.741161
v -0.047728 -0.083335 -0.170971
vn -0.224828 -0.632560 -0.741161
v -0.016258 0.124720 -0.137478
vn -0.184685 0.771507 -0.608825
v -0.020692 0.106066 -0.159772
vn -0.184685 0.771507 -0.608825
v -0.040590 0.106066 -0.153736
vn -0.184685 0.771507 -0.608825
v -0.024332 -0.083335 -0.178068
vn -0.256280 -0.469629 -0.844848
v -0.047728 -0.083335 -0.170971
vn -0.256280 -0.469629 -0.844848
v -0.053033 -0.057402 -0.183777
vn -0.256280 -0.469629 -0.844848
v -0.011199 0.138582 -0.112044
vn -0.137354 0.880971 -0.452795
v -0.016258 0.124720 -0.137478
vn -0.137354 0.880971 -0.452795
v -0.031891 0.124720 -0.132736
vn -0.137354 0.880971 -0.452795
v -0.027036 -0.057402 -0.191663
vn -0.277898 -0.289004 -0.916106
v -0.053033 -0.057402 -0.183777
vn -0.277898 -0.289004 -0.916106
v -0.056299 -0.029263 -0.191663
vn -0.277898 -0.289004 -0.916106
v -0.005709 0.147118 -0.084445
vn -0.084635 0.956550 -0.279013
v -0.011199 0.138582 -0.112044
vn -0.084635 0.956550 -0.279013
v -0.021967 0.138582 -0.108777
vn -0.084635 0.956550 -0.279013
v -0.028701 -0.029263 -0.200035
vn -0.288897 -0.097547 -0.952378
v -0.056299 -0.029263 -0.191663
vn -0.288897 -0.097547 -0.952378
v -0.057402 0.000000 -0.194326
vn -0.288897 -0.097547 -0.952378
v -0.031891 0.124720 -0.132736
vn -0.299914 0.771507 -0.561096
v -0.040590 0.106066 -0.153736
vn -0.299914 0.771507 -0.561096
v -0.058927 0.106066 -0.143935
vn -0.299914 0.771507 -0.561096
v -0.047728 -0.083335 -0.170971
vn -0.416178 -0.469626 -0.778619
v -0.069291 -0.083335 -0.159445
vn -0.416178 -0.469626 -0.778619
v -0.076992 -0.057402 -0.170971
vn -0.416178 -0.469626 -0.778619
v -0.021967 0.138582 -0.108777
vn -0.223051 0.880971 -0.417299
v -0.031891 0.124720 -0.132736
vn -0.223051 0.880971 -0.417299
v -0.046299 0.124720 -0.125035
vn -0.223051 0.880971 -0.417299
v -0.053033 -0.057402 -0.183777
vn -0.451283 -0.289003 -0.844287
v -0.076992 -0.057402 -0.170971
vn -0.451283 -0.289003 -0.844287
v -0.081734 -0.029263 -0.178068
vn -0.451283 -0.289003 -0.844287
v -0.011199 0.147118 -0.082780
vn -0.137446 0.956550 -0.257139
v -0.021967 0.138582 -0.108777
vn -0.137446 0.956550 -0.257139
v -0.031891 0.138582 -0.103472
vn -0.137446 0.956550 -0.257139
v -0.056299 -0.029263 -0.191663
vn -0.469151 -0.097552 -0.877713
v -0.081734 -0.029263 -0.178068
vn -0.469151 -0.097552 -0.877713
v -0.083335 0.000000 -0.180464
vn -0.469151 -0.097552 -0.877713
v -0.056299 0.029263 -0.191663
vn -0.469148 0.097547 -0.877715
v -0.057402 0.000000 -0.194326
vn -0.469148 0.097547 -0.877715
v -0.083335 0.000000 -0.180464
vn -0.469148 0.097547 -0.877715
v -0.011199 -0.147118 -0.082780
vn -0.137442 -0.956550 -0.257143
v -0.016258 -0.147118 -0.080076
vn -0.137442 -0.956550 -0.257143
v -0.031891 -0.138582 -0.103472
vn -0.137442 -0.956550 -0.257143
v -0.053033 0.057402 -0.183777
vn -0.451284 0.289003 -0.844287
v -0.056299 0.029263 -0.191663
vn -0.451284 0.289003 -0.844287
v -0.081734 0.029263 -0.178068
vn -0.451284 0.289003 -0.844287
v -0.021967 -0.138582 -0.108777
vn -0.223051 -0.880972 -0.417297
v -0.031891 -0.138582 -0.103472
vn -0.223051 -0.880972 -0.417297
v -0.046299 -0.124720 -0.125035
vn -0.223051 -0.880972 -0.417297
v -0.047728 0.083335 -0.170971
vn -0.416181 0.469628 -0.778616
v -0.053033 0.057402 -0.183777
vn -0.416181 0.469628 -0.778616
v -0.076992 0.057402 -0.170971
vn -0.416181 0.469628 -0.778616
v -0.031891 -0.124720 -0.132736
vn -0.299913 -0.771506 -0.561098
v -0.046299 -0.124720 -0.125035
vn -0.299913 -0.771506 -0.561098
v -0.058927 -0.106066 -0.143935
vn -0.299913 -0.771506 -0.561098
v -0.040590 0.106066 -0.153736
vn -0.365101 0.632561 -0.683058
v -0.047728 0.083335 -0.170971
vn -0.365101 0.632561 -0.683058
v -0.069291 0.083335 -0.159445
vn -0.365101 0.632561 -0.683058
v -0.040590 -0.106066 -0.153736
vn -0.365102 -0.632564 -0.683055
v -0.058927 -0.106066 -0.143935
vn -0.365102 -0.632564 -0.683055
v -0.069291 -0.083335 -0.159445
vn -0.365102 -0.632564 -0.683055
v -0.076992 0.057402 -0.170971
vn -0.607323 0.289002 -0.740025
v -0.081734 0.029263 -0.178068
vn -0.607323 0.289002 -0.740025
v -0.104028 0.029263 -0.159772
vn -0.607323 0.289002 -0.740025
v -0.031891 -0.138582 -0.103472
vn -0.300176 -0.880973 -0.365761
v -0.040590 -0.138582 -0.096334
vn -0.300176 -0.880973 -0.365761
v -0.058927 -0.124720 -0.114671
vn -0.300176 -0.880973 -0.365761
v -0.069291 0.083335 -0.159445
vn -0.560081 0.469627 -0.682466
v -0.076992 0.057402 -0.170971
vn -0.560081 0.469627 -0.682466
v -0.097992 0.057402 -0.153736
vn -0.560081 0.469627 -0.682466
v -0.046299 -0.124720 -0.125035
vn -0.403614 -0.771506 -0.491807
v -0.058927 -0.124720 -0.114671
vn -0.403614 -0.771506 -0.491807
v -0.075000 -0.106066 -0.130744
vn -0.403614 -0.771506 -0.491807
v -0.058927 0.106066 -0.143935
vn -0.491344 0.632562 -0.598704
v -0.069291 0.083335 -0.159445
vn -0.491344 0.632562 -0.598704
v -0.088190 0.083335 -0.143935
vn -0.491344 0.632562 -0.598704
v -0.058927 -0.106066 -0.143935
vn -0.491343 -0.632560 -0.598706
v -0.075000 -0.106066 -0.130744
vn -0.491343 -0.632560 -0.598706
v -0.088190 -0.083335 -0.143935
vn -0.491343 -0.632560 -0.598706
v -0.046299 0.124720 -0.125035
vn -0.403613 0.771507 -0.491806
v -0.058927 0.106066 -0.143935
vn -0.403613 0.771507 -0.491806
v -0.075000 0.106066 -0.130744
vn -0.403613 0.771507 -0.491806
v -0.069291 -0.083335 -0.159445
vn -0.560084 -0.469632 -0.682460
v -0.088190 -0.083335 -0.143935
vn -0.560084 -0.469632 -0.682460
v -0.097992 -0.057402 -0.153736
vn -0.560084 -0.469632 -0.682460
v -0.031891 0.138582 -0.103472
vn -0.300178 0.880971 -0.365764
v -0.046299 0.124720 -0.125035
vn -0.300178 0.880971 -0.365764
v -0.058927 0.124720 -0.114671
vn -0.300178 0.880971 -0.365764
v -0.076992 -0.057402 -0.170971
vn -0.607321 -0.288999 -0.740028
v -0.097992 -0.057402 -0.153736
vn -0.607321 -0.288999 -0.740028
v -0.104028 -0.029263 -0.159772
vn -0.607321 -0.288999 -0.740028
v -0.016258 0.147118 -0.080076
vn -0.184969 0.956550 -0.225385
v -0.031891 0.138582 -0.103472
vn -0.184969 0.956550 -0.225385
v -0.040590 0.138582 -0.096334
vn -0.184969 0.956550 -0.225385
v -0.081734 -0.029263 -0.178068
vn -0.631368 -0.097551 -0.769324
v -0.104028 -0.029263 -0.159772
vn -0.631368 -0.097551 -0.769324
v -0.106066 0.000000 -0.161810
vn -0.631368 -0.097551 -0.769324
v -0.081734 0.029263 -0.178068
vn -0.631368 0.097552 -0.769323
v -0.083335 0.000000 -0.180464
vn -0.631368 0.097552 -0.769323
v -0.106066 0.000000 -0.161810
vn -0.631368 0.097552 -0.769323
v -0.016258 -0.147118 -0.080076
vn -0.184978 -0.956549 -0.225383
v -0.020692 -0.147118 -0.076436
vn -0.184978 -0.956549 -0.225383
v -0.040590 -0.138582 -0.096334
vn -0.184978 -0.956549 -0.225383
v -0.040590 0.138582 -0.096334
vn -0.365764 0.880971 -0.300177
v -0.058927 0.124720 -0.114671
vn -0.365764 0.880971 -0.300177
v -0.069291 0.124720 -0.102043
vn -0.365764 0.880971 -0.300177
v -0.097992 -0.057402 -0.153736
vn -0.740026 -0.289004 -0.607321
v -0.115226 -0.057402 -0.132736
vn -0.740026 -0.289004 -0.607321
v -0.122324 -0.029263 -0.137478
vn -0.740026 -0.289004 -0.607321
v -0.020692 0.147118 -0.076436
vn -0.225384 0.956550 -0.184969
v -0.040590 0.138582 -0.096334
vn -0.225384 0.956550 -0.184969
v -0.047728 0.138582 -0.087635
vn -0.225384 0.956550 -0.184969
v -0.104028 -0.029263 -0.159772
vn -0.769323 -0.097549 -0.631369
v -0.122324 -0.029263 -0.137478
vn -0.769323 -0.097549 -0.631369
v -0.124720 0.000000 -0.139080
vn -0.769323 -0.097549 -0.631369
v -0.104028 0.029263 -0.159772
vn -0.769323 0.097550 -0.631368
v -0.106066 0.000000 -0.161810
vn -0.769323 0.097550 -0.631368
v -0.124720 0.000000 -0.139080
vn -0.769323 0.097550 -0.631368
v -0.020692 -0.147118 -0.076436
vn -0.225383 -0.956550 -0.184973
v -0.024332 -0.147118 -0.072002
vn -0.225383 -0.956550 -0.184973
v -0.047728 -0.138582 -0.087635
vn -0.225383 -0.956550 -0.184973
v -0.097992 0.057402 -0.153736
vn -0.740024 0.289000 -0.607324
v -0.104028 0.029263 -0.159772
vn -0.740024 0.289000 -0.607324
v -0.122324 0.029263 -0.137478
vn -0.740024 0.289000 -0.607324
v -0.040590 -0.138582 -0.096334
vn -0.365762 -0.880972 -0.300178
v -0.047728 -0.138582 -0.087635
vn -0.365762 -0.880972 -0.300178
v -0.069291 -0.124720 -0.102043
vn -0.365762 -0.880972 -0.300178
v -0.088190 0.083335 -0.143935
vn -0.682465 0.469629 -0.560081
v -0.097992 0.057402 -0.153736
vn -0.682465 0.469629 -0.560081
v -0.115226 0.057402 -0.132736
vn -0.682465 0.469629 -0.560081
v -0.058927 -0.124720 -0.114671
vn -0.491807 -0.771506 -0.403615
v -0.069291 -0.124720 -0.102043
vn -0.491807 -0.771506 -0.403615
v -0.088190 -0.106066 -0.114671
vn -0.491807 -0.771506 -0.403615
v -0.075000 0.106066 -0.130744
vn -0.598704 0.632561 -0.491345
v -0.088190 0.083335 -0.143935
vn -0.598704 0.632561 -0.491345
v -0.103701 0.083335 -0.125035
vn -0.598704 0.632561 -0.491345
v -0.075000 -0.106066 -0.130744
vn -0.598705 -0.632561 -0.491344
v -0.088190 -0.106066 -0.114671
vn -0.598705 -0.632561 -0.491344
v -0.103701 -0.083335 -0.125035
vn -0.598705 -0.632561 -0.491344
v -0.058927 0.124720 -0.114671
vn -0.491804 0.771508 -0.403613
v -0.075000 0.106066 -0.130744
vn -0.491804 0.771508 -0.403613
v -0.088190 0.106066 -0.114671
vn -0.491804 0.771508 -0.403613
v -0.088190 -0.083335 -0.143935
vn -0.682463 -0.469629 -0.560083
v -0.103701 -0.083335 -0.125035
vn -0.682463 -0.469629 -0.560083
v -0.115226 -0.057402 -0.132736
vn -0.682463 -0.469629 -0.560083
v -0.047728 -0.138582 -0.087635
vn -0.417298 -0.880972 -0.223049
v -0.053033 -0.138582 -0.077711
vn -0.417298 -0.880972 -0.223049
v -0.076992 -0.124720 -0.087635
vn -0.417298 -0.880972 -0.223049
v -0.103701 0.083335 -0.125035
vn -0.778617 0.469626 -0.416182
v -0.115226 0.057402 -0.132736
vn -0.778617 0.469626 -0.416182
v -0.128033 0.057402 -0.108777
vn -0.778617 0.469626 -0.416182
v -0.069291 -0.124720 -0.102043
vn -0.561098 -0.771507 -0.299910
v -0.076992 -0.124720 -0.087635
vn -0.561098 -0.771507 -0.299910
v -0.097992 -0.106066 -0.096334
vn -0.561098 -0.771507 -0.299910
v -0.088190 0.106066 -0.114671
vn -0.683058 0.632562 -0.365100
v -0.103701 0.083335 -0.125035
vn -0.683058 0.632562 -0.365100
v -0.115226 0.083335 -0.103472
vn -0.683058 0.632562 -0.365100
v -0.088190 -0.106066 -0.114671
vn -0.683057 -0.632561 -0.365101
v -0.097992 -0.106066 -0.096334
vn -0.683057 -0.632561 -0.365101
v -0.115226 -0.083335 -0.103472
vn -0.683057 -0.632561 -0.365101
v -0.069291 0.124720 -0.102043
vn -0.561095 0.771508 -0.299913
v -0.088190 0.106066 -0.114671
vn -0.561095 0.771508 -0.299913
v -0.097992 0.106066 -0.096334
vn -0.561095 0.771508 -0.299913
v -0.103701 -0.083335 -0.125035
vn -0.778617 -0.469631 -0.416177
v -0.115226 -0.083335 -0.103472
vn -0.778617 -0.469631 -0.416177
v -0.128033 -0.057402 -0.108777
vn -0.778617 -0.469631 -0.416177
v -0.047728 0.138582 -0.087635
vn -0.417299 0.880971 -0.223049
v -0.069291 0.124720 -0.102043
vn -0.417299 0.880971 -0.223049
v -0.076992 0.124720 -0.087635
vn -0.417299 0.880971 -0.223049
v -0.115226 -0.057402 -0.132736
vn -0.844288 -0.289000 -0.451283
v -0.128033 -0.057402 -0.108777
vn -0.844288 -0.289000 -0.451283
v -0.135919 -0.029263 -0.112044
vn -0.844288 -0.289000 -0.451283
v -0.024332 0.147118 -0.072002
vn -0.257139 0.956550 -0.137444
v -0.047728 0.138582 -0.087635
vn -0.257139 0.956550 -0.137444
v -0.053033 0.138582 -0.077711
vn -0.257139 0.956550 -0.137444
v -0.122324 -0.029263 -0.137478
vn -0.877715 -0.097552 -0.469148
v -0.135919 -0.029263 -0.112044
vn -0.877715 -0.097552 -0.469148
v -0.138582 0.000000 -0.113147
vn -0.877715 -0.097552 -0.469148
v -0.122324 0.029263 -0.137478
vn -0.877715 0.097550 -0.469149
v -0.124720 0.000000 -0.139080
vn -0.877715 0.097550 -0.469149
v -0.138582 0.000000 -0.113147
vn -0.877715 0.097550 -0.469149
v -0.024332 -0.147118 -0.072002
vn -0.257141 -0.956550 -0.137442
v -0.027036 -0.147118 -0.066943
vn -0.257141 -0.956550 -0.137442
v -0.053033 -0.138582 -0.077711
vn -0.257141 -0.956550 -0.137442
v -0.115226 0.057402 -0.132736
vn -0.844288 0.289004 -0.451280
v -0.122324 0.029263 -0.137478
vn -0.844288 0.289004 -0.451280
v -0.135919 0.029263 -0.112044
vn -0.844288 0.289004 -0.451280
v -0.128033 -0.057402 -0.108777
vn -0.916107 -0.289000 -0.277899
v -0.135919 -0.057402 -0.082780
vn -0.916107 -0.289000 -0.277899
v -0.144291 -0.029263 -0.084445
vn -0.916107 -0.289000 -0.277899
v -0.027036 0.147118 -0.066943
vn -0.279012 0.956550 -0.084638
v -0.053033 0.138582 -0.077711
vn -0.279012 0.956550 -0.084638
v -0.056299 0.138582 -0.066943
vn -0.279012 0.956550 -0.084638
v -0.135919 -0.029263 -0.112044
vn -0.952376 -0.097552 -0.288899
v -0.144291 -0.029263 -0.084445
vn -0.952376 -0.097552 -0.288899
v -0.147118 0.000000 -0.085008
vn -0.952376 -0.097552 -0.288899
v -0.135919 0.029263 -0.112044
vn -0.952376 0.097552 -0.288900
v -0.138582 0.000000 -0.113147
vn -0.952376 0.097552 -0.288900
v -0.147118 0.000000 -0.085008
vn -0.952376 0.097552 -0.288900
v -0.027036 -0.147118 -0.066943
vn -0.279013 -0.956550 -0.084638
v -0.028701 -0.147118 -0.061453
vn -0.279013 -0.956550 -0.084638
v -0.056299 -0.138582 -0.066943
vn -0.279013 -0.956550 -0.084638
v -0.128033 0.057402 -0.108777
vn -0.916107 0.289001 -0.277896
v -0.135919 0.029263 -0.112044
vn -0.916107 0.289001 -0.277896
v -0.144291 0.029263 -0.084445
vn -0.916107 0.289001 -0.277896
v -0.053033 -0.138582 -0.077711
vn -0.452795 -0.880972 -0.137354
v -0.056299 -0.138582 -0.066943
vn -0.452795 -0.880972 -0.137354
v -0.081734 -0.124720 -0.072002
vn -0.452795 -0.880972 -0.137354
v -0.115226 0.083335 -0.103472
vn -0.844848 0.469629 -0.256283
v -0.128033 0.057402 -0.108777
vn -0.844848 0.469629 -0.256283
v -0.135919 0.057402 -0.082780
vn -0.844848 0.469629 -0.256283
v -0.076992 -0.124720 -0.087635
vn -0.608826 -0.771507 -0.184684
v -0.081734 -0.124720 -0.072002
vn -0.608826 -0.771507 -0.184684
v -0.104028 -0.106066 -0.076437
vn -0.608826 -0.771507 -0.184684
v -0.097992 0.106066 -0.096334
vn -0.741161 0.632560 -0.224829
v -0.115226 0.083335 -0.103472
vn -0.741161 0.632560 -0.224829
v -0.122324 0.083335 -0.080076
vn -0.741161 0.632560 -0.224829
v -0.097992 -0.106066 -0.096334
vn -0.741160 -0.632561 -0.224829
v -0.104028 -0.106066 -0.076437
vn -0.741160 -0.632561 -0.224829
v -0.122324 -0.083335 -0.080076
vn -0.741160 -0.632561 -0.224829
v -0.076992 0.124720 -0.087635
vn -0.608824 0.771508 -0.184684
v -0.097992 0.106066 -0.096334
vn -0.608824 0.771508 -0.184684
v -0.104028 0.106066 -0.076436
vn -0.608824 0.771508 -0.184684
v -0.115226 -0.083335 -0.103472
vn -0.844847 -0.469631 -0.256282
v -0.122324 -0.083335 -0.080076
vn -0.844847 -0.469631 -0.256282
v -0.135919 -0.057402 -0.082780
vn -0.844847 -0.469631 -0.256282
v -0.053033 0.138582 -0.077711
vn -0.452797 0.880970 -0.137354
v -0.076992 0.124720 -0.087635
vn -0.452797 0.880970 -0.137354
v -0.081734 0.124720 -0.072002
vn -0.452797 0.880970 -0.137354
v -0.122324 0.083335 -0.080076
vn -0.878612 0.469629 -0.086536
v -0.135919 0.057402 -0.082780
vn -0.878612 0.469629 -0.086536
v -0.138582 0.057402 -0.055744
vn -0.878612 0.469629 -0.086536
v -0.081734 -0.124720 -0.072002
vn -0.633157 -0.771508 -0.062361
v -0.083335 -0.124720 -0.055744
vn -0.633157 -0.771508 -0.062361
v -0.106066 -0.106066 -0.055744
vn -0.633157 -0.771508 -0.062361
v -0.104028 0.106066 -0.076436
vn -0.770781 0.632561 -0.075915
v -0.122324 0.083335 -0.080076
vn -0.770781 0.632561 -0.075915
v -0.124720 0.083335 -0.055744
vn -0.770781 0.632561 -0.075915
v -0.104028 -0.106066 -0.076437
vn -0.770782 -0.632560 -0.075917
v -0.106066 -0.106066 -0.055744
vn -0.770782 -0.632560 -0.075917
v -0.124720 -0.083335 -0.055744
vn -0.770782 -0.632560 -0.075917
v -0.081734 0.124720 -0.072002
vn -0.633156 0.771508 -0.062360
v -0.104028 0.106066 -0.076436
vn -0.633156 0.771508 -0.062360
v -0.106066 0.106066 -0.055744
vn -0.633156 0.771508 -0.062360
v -0.122324 -0.083335 -0.080076
vn -0.878612 -0.469631 -0.086536
v -0.124720 -0.083335 -0.055744
vn -0.878612 -0.469631 -0.086536
v -0.138582 -0.057402 -0.055744
vn -0.878612 -0.469631 -0.086536
v -0.056299 0.138582 -0.066943
vn -0.470894 0.880970 -0.046379
v -0.081734 0.124720 -0.072002
vn -0.470894 0.880970 -0.046379
v -0.083335 0.124720 -0.055744
vn -0.470894 0.880970 -0.046379
v -0.135919 -0.057402 -0.082780
vn -0.952719 -0.289001 -0.093835
v -0.138582 -0.057402 -0.055744
vn -0.952719 -0.289001 -0.093835
v -0.147118 -0.029263 -0.055744
vn -0.952719 -0.289001 -0.093835
v -0.028701 0.147118 -0.061453
vn -0.290164 0.956550 -0.028579
v -0.056299 0.138582 -0.066943
vn -0.290164 0.956550 -0.028579
v -0.057402 0.138582 -0.055744
vn -0.290164 0.956550 -0.028579
v -0.144291 -0.029263 -0.084445
vn -0.990438 -0.097550 -0.097552
v -0.147118 -0.029263 -0.055744
vn -0.990438 -0.097550 -0.097552
v -0.150000 0.000000 -0.055744
vn -0.990438 -0.097550 -0.097552
v -0.144291 0.029263 -0.084445
vn -0.990438 0.097552 -0.097549
v -0.147118 0.000000 -0.085008
vn -0.990438 0.097552 -0.097549
v -0.150000 0.000000 -0.055744
vn -0.990438 0.097552 -0.097549
v -0.028701 -0.147118 -0.061453
vn -0.290166 -0.956550 -0.028579
v -0.029263 -0.147118 -0.055744
vn -0.290166 -0.956550 -0.028579
v -0.057402 -0.138582 -0.055744
vn -0.290166 -0.956550 -0.028579
v -0.135919 0.057402 -0.082780
vn -0.952719 0.289000 -0.093838
v -0.144291 0.029263 -0.084445
vn -0.952719 0.289000 -0.093838
v -0.147118 0.029263 -0.055744
vn -0.952719 0.289000 -0.093838
v -0.056299 -0.138582 -0.066943
vn -0.470891 -0.880972 -0.046378
v -0.057402 -0.138582 -0.055744
vn -0.470891 -0.880972 -0.046378
v -0.083335 -0.124720 -0.055744
vn -0.470891 -0.880972 -0.046378
v -0.138582 0.057402 0.183261
vn 0.000000 -0.000001 1.000000
v -0.147118 0.029263 0.183261
vn 0.000000 -0.000001 1.000000
v -0.150000 0.000000 0.183261
vn 0.000000 -0.000001 1.000000
v -0.150000 0.000000 0.183261
vn 0.000000 0.000000 1.000000
v -0.147118 -0.029263 0.183261
vn 0.000000 0.000000 1.000000
v -0.138582 0.057402 0.183261
vn 0.000000 0.000000 1.000000
v -0.138582 -0.057402 0.183261
vn 0.000000 0.000003 1.000000
v -0.124720 -0.083335 0.183261
vn 0.000000 0.000003 1.000000
v -0.106066 -0.106066 0.183261
vn 0.000000 0.000003 1.000000
v -0.106066 -0.106066 0.183261
vn 0.000000 0.000000 1.000000
v -0.083336 -0.124720 0.183261
vn 0.000000 0.000000 1.000000
v -0.057403 -0.138582 0.183261
vn 0.000000 0.000000 1.000000
v -0.029264 -0.147118 0.183261
vn 0.000000 0.000000 1.000000
v -0.000000 -0.150000 0.183261
vn 0.000000 0.000000 1.000000
v -0.000000 -0.150000 0.183261
vn -0.000001 -0.000007 1.000000
v 0.029263 -0.147118 0.183261
vn -0.000001 -0.000007 1.000000
v -0.057403 -0.138582 0.183261
vn -0.000001 -0.000007 1.000000
v 0.057402 -0.138582 0.183261
vn 0.000001 -0.000002 1.000000
v 0.083335 -0.124720 0.183261
vn 0.000001 -0.000002 1.000000
v 0.138582 -0.057402 0.183261
vn 0.000001 -0.000002 1.000000
v 0.106066 -0.106066 0.183261
vn 0.000000 0.000000 1.000000
v 0.124720 -0.083336 0.183261
vn 0.000000 0.000000 1.000000
v 0.138582 -0.057402 0.183261
vn 0.000000 0.000000 1.000000
v 0.138582 -0.057402 0.183261
vn 0.000000 -0.000001 1.000000
v 0.147118 -0.029263 0.183261
vn 0.000000 -0.000001 1.000000
v 0.150000 0.000000 0.183261
vn 0.000000 -0.000001 1.000000
v 0.150000 0.000000 0.183261
vn 0.000000 0.000001 1.000000
v 0.147118 0.029263 0.183261
vn 0.000000 0.000001 1.000000
v 0.138582 0.057402 0.183261
vn 0.000000 0.000001 1.000000
v 0.138582 0.057402 0.183261
vn 0.000000 -0.000003 1.000000
v 0.124720 0.083335 0.183261
vn 0.000000 -0.000003 1.000000
v 0.106066 0.106066 0.183261
vn 0.000000 -0.000003 1.000000
v 0.106066 0.106066 0.183261
vn -0.000005 -0.000011 1.000000
v 0.083335 0.124720 0.183261
vn -0.000005 -0.000011 1.000000
v 0.057402 0.138582 0.183261
vn -0.000005 -0.000011 1.000000
v 0.057402 0.138582 0.183261
vn 0.000000 0.000000 1.000000
v 0.029263 0.147118 0.183261
vn 0.000000 0.000000 1.000000
v 0.000000 0.150000 0.183261
vn 0.000000 0.000000 1.000000
v 0.000000 0.150000 0.183261
vn -0.000001 0.000000 1.000000
v -0.029264 0.147118 0.183261
vn -0.000001 0.000000 1.000000
v 0.057402 0.138582 0.183261
vn -0.000001 0.000000 1.000000
v -0.057403 0.138582 0.183261
vn 0.000000 -0.000006 1.000000
v -0.083336 0.124720 0.183261
vn 0.000000 -0.000006 1.000000
v -0.106066 0.106066 0.183261
vn 0.000000 -0.000006 1.000000
v -0.106066 0.106066 0.183261
vn 0.000000 -0.000003 1.000000
v -0.124720 0.083335 0.183261
vn 0.000000 -0.000003 1.000000
v -0.138582 0.057402 0.183261
vn 0.000000 -0.000003 1.000000
v -0.138582 -0.057402 0.183261
vn 0.000000 0.000000 1.000000
v -0.057403 -0.138582 0.183261
vn -0.000001 0.000002 1.000000
v 0.029263 -0.147118 0.183261
vn -0.000001 0.000002 1.000000
v 0.057402 -0.138582 0.183261
vn -0.000001 0.000002 1.000000
v 0.083335 -0.124720 0.183261
vn -0.000004 0.000002 1.000000
v 0.106066 -0.106066 0.183261
vn -0.000004 0.000002 1.000000
v 0.138582 -0.057402 0.183261
vn -0.000004 0.000002 1.000000
v 0.138582 -0.057402 0.183261
vn -0.000000 0.000000 1.000000
v 0.150000 0.000000 0.183261
vn -0.000000 0.000000 1.000000
v 0.057402 0.138582 0.183261
vn -0.000000 0.000000 1.000000
v 0.138582 0.057402 0.183261
vn -0.000002 -0.000001 1.000000
v 0.106066 0.106066 0.183261
vn -0.000002 -0.000001 1.000000
v 0.057402 0.138582 0.183261
vn -0.000002 -0.000001 1.000000
v 0.057402 0.138582 0.183261
vn -0.000001 -0.000001 1.000000
v -0.029264 0.147118 0.183261
vn -0.000001 -0.000001 1.000000
v -0.057403 0.138582 0.183261
vn -0.000001 -0.000001 1.000000
v -0.057403 0.138582 0.183261
vn -0.000001 0.000000 1.000000
v -0.106066 0.106066 0.183261
vn -0.000001 0.000000 1.000000
v 0.057402 0.138582 0.183261
vn -0.000001 0.000000 1.000000
v -0.138582 0.057402 0.183261
vn 0.000000 -0.000000 1.000000
v -0.106066 -0.106066 0.183261
vn 0.000000 -0.000000 1.000000
v -0.057403 -0.138582 0.183261
vn 0.000000 -0.000000 1.000000
v -0.057403 -0.138582 0.183261
vn -0.000001 0.000000 1.000000
v 0.057402 -0.138582 0.183261
vn -0.000001 0.000000 1.000000
v 0.138582 -0.057402 0.183261
vn -0.000001 0.000000 1.000000
v 0.150000 0.000000 0.183261
vn -0.000001 -0.000000 1.000000
v 0.138582 0.057402 0.183261
vn -0.000001 -0.000000 1.000000
v 0.057402 0.138582 0.183261
vn -0.000001 -0.000000 1.000000
v 0.057402 0.138582 0.183261
vn -0.000000 0.000001 1.000000
v -0.106066 0.106066 0.183261
vn -0.000000 0.000001 1.000000
v -0.138582 0.057402 0.183261
vn -0.000000 0.000001 1.000000
v -0.138582 0.057402 0.183261
vn -0.000000 -0.000000 1.000000
v -0.057403 -0.138582 0.183261
vn -0.000000 -0.000000 1.000000
v 0.057402 0.138582 0.183261
vn -0.000000 -0.000000 1.000000
v -0.057402 0.138582 -0.055744
vn -0.290284 0.956941 -0.000000
v -0.057403 0.138582 0.183261
vn -0.290284 0.956941 -0.000000
v -0.029264 0.147118 0.183261
vn -0.290284 0.956941 -0.000000
v -0.029263 0.147118 -0.055744
vn -0.098017 0.995185 -0.000000
v -0.029264 0.147118 0.183261
vn -0.098017 0.995185 -0.000000
v 0.000000 0.150000 0.183261
vn -0.098017 0.995185 -0.000000
v 0.000000 0.150000 -0.055744
vn 0.098018 0.995185 -0.000000
v 0.000000 0.150000 0.183261
vn 0.098018 0.995185 -0.000000
v 0.029263 0.147118 0.183261
vn 0.098018 0.995185 -0.000000
v -0.083335 0.124720 -0.055744
vn -0.471398 0.881921 -0.000001
v -0.083336 0.124720 0.183261
vn -0.471398 0.881921 -0.000001
v -0.057403 0.138582 0.183261
vn -0.471398 0.881921 -0.000001
v -0.106066 0.106066 -0.055744
vn -0.634393 0.773011 -0.000000
v -0.106066 0.106066 0.183261
vn -0.634393 0.773011 -0.000000
v -0.083336 0.124720 0.183261
vn -0.634393 0.773011 -0.000000
v -0.124720 0.083335 -0.055744
vn -0.773011 0.634393 -0.000001
v -0.124720 0.083335 0.183261
vn -0.773011 0.634393 -0.000001
v -0.106066 0.106066 0.183261
vn -0.773011 0.634393 -0.000001
v -0.138582 0.057402 0.183261
vn -0.881922 0.471396 -0.000001
v -0.124720 0.083335 0.183261
vn -0.881922 0.471396 -0.000001
v -0.124720 0.083335 -0.055744
vn -0.881922 0.471396 -0.000001
v -0.147118 0.029263 -0.055744
vn -0.956940 0.290285 -0.000001
v -0.147118 0.029263 0.183261
vn -0.956940 0.290285 -0.000001
v -0.138582 0.057402 0.183261
vn -0.956940 0.290285 -0.000001
v -0.150000 0.000000 0.183261
vn -0.995185 0.098017 -0.000001
v -0.147118 0.029263 0.183261
vn -0.995185 0.098017 -0.000001
v -0.147118 0.029263 -0.055744
vn -0.995185 0.098017 -0.000001
v -0.147118 -0.029263 0.183261
vn -0.995185 -0.098016 -0.000001
v -0.150000 0.000000 0.183261
vn -0.995185 -0.098016 -0.000001
v -0.150000 0.000000 -0.055744
vn -0.995185 -0.098016 -0.000001
v -0.138582 -0.057402 0.183261
vn -0.956941 -0.290284 -0.000001
v -0.147118 -0.029263 0.183261
vn -0.956941 -0.290284 -0.000001
v -0.147118 -0.029263 -0.055744
vn -0.956941 -0.290284 -0.000001
v -0.124720 -0.083335 0.183261
vn -0.881921 -0.471397 -0.000000
v -0.138582 -0.057402 0.183261
vn -0.881921 -0.471397 -0.000000
v -0.138582 -0.057402 -0.055744
vn -0.881921 -0.471397 -0.000000
v -0.106066 -0.106066 0.183261
vn -0.773013 -0.634390 -0.000000
v -0.124720 -0.083335 0.183261
vn -0.773013 -0.634390 -0.000000
v -0.124720 -0.083335 -0.055744
vn -0.773013 -0.634390 -0.000000
v -0.083336 -0.124720 0.183261
vn -0.634393 -0.773011 -0.000000
v -0.106066 -0.106066 0.183261
vn -0.634393 -0.773011 -0.000000
v -0.106066 -0.106066 -0.055744
vn -0.634393 -0.773011 -0.000000
v -0.057403 -0.138582 0.183261
vn -0.471397 -0.881921 -0.000000
v -0.083336 -0.124720 0.183261
vn -0.471397 -0.881921 -0.000000
v -0.083335 -0.124720 -0.055744
vn -0.471397 -0.881921 -0.000000
v -0.029264 -0.147118 0.183261
vn -0.290287 -0.956940 0.000000
v -0.057403 -0.138582 0.183261
vn -0.290287 -0.956940 0.000000
v -0.057402 -0.138582 -0.055744
vn -0.290287 -0.956940 0.000000
v -0.000000 -0.150000 0.183261
vn -0.098019 -0.995185 0.000000
v -0.029264 -0.147118 0.183261
vn -0.098019 -0.995185 0.000000
v -0.029263 -0.147118 -0.055744
vn -0.098019 -0.995185 0.000000
v 0.029263 -0.147118 0.183261
vn 0.098015 -0.995185 0.000000
v -0.000000 -0.150000 0.183261
vn 0.098015 -0.995185 0.000000
v 0.000000 -0.150000 -0.055744
vn 0.098015 -0.995185 0.000000
v 0.057402 -0.138582 0.183261
vn 0.290283 -0.956941 -0.000000
v 0.029263 -0.147118 0.183261
vn 0.290283 -0.956941 -0.000000
v 0.029264 -0.147118 -0.055744
vn 0.290283 -0.956941 -0.000000
v 0.083335 -0.124720 0.183261
vn 0.471396 -0.881922 0.000000
v 0.057402 -0.138582 0.183261
vn 0.471396 -0.881922 0.000000
v 0.057403 -0.138582 -0.055744
vn 0.471396 -0.881922 0.000000
v 0.106066 -0.106066 0.183261
vn 0.634394 -0.773010 0.000000
v 0.083335 -0.124720 0.183261
vn 0.634394 -0.773010 0.000000
v 0.083336 -0.124720 -0.055744
vn 0.634394 -0.773010 0.000000
v 0.124720 -0.083336 0.183261
vn 0.773010 -0.634394 0.000000
v 0.106066 -0.106066 0.183261
vn 0.773010 -0.634394 0.000000
v 0.106066 -0.106066 -0.055744
vn 0.773010 -0.634394 0.000000
v 0.138582 -0.057402 0.183261
vn 0.881922 -0.471396 0.000000
v 0.124720 -0.083336 0.183261
vn 0.881922 -0.471396 0.000000
v 0.124720 -0.083335 -0.055744
vn 0.881922 -0.471396 0.000000
v 0.147118 -0.029263 0.183261
vn 0.956940 -0.290286 0.000001
v 0.138582 -0.057402 0.183261
vn 0.956940 -0.290286 0.000001
v 0.138582 -0.057402 -0.055744
vn 0.956940 -0.290286 0.000001
v 0.150000 0.000000 0.183261
vn 0.995185 -0.098017 0.000000
v 0.147118 -0.029263 0.183261
vn 0.995185 -0.098017 0.000000
v 0.147118 -0.029263 -0.055744
vn 0.995185 -0.098017 0.000000
v 0.147118 0.029263 0.183261
vn 0.995185 0.098017 0.000001
v 0.150000 0.000000 0.183261
vn 0.995185 0.098017 0.000001
v 0.150000 0.000000 -0.055744
vn 0.995185 0.098017 0.000001
v 0.138582 0.057402 -0.055744
vn 0.956940 0.290284 0.000001
v 0.138582 0.057402 0.183261
vn 0.956940 0.290284 0.000001
v 0.147118 0.029263 0.183261
vn 0.956940 0.290284 0.000001
v 0.124720 0.083335 0.183261
vn 0.881921 0.471397 0.000000
v 0.138582 0.057402 0.183261
vn 0.881921 0.471397 0.000000
v 0.138582 0.057402 -0.055744
vn 0.881921 0.471397 0.000000
v 0.106066 0.106066 -0.055744
vn 0.773011 0.634392 0.000000
v 0.106066 0.106066 0.183261
vn 0.773011 0.634392 0.000000
v 0.124720 0.083335 0.183261
vn 0.773011 0.634392 0.000000
v 0.083336 0.124720 -0.055744
vn 0.634392 0.773011 0.000000
v 0.083335 0.124720 0.183261
vn 0.634392 0.773011 0.000000
v 0.106066 0.106066 0.183261
vn 0.634392 0.773011 0.000000
v 0.057403 0.138582 -0.055744
vn 0.471397 0.881921 0.000000
v 0.057402 0.138582 0.183261
vn 0.471397 0.881921 0.000000
v 0.083335 0.124720 0.183261
vn 0.471397 0.881921 0.000000
v 0.029264 0.147118 -0.055744
vn 0.290284 0.956940 -0.000000
v 0.029263 0.147118 0.183261
vn 0.290284 0.956940 -0.000000
v 0.057402 0.138582 0.183261
vn 0.290284 0.956940 -0.000000
f 1//1 2//2 3//3
f 4//4 5//5 6//6
f 7//7 8//8 9//9
f 10//10 11//11 12//12
f 13//13 14//14 15//15
f 16//16 17//17 18//18
f 19//19 20//20 16//16
f 21//21 22//22 19//19
f 23//23 24//24 21//21
f 25//25 26//26 23//23
f 15//15 27//27 25//25
f 28//28 29//29 30//30
f 31//31 32//32 29//29
f 33//33 34//34 32//32
f 35//35 36//36 34//34
f 37//37 38//38 39//39
f 40//40 18//18 41//41
f 42//42 31//31 28//28
f 43//43 33//33 31//31
f 44//44 35//35 33//33
f 45//45 46//46 35//35
f 47//47 48//48 49//49
f 50//50 16//16 40//40
f 51//51 43//43 42//42
f 52//52 44//44 43//43
f 53//53 45//45 44//44
f 54//54 55//55 45//45
f 56//56 57//57 58//58
f 59//59 19//19 50//50
f 60//60 52//52 51//51
f 61//61 53//53 52//52
f 62//62 54//54 53//53
f 63//63 64//64 54//54
f 65//65 66//66 67//67
f 68//68 21//21 59//59
f 69//69 61//61 60//60
f 70//70 62//62 61//61
f 71//71 63//63 62//62
f 72//72 73//73 63//63
f 74//74 75//75 65//65
f 76//76 23//23 68//68
f 77//77 70//70 69//69
f 78//78 71//71 70//70
f 79//79 72//72 71//71
f 80//80 81//81 72//72
f 82//82 83//83 84//84
f 85//85 86//86 87//87
f 88//88 78//78 77//77
f 89//89 79//79 78//78
f 90//90 80//80 79//79
f 91//91 92//92 80//80
f 93//93 94//94 92//92
f 95//95 96//96 97//97
f 98//98 99//99 100//100
f 101//101 102//102 103//103
f 104//104 105//105 106//106
f 107//107 108//108 104//104
f 109//109 110//110 107//107
f 111//111 112//112 109//109
f 113//113 114//114 111//111
f 12//12 115//115 113//113
f 116//116 117//117 118//118
f 119//119 120//120 117//117
f 121//121 122//122 120//120
f 123//123 124//124 122//122
f 125//125 126//126 124//124
f 127//127 106//106 126//126
f 128//128 119//119 116//116
f 129//129 121//121 119//119
f 130//130 123//123 121//121
f 131//131 125//125 123//123
f 132//132 127//127 125//125
f 133//133 104//104 127//127
f 134//134 129//129 128//128
f 135//135 130//130 129//129
f 136//136 137//137 138//138
f 139//139 132//132 131//131
f 140//140 133//133 132//132
f 141//141 107//107 133//133
f 142//142 135//135 134//134
f 143//143 144//144 135//135
f 145//145 139//139 144//144
f 146//146 140//140 139//139
f 147//147 141//141 140//140
f 148//148 109//109 141//141
f 149//149 143//143 142//142
f 150//150 145//145 143//143
f 151//151 146//146 145//145
f 152//152 147//147 146//146
f 153//153 148//148 147//147
f 154//154 111//111 148//148
f 155//155 150//150 149//149
f 156//156 151//151 150//150
f 157//157 152//152 151//151
f 158//158 153//153 152//152
f 159//159 154//154 153//153
f 160//160 113//113 154//154
f 161//161 156//156 155//155
f 162//162 157//157 156//156
f 163//163 158//158 157//157
f 164//164 159//159 158//158
f 165//165 160//160 159//159
f 166//166 12//12 160//160
f 167//167 168//168 169//169
f 170//170 171//171 167//167
f 172//172 173//173 170//170
f 174//174 175//175 172//172
f 176//176 177//177 174//174
f 176//176 178//178 179//179
f 180//180 181//181 182//182
f 183//183 184//184 185//185
f 186//186 187//187 183//183
f 188//188 189//189 186//186
f 190//190 191//191 188//188
f 192//192 193//193 190//190
f 194//194 195//195 196//196
f 197//197 198//198 199//199
f 200//200 201//201 202//202
f 203//203 204//204 205//205
f 206//206 207//207 208//208
f 209//209 210//210 211//211
f 212//212 213//213 214//214
f 215//215 216//216 217//217
f 218//218 219//219 220//220
f 221//221 222//222 223//223
f 224//224 225//225 226//226
f 227//227 228//228 229//229
f 230//230 231//231 228//228
f 232//232 233//233 231//231
f 234//234 235//235 233//233
f 236//236 237//237 235//235
f 238//238 211//211 237//237
f 239//239 230//230 227//227
f 240//240 232//232 230//230
f 241//241 234//234 232//232
f 242//242 236//236 234//234
f 243//243 244//244 245//245
f 246//246 209//209 238//238
f 247//247 240//240 239//239
f 248//248 241//241 240//240
f 249//249 242//242 241//241
f 250//250 251//251 242//242
f 252//252 246//246 251//251
f 253//253 254//254 246//246
f 255//255 248//248 247//247
f 256//256 249//249 248//248
f 257//257 250//250 249//249
f 258//258 252//252 250//250
f 259//259 253//253 252//252
f 260//260 220//220 253//253
f 261//261 256//256 255//255
f 262//262 257//257 256//256
f 263//263 258//258 257//257
f 264//264 265//265 266//266
f 267//267 260//260 259//259
f 268//268 218//218 260//260
f 269//269 262//262 261//261
f 270//270 263//263 262//262
f 271//271 272//272 263//263
f 273//273 267//267 272//272
f 274//274 268//268 267//267
f 275//275 276//276 268//268
f 277//277 270//270 269//269
f 278//278 279//279 280//280
f 281//281 282//282 283//283
f 284//284 285//285 286//286
f 287//287 288//288 289//289
f 290//290 291//291 292//292
f 293//293 294//294 295//295
f 296//296 297//297 298//298
f 299//299 300//300 296//296
f 301//301 302//302 299//299
f 303//303 304//304 301//301
f 305//305 306//306 307//307
f 308//308 309//309 310//310
f 311//311 312//312 313//313
f 314//314 315//315 316//316
f 317//317 318//318 314//314
f 319//319 320//320 317//317
f 321//321 322//322 323//323
f 324//324 325//325 326//326
f 327//327 328//328 329//329
f 330//330 331//331 332//332
f 333//333 334//334 331//331
f 335//335 336//336 337//337
f 338//338 339//339 340//340
f 341//341 342//342 343//343
f 344//344 345//345 346//346
f 347//347 348//348 349//349
f 350//350 351//351 352//352
f 353//353 354//354 355//355
f 355//355 354//354 356//356
f 357//357 358//358 359//359
f 360//360 361//361 362//362
f 363//363 364//364 365//365
f 10//10 366//366 11//11
f 13//13 367//367 14//14
f 16//16 20//20 17//17
f 19//19 22//22 20//20
f 21//21 24//24 22//22
f 23//23 26//26 24//24
f 25//25 27//27 26//26
f 15//15 14//14 27//27
f 28//28 31//31 29//29
f 31//31 33//33 32//32
f 33//33 35//35 34//34
f 35//35 46//46 36//36
f 368//368 369//369 370//370
f 40//40 16//16 18//18
f 42//42 43//43 31//31
f 43//43 44//44 33//33
f 44//44 45//45 35//35
f 45//45 55//55 46//46
f 47//47 371//371 48//48
f 50//50 19//19 16//16
f 51//51 52//52 43//43
f 372//372 373//373 374//374
f 53//53 54//54 45//45
f 54//54 64//64 55//55
f 375//375 376//376 377//377
f 59//59 21//21 19//19
f 60//60 61//61 52//52
f 61//61 62//62 53//53
f 62//62 63//63 54//54
f 63//63 73//73 64//64
f 378//378 379//379 380//380
f 68//68 23//23 21//21
f 69//69 70//70 61//61
f 70//70 71//71 62//62
f 71//71 72//72 63//63
f 381//381 382//382 383//383
f 384//384 385//385 386//386
f 76//76 25//25 23//23
f 77//77 78//78 70//70
f 78//78 79//79 71//71
f 79//79 80//80 72//72
f 80//80 92//92 81//81
f 387//387 388//388 389//389
f 390//390 391//391 392//392
f 88//88 89//89 78//78
f 89//89 90//90 79//79
f 90//90 91//91 80//80
f 91//91 93//93 92//92
f 93//93 393//393 94//94
f 394//394 395//395 396//396
f 397//397 398//398 399//399
f 400//400 401//401 99//99
f 399//399 398//398 402//402
f 401//401 100//100 99//99
f 399//399 402//402 400//400
f 403//403 99//99 98//98
f 399//399 400//400 99//99
f 404//404 103//103 405//405
f 101//101 406//406 407//407
f 408//408 409//409 101//101
f 101//101 407//407 408//408
f 405//405 103//103 410//410
f 409//409 102//102 101//101
f 410//410 103//103 102//102
f 104//104 108//108 105//105
f 411//411 412//412 413//413
f 109//109 112//112 110//110
f 111//111 114//114 112//112
f 113//113 115//115 114//114
f 414//414 415//415 416//416
f 116//116 119//119 117//117
f 119//119 121//121 120//120
f 121//121 123//123 122//122
f 123//123 125//125 124//124
f 125//125 127//127 126//126
f 417//417 418//418 419//419
f 128//128 129//129 119//119
f 129//129 130//130 121//121
f 420//420 421//421 422//422
f 131//131 132//132 125//125
f 132//132 133//133 127//127
f 133//133 107//107 104//104
f 134//134 135//135 129//129
f 423//423 424//424 425//425
f 144//144 139//139 131//131
f 139//139 140//140 132//132
f 140//140 141//141 133//133
f 141//141 109//109 107//107
f 142//142 143//143 135//135
f 143//143 145//145 144//144
f 145//145 146//146 139//139
f 146//146 147//147 140//140
f 147//147 148//148 141//141
f 148//148 111//111 109//109
f 426//426 427//427 428//428
f 150//150 151//151 145//145
f 151//151 152//152 146//146
f 429//429 430//430 431//431
f 432//432 433//433 434//434
f 154//154 113//113 111//111
f 155//155 156//156 150//150
f 156//156 157//157 151//151
f 157//157 158//158 152//152
f 158//158 159//159 153//153
f 159//159 160//160 154//154
f 160//160 12//12 113//113
f 161//161 162//162 156//156
f 162//162 163//163 157//157
f 163//163 164//164 158//158
f 164//164 165//165 159//159
f 165//165 166//166 160//160
f 166//166 10//10 12//12
f 167//167 171//171 168//168
f 170//170 173//173 171//171
f 172//172 175//175 173//173
f 174//174 177//177 175//175
f 176//176 179//179 177//177
f 435//435 436//436 437//437
f 438//438 439//439 440//440
f 183//183 187//187 184//184
f 186//186 189//189 187//187
f 188//188 191//191 189//189
f 190//190 193//193 191//191
f 192//192 348//348 193//193
f 441//441 442//442 443//443
f 444//444 200//200 202//202
f 445//445 446//446 447//447
f 448//448 449//449 450//450
f 451//451 452//452 453//453
f 454//454 455//455 456//456
f 457//457 458//458 459//459
f 460//460 461//461 462//462
f 463//463 464//464 465//465
f 466//466 467//467 468//468
f 224//224 469//469 225//225
f 470//470 471//471 472//472
f 230//230 232//232 231//231
f 232//232 234//234 233//233
f 234//234 236//236 235//235
f 236//236 238//238 237//237
f 238//238 209//209 211//211
f 239//239 240//240 230//230
f 240//240 241//241 232//232
f 241//241 242//242 234//234
f 473//473 474//474 475//475
f 251//251 246//246 238//238
f 246//246 254//254 209//209
f 247//247 248//248 240//240
f 248//248 249//249 241//241
f 249//249 250//250 242//242
f 250//250 252//252 251//251
f 476//476 477//477 478//478
f 253//253 220//220 254//254
f 255//255 256//256 248//248
f 256//256 257//257 249//249
f 257//257 258//258 250//250
f 258//258 259//259 252//252
f 259//259 260//260 253//253
f 260//260 218//218 220//220
f 261//261 262//262 256//256
f 479//479 480//480 481//481
f 482//482 483//483 484//484
f 272//272 267//267 259//259
f 267//267 268//268 260//260
f 485//485 486//486 487//487
f 269//269 270//270 262//262
f 270//270 271//271 263//263
f 271//271 273//273 272//272
f 273//273 274//274 267//267
f 274//274 275//275 268//268
f 275//275 488//488 276//276
f 489//489 490//490 491//491
f 278//278 492//492 279//279
f 493//493 494//494 495//495
f 496//496 497//497 498//498
f 499//499 500//500 501//501
f 502//502 503//503 504//504
f 505//505 506//506 507//507
f 296//296 300//300 297//297
f 299//299 302//302 300//300
f 301//301 304//304 302//302
f 303//303 508//508 304//304
f 509//509 510//510 511//511
f 512//512 513//513 514//514
f 316//316 315//315 515//515
f 314//314 318//318 315//315
f 317//317 320//320 318//318
f 516//516 517//517 518//518
f 356//356 354//354 519//519
f 520//520 521//521 522//522
f 327//327 523//523 328//328
f 330//330 333//333 331//331
f 524//524 525//525 526//526
f 334//334 527//527 528//528
f 529//529 530//530 531//531
f 532//532 533//533 534//534
f 535//535 536//536 537//537
f 538//538 539//539 540//540
f 541//541 542//542 543//543
f 544//544 545//545 546//546
f 547//547 548//548 549//549
f 550//550 538//538 540//540
f 551//551 552//552 553//553
f 554//554 555//555 556//556
f 557//557 558//558 559//559
f 560//560 561//561 562//562
f 563//563 342//342 341//341
f 559//559 554//554 557//557
f 558//558 343//343 559//559
f 564//564 565//565 566//566
f 559//559 343//343 342//342
f 567//567 568//568 569//569
f 570//570 563//563 341//341
f 564//564 566//566 570//570
f 571//571 572//572 573//573
f 574//574 575//575 576//576
f 577//577 578//578 579//579
f 580//580 581//581 582//582
f 576//576 583//583 574//574
f 582//582 344//344 346//346
f 574//574 581//581 575//575
f 346//346 584//584 582//582
f 575//575 581//581 580//580
f 344//344 585//585 345//345
f 584//584 580//580 582//582
f 586//586 587//587 588//588
f 589//589 590//590 591//591
f 592//592 593//593 594//594
f 595//595 596//596 597//597
f 598//598 599//599 600//600
f 601//601 602//602 603//603
f 604//604 605//605 606//606
f 607//607 608//608 609//609
f 610//610 611//611 612//612
f 613//613 614//614 615//615
f 616//616 617//617 618//618
f 619//619 620//620 621//621
f 622//622 623//623 624//624
f 625//625 626//626 627//627
f 628//628 629//629 630//630
f 631//631 632//632 633//633
f 634//634 635//635 636//636
f 637//637 638//638 639//639
f 640//640 641//641 642//642
f 643//643 644//644 645//645
f 646//646 647//647 648//648
f 649//649 650//650 651//651
f 652//652 653//653 654//654
f 655//655 656//656 657//657
f 658//658 659//659 660//660
f 661//661 662//662 663//663
f 664//664 665//665 666//666
f 667//667 668//668 669//669
f 670//670 671//671 672//672
f 673//673 674//674 675//675
f 676//676 677//677 678//678
f 679//679 680//680 681//681
f 682//682 683//683 684//684
f 685//685 686//686 687//687
f 688//688 689//689 690//690
f 691//691 692//692 693//693
f 694//694 695//695 696//696
f 697//697 698//698 699//699
f 700//700 701//701 702//702
f 703//703 704//704 705//705
f 706//706 707//707 708//708
f 709//709 710//710 711//711
f 712//712 713//713 714//714
f 715//715 716//716 717//717
f 718//718 719//719 720//720
f 721//721 722//722 723//723
f 724//724 725//725 726//726
f 727//727 728//728 729//729
f 730//730 731//731 732//732
f 733//733 734//734 735//735
f 736//736 737//737 738//738
f 739//739 740//740 741//741
f 742//742 743//743 744//744
f 745//745 746//746 747//747
f 748//748 749//749 750//750
f 751//751 752//752 753//753
f 754//754 755//755 756//756
f 757//757 758//758 759//759
f 760//760 761//761 762//762
f 763//763 764//764 765//765
f 766//766 767//767 768//768
f 769//769 770//770 771//771
f 772//772 773//773 774//774
f 775//775 776//776 777//777
f 778//778 779//779 780//780
f 781//781 782//782 783//783
f 784//784 785//785 786//786
f 787//787 788//788 789//789
f 790//790 791//791 792//792
f 793//793 794//794 795//795
f 796//796 797//797 798//798
f 799//799 800//800 801//801
f 802//802 803//803 804//804
f 805//805 806//806 807//807
f 808//808 809//809 810//810
f 811//811 812//812 813//813
f 814//814 815//815 816//816
f 817//817 818//818 819//819
f 820//820 821//821 822//822
f 823//823 824//824 825//825
f 826//826 827//827 828//828
f 829//829 830//830 831//831
f 832//832 833//833 834//834
f 835//835 836//836 837//837
f 838//838 839//839 840//840
f 841//841 842//842 843//843
f 844//844 845//845 846//846
f 847//847 848//848 849//849
f 850//850 851//851 852//852
f 853//853 854//854 855//855
f 856//856 857//857 858//858
f 859//859 860//860 861//861
f 862//862 863//863 864//864
f 865//865 866//866 867//867
f 868//868 869//869 870//870
f 871//871 872//872 873//873
f 874//874 875//875 876//876
f 877//877 878//878 879//879
f 880//880 881//881 882//882
f 883//883 884//884 885//885
f 886//886 887//887 888//888
f 889//889 890//890 891//891
f 892//892 893//893 894//894
f 895//895 896//896 897//897
f 898//898 899//899 900//900
f 901//901 902//902 903//903
f 904//904 905//905 906//906
f 907//907 908//908 909//909
f 910//910 911//911 912//912
f 913//913 914//914 915//915
f 916//916 917//917 918//918
f 919//919 920//920 921//921
f 922//922 923//923 924//924
f 925//925 926//926 927//927
f 928//928 929//929 930//930
f 931//931 932//932 933//933
f 934//934 935//935 936//936
f 937//937 938//938 939//939
f 940//940 941//941 942//942
f 943//943 944//944 945//945
f 946//946 947//947 948//948
f 949//949 950//950 951//951
f 952//952 953//953 954//954
f 955//955 956//956 957//957
f 958//958 959//959 960//960
f 961//961 962//962 963//963
f 964//964 965//965 966//966
f 967//967 968//968 969//969
f 970//970 971//971 972//972
f 973//973 974//974 975//975
f 976//976 977//977 978//978
f 979//979 980//980 981//981
f 982//982 983//983 984//984
f 985//985 986//986 987//987
f 988//988 989//989 990//990
f 991//991 992//992 993//993
f 994//994 995//995 996//996
f 997//997 998//998 999//999
f 1000//1000 1001//1001 1002//1002
f 1003//1003 1004//1004 1005//1005
f 1006//1006 1007//1007 1008//1008
f 1009//1009 1010//1010 1011//1011
f 1012//1012 1013//1013 1014//1014
f 1015//1015 1016//1016 1017//1017
f 1018//1018 1019//1019 1020//1020
f 1021//1021 1022//1022 1023//1023
f 1024//1024 1025//1025 1026//1026
f 1027//1027 1028//1028 1029//1029
f 1030//1030 1031//1031 1032//1032
f 1033//1033 1034//1034 1035//1035
f 1036//1036 1037//1037 1038//1038
f 1039//1039 1040//1040 1041//1041
f 1042//1042 1043//1043 1044//1044
f 1045//1045 1046//1046 1047//1047
f 1048//1048 1049//1049 1050//1050
f 1051//1051 1052//1052 1053//1053
f 1054//1054 1055//1055 1056//1056
f 1057//1057 1058//1058 1059//1059
f 1060//1060 1061//1061 1062//1062
f 1063//1063 1064//1064 1065//1065
f 1066//1066 1067//1067 1068//1068
f 1069//1069 1070//1070 1071//1071
f 1072//1072 1073//1073 1074//1074
f 1075//1075 1076//1076 1077//1077
f 1078//1078 1079//1079 1080//1080
f 1081//1081 1082//1082 1083//1083
f 1084//1084 1085//1085 1086//1086
f 1087//1087 1088//1088 1089//1089
f 1090//1090 1091//1091 1092//1092
f 1093//1093 1094//1094 1095//1095
f 1096//1096 1097//1097 1098//1098
f 1099//1099 1100//1100 1101//1101
f 1102//1102 1103//1103 1104//1104
f 1105//1105 1106//1106 1107//1107
f 1108//1108 1109//1109 1110//1110
f 1111//1111 1112//1112 1113//1113
f 1114//1114 1115//1115 1116//1116
f 1117//1117 1118//1118 1119//1119
f 1120//1120 1121//1121 1122//1122
f 1123//1123 1124//1124 1125//1125
f 1126//1126 1127//1127 1128//1128
f 1129//1129 1130//1130 1131//1131
f 1132//1132 1133//1133 1134//1134
f 1135//1135 1136//1136 1137//1137
f 1138//1138 1139//1139 1140//1140
f 1141//1141 1142//1142 1143//1143
f 1144//1144 1145//1145 1146//1146
f 1147//1147 1148//1148 1149//1149
f 1150//1150 1151//1151 1152//1152
f 1153//1153 1154//1154 1155//1155
f 1156//1156 1157//1157 1158//1158
f 1159//1159 1160//1160 1161//1161
f 1162//1162 1163//1163 1164//1164
f 1165//1165 1166//1166 1167//1167
f 1168//1168 1169//1169 1170//1170
f 1171//1171 1172//1172 1173//1173
f 1174//1174 1175//1175 1176//1176
f 1177//1177 1178//1178 1179//1179
f 1180//1180 1181//1181 1182//1182
f 1183//1183 1184//1184 1185//1185
f 1186//1186 1187//1187 1188//1188
f 1189//1189 1190//1190 1191//1191
f 1192//1192 1193//1193 1194//1194
f 1195//1195 1196//1196 1197//1197
f 1198//1198 1199//1199 1200//1200
f 1201//1201 1202//1202 1203//1203
f 1204//1204 1205//1205 1206//1206
f 1207//1207 1208//1208 1209//1209
f 1210//1210 1211//1211 1212//1212
f 1213//1213 1214//1214 1215//1215
f 1216//1216 1217//1217 1218//1218
f 1219//1219 1220//1220 1221//1221
f 1222//1222 1223//1223 1224//1224
f 1225//1225 1226//1226 1227//1227
f 1228//1228 1229//1229 1230//1230
f 1231//1231 1232//1232 1233//1233
f 1234//1234 1235//1235 1236//1236
f 1237//1237 1238//1238 1239//1239
f 1240//1240 1241//1241 1242//1242
f 1243//1243 1244//1244 1245//1245
f 1246//1246 1247//1247 1248//1248
f 1249//1249 1250//1250 1251//1251
f 1252//1252 1253//1253 1254//1254
f 1255//1255 1256//1256 1257//1257
f 1258//1258 1259//1259 1260//1260
f 1261//1261 1262//1262 1263//1263
f 1264//1264 1265//1265 1266//1266
f 1267//1267 1268//1268 1269//1269
f 1270//1270 1271//1271 1272//1272
f 1273//1273 1274//1274 1275//1275
f 1276//1276 1277//1277 1278//1278
f 1279//1279 1280//1280 1281//1281
f 1282//1282 1283//1283 1284//1284
f 1285//1285 1286//1286 1287//1287
f 1288//1288 1289//1289 1290//1290
f 1291//1291 1292//1292 1293//1293
f 1294//1294 1295//1295 1296//1296
f 1297//1297 1298//1298 1299//1299
f 1300//1300 1301//1301 1302//1302
f 1303//1303 1304//1304 1305//1305
f 1306//1306 1307//1307 1308//1308
f 1309//1309 1310//1310 1311//1311
f 1312//1312 1313//1313 1314//1314
f 1315//1315 1316//1316 1317//1317
f 1318//1318 1319//1319 1320//1320
f 1321//1321 1322//1322 1323//1323
f 1324//1324 1325//1325 1326//1326
f 1327//1327 1328//1328 1329//1329
f 1330//1330 1331//1331 1332//1332
f 1333//1333 1334//1334 1335//1335
f 1336//1336 1337//1337 1338//1338
f 1339//1339 1340//1340 1341//1341
f 1342//1342 1343//1343 1344//1344
f 1345//1345 1346//1346 1347//1347
f 1348//1348 1349//1349 1350//1350
f 1351//1351 1352//1352 1353//1353
f 1354//1354 1355//1355 1356//1356
f 1357//1357 1358//1358 1359//1359
f 1360//1360 1361//1361 1362//1362
f 1363//1363 1364//1364 1365//1365
f 1366//1366 1367//1367 1368//1368
f 1369//1369 1370//1370 1371//1371
f 1372//1372 1373//1373 1374//1374
f 1375//1375 1376//1376 1377//1377
f 1378//1378 1379//1379 1380//1380
f 1381//1381 1382//1382 1383//1383
f 1384//1384 1385//1385 1386//1386
f 1387//1387 1388//1388 1389//1389
f 1390//1390 1391//1391 1392//1392
f 1393//1393 1394//1394 1395//1395
f 1396//1396 1397//1397 1398//1398
f 1399//1399 1400//1400 1401//1401
f 1402//1402 1403//1403 1404//1404
f 1405//1405 1406//1406 1407//1407
f 1408//1408 1409//1409 1410//1410
f 1411//1411 1412//1412 1413//1413
f 1414//1414 1415//1415 1416//1416
f 1417//1417 1418//1418 1419//1419
f 1420//1420 1421//1421 1422//1422
f 1423//1423 1424//1424 1425//1425
f 1426//1426 1427//1427 1428//1428
f 1429//1429 1430//1430 1431//1431
f 1432//1432 1433//1433 1434//1434
f 1435//1435 1436//1436 1437//1437
f 1438//1438 1439//1439 1440//1440
f 1441//1441 1442//1442 1443//1443
f 1444//1444 1445//1445 1446//1446
f 1447//1447 1448//1448 1449//1449
f 1450//1450 1451//1451 1452//1452
f 1453//1453 1454//1454 1455//1455
f 1456//1456 1457//1457 1458//1458
f 1459//1459 1460//1460 1461//1461
f 1462//1462 1463//1463 1464//1464
f 1465//1465 1466//1466 1467//1467
f 1468//1468 1469//1469 1470//1470
f 1471//1471 1472//1472 1473//1473
f 1474//1474 1475//1475 1476//1476
f 1477//1477 1478//1478 1479//1479
f 1480//1480 1481//1481 1482//1482
f 1483//1483 1484//1484 1485//1485
f 1486//1486 1487//1487 1488//1488
f 1489//1489 1490//1490 1491//1491
f 1492//1492 1493//1493 1494//1494
f 1495//1495 1496//1496 1497//1497
f 1498//1498 1499//1499 1500//1500
f 1501//1501 1502//1502 1503//1503
f 1504//1504 1505//1505 1506//1506
f 1507//1507 1508//1508 1509//1509
f 1510//1510 1511//1511 1512//1512
f 1513//1513 1514//1514 1515//1515
f 1516//1516 1517//1517 1518//1518
f 1519//1519 1520//1520 1521//1521
f 1522//1522 1523//1523 1524//1524
f 1525//1525 1526//1526 1527//1527
f 1528//1528 1529//1529 1530//1530
f 1531//1531 1532//1532 1533//1533
f 1534//1534 1535//1535 1536//1536
f 1537//1537 1538//1538 1539//1539
f 1540//1540 1541//1541 1542//1542
f 1543//1543 1544//1544 1545//1545
f 1546//1546 1547//1547 1548//1548
f 1549//1549 1550//1550 1551//1551
f 1552//1552 1553//1553 1554//1554
f 1555//1555 1556//1556 1557//1557
f 1558//1558 1559//1559 1560//1560
f 1561//1561 1562//1562 1563//1563
f 1564//1564 1565//1565 1566//1566
f 1567//1567 1568//1568 1569//1569
f 1570//1570 1571//1571 1572//1572
f 1573//1573 1574//1574 1575//1575
f 1576//1576 1577//1577 1578//1578
f 1579//1579 1580//1580 1581//1581
f 1582//1582 1583//1583 1584//1584
f 1585//1585 1586//1586 1587//1587
f 1588//1588 1589//1589 1590//1590
f 1591//1591 1592//1592 1593//1593
f 1594//1594 1595//1595 1596//1596
f 1597//1597 1598//1598 1599//1599
f 1600//1600 1601//1601 1602//1602
f 1603//1603 1604//1604 1605//1605
f 1606//1606 1607//1607 1608//1608
f 1609//1609 1610//1610 1611//1611
f 1612//1612 1613//1613 1614//1614
f 1615//1615 1616//1616 1617//1617
f 1618//1618 1619//1619 1620//1620
f 1621//1621 1622//1622 1623//1623
f 1624//1624 1625//1625 1626//1626
f 1627//1627 1628//1628 1629//1629
f 1630//1630 1631//1631 1632//1632
f 1633//1633 1634//1634 1635//1635
f 1636//1636 1637//1637 1638//1638
f 1639//1639 1640//1640 1641//1641
f 1642//1642 1643//1643 1644//1644
f 1645//1645 1646//1646 1647//1647
f 1648//1648 1649//1649 1650//1650
f 1651//1651 1652//1652 1653//1653
f 1654//1654 1655//1655 1656//1656
f 1657//1657 1658//1658 1659//1659
f 1660//1660 1661//1661 1662//1662
f 1663//1663 1664//1664 1665//1665
f 1666//1666 1667//1667 1668//1668
f 1669//1669 1670//1670 1671//1671
f 1672//1672 1673//1673 1674//1674
f 1675//1675 1676//1676 1677//1677
f 1678//1678 1679//1679 1680//1680
f 1681//1681 1682//1682 1683//1683
f 1684//1684 1685//1685 1686//1686
f 1687//1687 1688//1688 1689//1689
f 1690//1690 1691//1691 1692//1692
f 1693//1693 1694//1694 1695//1695
f 1696//1696 1697//1697 1698//1698
f 1699//1699 1700//1700 1701//1701
f 1702//1702 1703//1703 1704//1704
f 1705//1705 1706//1706 1707//1707
f 1708//1708 1709//1709 1710//1710
f 1711//1711 1712//1712 1713//1713
f 1714//1714 1715//1715 1716//1716
f 1717//1717 1718//1718 1719//1719
f 1720//1720 1721//1721 1722//1722
f 1723//1723 1724//1724 1725//1725
f 1726//1726 1727//1727 1728//1728
f 1729//1729 1730//1730 1731//1731
f 1732//1732 1733//1733 1734//1734
f 1735//1735 1736//1736 1737//1737
f 1738//1738 1739//1739 1740//1740
f 1741//1741 1742//1742 1743//1743
f 1744//1744 1745//1745 1746//1746
f 1747//1747 1748//1748 1749//1749
f 1750//1750 1751//1751 1752//1752
f 1753//1753 1754//1754 1755//1755
f 1756//1756 1757//1757 1758//1758
f 1759//1759 1760//1760 1761//1761
f 1762//1762 1763//1763 1764//1764
f 1765//1765 1766//1766 1767//1767
f 1768//1768 1769//1769 1770//1770
f 1771//1771 1772//1772 1773//1773
f 1774//1774 1775//1775 1776//1776
f 1777//1777 1778//1778 1779//1779
f 1780//1780 1781//1781 1782//1782
f 1783//1783 1784//1784 1785//1785
f 1786//1786 1787//1787 1788//1788
f 1789//1789 1790//1790 1791//1791
f 1792//1792 1793//1793 1794//1794
f 1795//1795 1796//1796 1797//1797
f 1798//1798 1799//1799 1800//1800
f 1801//1801 1802//1802 1803//1803
f 1804//1804 1805//1805 1806//1806
f 1807//1807 1808//1808 1809//1809
f 1810//1810 1811//1811 1812//1812
f 1813//1813 1814//1814 1815//1815
f 1816//1816 1817//1817 1818//1818
f 1819//1819 1820//1820 1821//1821
f 1822//1822 1823//1823 1824//1824
f 1825//1825 1826//1826 1827//1827
f 1828//1828 1829//1829 1830//1830
f 1831//1831 1832//1832 1833//1833
f 1834//1834 1835//1835 1836//1836
f 1837//1837 1838//1838 1839//1839
f 1840//1840 1841//1841 1842//1842
f 1843//1843 1844//1844 1845//1845
f 1846//1846 1847//1847 1848//1848
f 1849//1849 1850//1850 1851//1851
f 1852//1852 1853//1853 1854//1854
f 1855//1855 1856//1856 1857//1857
f 1858//1858 1859//1859 1860//1860
f 1861//1861 1862//1862 1863//1863
f 1864//1864 1865//1865 1866//1866
f 1867//1867 1868//1868 1869//1869
f 1870//1870 1871//1871 1872//1872
f 1873//1873 1874//1874 1875//1875
f 1876//1876 1877//1877 1878//1878
f 1879//1879 1880//1880 1881//1881
f 1882//1882 1883//1883 1884//1884
f 1885//1885 1886//1886 1887//1887
f 1888//1888 1889//1889 1890//1890
f 1891//1891 1892//1892 1893//1893
f 1894//1894 1895//1895 1896//1896
f 1897//1897 1898//1898 1899//1899
f 1900//1900 1901//1901 1902//1902
f 1903//1903 1904//1904 1905//1905
f 1906//1906 1907//1907 1908//1908
f 1909//1909 1910//1910 1911//1911
f 1912//1912 1913//1913 1914//1914
f 1915//1915 1916//1916 1917//1917
f 1918//1918 1919//1919 1920//1920
f 1921//1921 1922//1922 1923//1923
f 1924//1924 1925//1925 1926//1926
f 1927//1927 1928//1928 1929//1929
f 1930//1930 1931//1931 1932//1932
f 1933//1933 1934//1934 1935//1935
f 1936//1936 1937//1937 1938//1938
f 1939//1939 1940//1940 1941//1941
f 1942//1942 1943//1943 1944//1944
f 1945//1945 1946//1946 1947//1947
f 1948//1948 1949//1949 1950//1950
f 1951//1951 1952//1952 1953//1953
f 1954//1954 1955//1955 1956//1956
f 1957//1957 1958//1958 1959//1959
f 1960//1960 1961//1961 1962//1962
f 1963//1963 1964//1964 1965//1965
f 1966//1966 1967//1967 1968//1968
f 1969//1969 1970//1970 1971//1971
f 1972//1972 1973//1973 1974//1974
f 1975//1975 1976//1976 1977//1977
f 1978//1978 1979//1979 1980//1980
f 1981//1981 1982//1982 1983//1983
f 1984//1984 1985//1985 1986//1986
f 1987//1987 1988//1988 1989//1989
f 1990//1990 1991//1991 1992//1992
f 1993//1993 1994//1994 1995//1995
f 1996//1996 1997//1997 1998//1998
f 1999//1999 2000//2000 2001//2001
f 2002//2002 2003//2003 2004//2004
f 2005//2005 2006//2006 2007//2007
f 2008//2008 2009//2009 2010//2010
f 2011//2011 2012//2012 2013//2013
f 2014//2014 2015//2015 2016//2016
f 2017//2017 2018//2018 2019//2019
f 2020//2020 2021//2021 2022//2022
f 2023//2023 2024//2024 2025//2025
f 2026//2026 2027//2027 2028//2028
f 2029//2029 2030//2030 2031//2031
f 2032//2032 2033//2033 2034//2034
f 2035//2035 2036//2036 2037//2037
f 2038//2038 2039//2039 2040//2040
f 2041//2041 2042//2042 2043//2043
f 2044//2044 2045//2045 2046//2046
f 2047//2047 2048//2048 2049//2049
f 2050//2050 2051//2051 2052//2052
f 2053//2053 2054//2054 2055//2055
f 2056//2056 2057//2057 2058//2058
f 2059//2059 2060//2060 2061//2061
f 2062//2062 2063//2063 2064//2064
f 2065//2065 2066//2066 2067//2067
f 2068//2068 2069//2069 2070//2070
f 2071//2071 2072//2072 2073//2073
f 2074//2074 2075//2075 2076//2076
f 2077//2077 2078//2078 2079//2079
f 2080//2080 2081//2081 2082//2082
f 2083//2083 2084//2084 2085//2085
f 2086//2086 2087//2087 2088//2088
f 2089//2089 2090//2090 2091//2091
f 2092//2092 2093//2093 2094//2094
f 2095//2095 2096//2096 2097//2097
f 2098//2098 2099//2099 2100//2100
f 2101//2101 2102//2102 2103//2103
f 2104//2104 2105//2105 2106//2106
f 2107//2107 2108//2108 2109//2109
f 2110//2110 2111//2111 2112//2112
f 2113//2113 2114//2114 2115//2115
f 2116//2116 2117//2117 2118//2118
f 2119//2119 2120//2120 2121//2121
f 2122//2122 2123//2123 2124//2124
f 2125//2125 2126//2126 2127//2127
f 2128//2128 2129//2129 2130//2130
f 2131//2131 2132//2132 2133//2133
f 2134//2134 2135//2135 2136//2136
f 2136//2136 2137//2137 2138//2138
f 2139//2139 2140//2140 2141//2141
f 2142//2142 2143//2143 2144//2144
f 2145//2145 2146//2146 2147//2147
f 2148//2148 2149//2149 2150//2150
f 2151//2151 2152//2152 2153//2153
f 2154//2154 2155//2155 2156//2156
f 2157//2157 2158//2158 2159//2159
f 2160//2160 2161//2161 2162//2162
f 2163//2163 2164//2164 2165//2165
f 2166//2166 2167//2167 2168//2168
f 2169//2169 2170//2170 2171//2171
f 2130//2130 2129//2129 2172//2172
f 2172//2172 2134//2134 2130//2130
f 2173//2173 2174//2174 2175//2175
f 2176//2176 2177//2177 2178//2178
f 2179//2179 2180//2180 2181//2181
f 2182//2182 2183//2183 2184//2184
f 2185//2185 2186//2186 2187//2187
f 2188//2188 2189//2189 2190//2190
f 2191//2191 2192//2192 2193//2193
f 2194//2194 2195//2195 2196//2196
f 2197//2197 2198//2198 2199//2199
f 2200//2200 2201//2201 2202//2202
f 2203//2203 2204//2204 2205//2205
f 2206//2206 2207//2207 2208//2208
f 2209//2209 2210//2210 2211//2211
f 2212//2212 2213//2213 2214//2214
f 2215//2215 2216//2216 2217//2217
f 2218//2218 2219//2219 2220//2220
f 2221//2221 2222//2222 2223//2223
f 2224//2224 2225//2225 2226//2226
f 2227//2227 2228//2228 2229//2229
f 2230//2230 2231//2231 2232//2232
f 2233//2233 2234//2234 2235//2235
f 2236//2236 2237//2237 2238//2238
f 2239//2239 2240//2240 2241//2241
f 2242//2242 2243//2243 2244//2244
f 2245//2245 2246//2246 2247//2247
f 2248//2248 2249//2249 2250//2250
f 2251//2251 2252//2252 2253//2253
f 2254//2254 2255//2255 2256//2256
f 2257//2257 2258//2258 2259//2259
f 2260//2260 2261//2261 2262//2262
f 2263//2263 2264//2264 2265//2265
f 2266//2266 2267//2267 2268//2268
f 2269//2269 2270//2270 2271//2271
f 2272//2272 2273//2273 2274//2274
f 2275//2275 2276//2276 2277//2277
f 2278//2278 2279//2279 2280//2280
f 2281//2281 2282//2282 2283//2283
f 2284//2284 2285//2285 2286//2286
f 2287//2287 2288//2288 2289//2289
f 2290//2290 2291//2291 2292//2292
f 2293//2293 2294//2294 2295//2295
f 2296//2296 2297//2297 2298//2298
f 2299//2299 2300//2300 2301//2301
