v -0.183508 -0.086502 -0.075452
vn 0.000000 0.497798 -0.867293
v -0.196415 -0.101193 -0.083885
vn 0.000000 0.497798 -0.867293
v -0.196415 -0.058678 -0.059483
vn 0.000000 0.497798 -0.867293
v -0.196415 -0.120291 -0.050612
vn -1.000000 -0.000020 0.000022
v -0.196415 -0.080959 -0.020664
vn -1.000000 -0.000020 0.000022
v -0.196415 -0.077776 -0.026210
vn -1.000000 -0.000020 0.000022
v 0.183508 -0.108782 -0.036634
vn -0.000001 -0.497798 0.867293
v 0.196415 -0.123473 -0.045067
vn -0.000001 -0.497798 0.867293
v 0.196415 -0.080958 -0.020665
vn -0.000001 -0.497798 0.867293
v 0.196415 -0.104376 -0.078340
vn 1.000000 -0.000000 -0.000000
v 0.196415 -0.058678 -0.059483
vn 1.000000 -0.000000 -0.000000
v 0.196415 -0.061861 -0.053937
vn 1.000000 -0.000000 -0.000000
v 0.140296 -0.101193 -0.083885
vn -0.000001 -0.867293 -0.497797
v 0.196415 -0.104376 -0.078340
vn -0.000001 -0.867293 -0.497797
v 0.140296 -0.104376 -0.078340
vn -0.000001 -0.867293 -0.497797
v 0.140296 -0.120291 -0.050612
vn 0.000000 -0.867293 -0.497799
v 0.196415 -0.123473 -0.045067
vn 0.000000 -0.867293 -0.497799
v 0.140296 -0.123473 -0.045067
vn 0.000000 -0.867293 -0.497799
v 0.140296 -0.117108 -0.056158
vn -0.000000 -0.867291 -0.497801
v 0.196415 -0.120291 -0.050612
vn -0.000000 -0.867291 -0.497801
v 0.140296 -0.120291 -0.050612
vn -0.000000 -0.867291 -0.497801
v 0.140296 -0.113925 -0.061703
vn -0.000000 -0.867292 -0.497799
v 0.196415 -0.117108 -0.056158
vn -0.000000 -0.867292 -0.497799
v 0.140296 -0.117108 -0.056158
vn -0.000000 -0.867292 -0.497799
v 0.140296 -0.110742 -0.067249
vn 0.000000 -0.867292 -0.497800
v 0.196415 -0.113925 -0.061703
vn 0.000000 -0.867292 -0.497800
v 0.140296 -0.113925 -0.061703
vn 0.000000 -0.867292 -0.497800
v 0.140296 -0.107559 -0.072794
vn 0.000000 -0.867292 -0.497800
v 0.196415 -0.110742 -0.067249
vn 0.000000 -0.867292 -0.497800
v 0.140296 -0.110742 -0.067249
vn 0.000000 -0.867292 -0.497800
v 0.140296 -0.104376 -0.078340
vn 0.000000 -0.867292 -0.497801
v 0.196415 -0.107559 -0.072794
vn 0.000000 -0.867292 -0.497801
v 0.140296 -0.107559 -0.072794
vn 0.000000 -0.867292 -0.497801
v -0.196415 -0.120291 -0.050612
vn 0.000000 -0.867293 -0.497798
v -0.140296 -0.123474 -0.045067
vn 0.000000 -0.867293 -0.497798
v -0.196415 -0.123474 -0.045067
vn 0.000000 -0.867293 -0.497798
v -0.140296 -0.120291 -0.050612
vn 0.000000 -0.867292 -0.497800
v -0.084178 -0.123474 -0.045067
vn 0.000000 -0.867292 -0.497800
v -0.140296 -0.123474 -0.045067
vn 0.000000 -0.867292 -0.497800
v -0.084178 -0.120291 -0.050612
vn -0.000000 -0.867292 -0.497800
v -0.028059 -0.123474 -0.045067
vn -0.000000 -0.867292 -0.497800
v -0.084178 -0.123474 -0.045067
vn -0.000000 -0.867292 -0.497800
v -0.028059 -0.120291 -0.050612
vn 0.000000 -0.867292 -0.497800
v 0.028059 -0.123474 -0.045067
vn 0.000000 -0.867292 -0.497800
v -0.028059 -0.123474 -0.045067
vn 0.000000 -0.867292 -0.497800
v 0.028059 -0.120291 -0.050612
vn 0.000004 -0.867292 -0.497799
v 0.084178 -0.123473 -0.045067
vn 0.000004 -0.867292 -0.497799
v 0.028059 -0.123474 -0.045067
vn 0.000004 -0.867292 -0.497799
v 0.084178 -0.120291 -0.050612
vn 0.000000 -0.867293 -0.497799
v 0.140296 -0.123473 -0.045067
vn 0.000000 -0.867293 -0.497799
v 0.084178 -0.123473 -0.045067
vn 0.000000 -0.867293 -0.497799
v -0.196415 -0.117108 -0.056158
vn 0.000000 -0.867292 -0.497800
v -0.140296 -0.120291 -0.050612
vn 0.000000 -0.867292 -0.497800
v -0.196415 -0.120291 -0.050612
vn 0.000000 -0.867292 -0.497800
v -0.140296 -0.117108 -0.056158
vn 0.000000 -0.867292 -0.497800
v -0.084178 -0.120291 -0.050612
vn 0.000000 -0.867292 -0.497800
v -0.140296 -0.120291 -0.050612
vn 0.000000 -0.867292 -0.497800
v -0.084178 -0.117108 -0.056158
vn 0.000000 -0.867292 -0.497800
v -0.028059 -0.120291 -0.050612
vn 0.000000 -0.867292 -0.497800
v -0.084178 -0.120291 -0.050612
vn 0.000000 -0.867292 -0.497800
v -0.028059 -0.117108 -0.056158
vn 0.000000 -0.867292 -0.497799
v 0.028059 -0.120291 -0.050612
vn 0.000000 -0.867292 -0.497799
v -0.028059 -0.120291 -0.050612
vn 0.000000 -0.867292 -0.497799
v 0.028059 -0.117108 -0.056158
vn 0.000004 -0.867292 -0.497800
v 0.084178 -0.120291 -0.050612
vn 0.000004 -0.867292 -0.497800
v 0.028059 -0.120291 -0.050612
vn 0.000004 -0.867292 -0.497800
v 0.084178 -0.117108 -0.056158
vn 0.000000 -0.867292 -0.497800
v 0.140296 -0.120291 -0.050612
vn 0.000000 -0.867292 -0.497800
v 0.084178 -0.120291 -0.050612
vn 0.000000 -0.867292 -0.497800
v -0.196415 -0.113925 -0.061703
vn 0.000000 -0.867292 -0.497800
v -0.140296 -0.117108 -0.056158
vn 0.000000 -0.867292 -0.497800
v -0.196415 -0.117108 -0.056158
vn 0.000000 -0.867292 -0.497800
v -0.140296 -0.113925 -0.061703
vn -0.000000 -0.867292 -0.497800
v -0.084178 -0.117108 -0.056158
vn -0.000000 -0.867292 -0.497800
v -0.140296 -0.117108 -0.056158
vn -0.000000 -0.867292 -0.497800
v -0.084178 -0.113925 -0.061703
vn -0.000000 -0.867293 -0.497799
v -0.028059 -0.117108 -0.056158
vn -0.000000 -0.867293 -0.497799
v -0.084178 -0.117108 -0.056158
vn -0.000000 -0.867293 -0.497799
v -0.028059 -0.113925 -0.061703
vn 0.000000 -0.867292 -0.497800
v 0.028059 -0.117108 -0.056158
vn 0.000000 -0.867292 -0.497800
v -0.028059 -0.117108 -0.056158
vn 0.000000 -0.867292 -0.497800
v 0.028059 -0.113925 -0.061703
vn 0.000004 -0.867292 -0.497800
v 0.084178 -0.117108 -0.056158
vn 0.000004 -0.867292 -0.497800
v 0.028059 -0.117108 -0.056158
vn 0.000004 -0.867292 -0.497800
v 0.084178 -0.113925 -0.061703
vn -0.000000 -0.867292 -0.497799
v 0.140296 -0.117108 -0.056158
vn -0.000000 -0.867292 -0.497799
v 0.084178 -0.117108 -0.056158
vn -0.000000 -0.867292 -0.497799
v -0.196415 -0.110742 -0.067249
vn 0.000000 -0.867293 -0.497799
v -0.140296 -0.113925 -0.061703
vn 0.000000 -0.867293 -0.497799
v -0.196415 -0.113925 -0.061703
vn 0.000000 -0.867293 -0.497799
v -0.140296 -0.110742 -0.067249
vn -0.000001 -0.867293 -0.497798
v -0.084178 -0.113925 -0.061703
vn -0.000001 -0.867293 -0.497798
v -0.140296 -0.113925 -0.061703
vn -0.000001 -0.867293 -0.497798
v -0.084178 -0.110742 -0.067249
vn 0.000000 -0.867293 -0.497799
v -0.028059 -0.113925 -0.061703
vn 0.000000 -0.867293 -0.497799
v -0.084178 -0.113925 -0.061703
vn 0.000000 -0.867293 -0.497799
v -0.028059 -0.110742 -0.067249
vn 0.000000 -0.867292 -0.497800
v 0.028059 -0.113925 -0.061703
vn 0.000000 -0.867292 -0.497800
v -0.028059 -0.113925 -0.061703
vn 0.000000 -0.867292 -0.497800
v 0.028059 -0.110742 -0.067249
vn 0.000004 -0.867293 -0.497799
v 0.084178 -0.113925 -0.061703
vn 0.000004 -0.867293 -0.497799
v 0.028059 -0.113925 -0.061703
vn 0.000004 -0.867293 -0.497799
v 0.084178 -0.110742 -0.067249
vn 0.000000 -0.867293 -0.497798
v 0.140296 -0.113925 -0.061703
vn 0.000000 -0.867293 -0.497798
v 0.084178 -0.113925 -0.061703
vn 0.000000 -0.867293 -0.497798
v -0.196415 -0.107559 -0.072794
vn -0.000000 -0.867293 -0.497799
v -0.140296 -0.110742 -0.067249
vn -0.000000 -0.867293 -0.497799
v -0.196415 -0.110742 -0.067249
vn -0.000000 -0.867293 -0.497799
v -0.140296 -0.107559 -0.072794
vn 0.000000 -0.867292 -0.497799
v -0.084178 -0.110742 -0.067249
vn 0.000000 -0.867292 -0.497799
v -0.140296 -0.110742 -0.067249
vn 0.000000 -0.867292 -0.497799
v -0.084178 -0.107559 -0.072794
vn 0.000000 -0.867293 -0.497799
v -0.028059 -0.110742 -0.067249
vn 0.000000 -0.867293 -0.497799
v -0.084178 -0.110742 -0.067249
vn 0.000000 -0.867293 -0.497799
v -0.028059 -0.107559 -0.072794
vn -0.000000 -0.867292 -0.497800
v 0.028059 -0.110742 -0.067249
vn -0.000000 -0.867292 -0.497800
v -0.028059 -0.110742 -0.067249
vn -0.000000 -0.867292 -0.497800
v 0.028059 -0.107559 -0.072794
vn 0.000004 -0.867292 -0.497800
v 0.084178 -0.110742 -0.067249
vn 0.000004 -0.867292 -0.497800
v 0.028059 -0.110742 -0.067249
vn 0.000004 -0.867292 -0.497800
v 0.084178 -0.107559 -0.072794
vn -0.000000 -0.867293 -0.497799
v 0.140296 -0.110742 -0.067249
vn -0.000000 -0.867293 -0.497799
v 0.084178 -0.110742 -0.067249
vn -0.000000 -0.867293 -0.497799
v -0.196415 -0.104376 -0.078340
vn -0.000000 -0.867291 -0.497801
v -0.140296 -0.107559 -0.072794
vn -0.000000 -0.867291 -0.497801
v -0.196415 -0.107559 -0.072794
vn -0.000000 -0.867291 -0.497801
v -0.140296 -0.104376 -0.078340
vn 0.000000 -0.867291 -0.497801
v -0.084178 -0.107559 -0.072794
vn 0.000000 -0.867291 -0.497801
v -0.140296 -0.107559 -0.072794
vn 0.000000 -0.867291 -0.497801
v -0.084178 -0.104376 -0.078340
vn -0.000000 -0.867291 -0.497801
v -0.028059 -0.107559 -0.072794
vn -0.000000 -0.867291 -0.497801
v -0.084178 -0.107559 -0.072794
vn -0.000000 -0.867291 -0.497801
v -0.028059 -0.104376 -0.078340
vn 0.000000 -0.867293 -0.497798
v 0.028059 -0.107559 -0.072794
vn 0.000000 -0.867293 -0.497798
v -0.028059 -0.107559 -0.072794
vn 0.000000 -0.867293 -0.497798
v 0.028059 -0.104376 -0.078340
vn 0.000004 -0.867292 -0.497800
v 0.084178 -0.107559 -0.072794
vn 0.000004 -0.867292 -0.497800
v 0.028059 -0.107559 -0.072794
vn 0.000004 -0.867292 -0.497800
v 0.084178 -0.104376 -0.078340
vn 0.000000 -0.867308 -0.497772
v 0.140296 -0.107559 -0.072794
vn 0.000000 -0.867308 -0.497772
v 0.084178 -0.107559 -0.072794
vn 0.000000 -0.867308 -0.497772
v -0.196415 -0.101193 -0.083885
vn 0.000000 -0.867293 -0.497799
v -0.140296 -0.104376 -0.078340
vn 0.000000 -0.867293 -0.497799
v -0.196415 -0.104376 -0.078340
vn 0.000000 -0.867293 -0.497799
v -0.140296 -0.101193 -0.083885
vn -0.000000 -0.867293 -0.497799
v -0.084178 -0.104376 -0.078340
vn -0.000000 -0.867293 -0.497799
v -0.140296 -0.104376 -0.078340
vn -0.000000 -0.867293 -0.497799
v -0.084178 -0.101193 -0.083885
vn 0.000000 -0.867293 -0.497798
v -0.028059 -0.104376 -0.078340
vn 0.000000 -0.867293 -0.497798
v -0.084178 -0.104376 -0.078340
vn 0.000000 -0.867293 -0.497798
v -0.028059 -0.101193 -0.083885
vn 0.000000 -0.867291 -0.497801
v 0.028059 -0.104376 -0.078340
vn 0.000000 -0.867291 -0.497801
v -0.028059 -0.104376 -0.078340
vn 0.000000 -0.867291 -0.497801
v 0.028059 -0.101193 -0.083885
vn 0.000000 -0.867292 -0.497800
v 0.084178 -0.104376 -0.078340
vn 0.000000 -0.867292 -0.497800
v 0.028059 -0.104376 -0.078340
vn 0.000000 -0.867292 -0.497800
v 0.084178 -0.101193 -0.083885
vn 0.000004 -0.867292 -0.497800
v 0.140296 -0.104376 -0.078340
vn 0.000004 -0.867292 -0.497800
v 0.084178 -0.104376 -0.078340
vn 0.000004 -0.867292 -0.497800
v -0.196415 0.177315 0.120205
vn 0.000006 0.867291 0.497801
v -0.183508 0.174132 0.125750
vn 0.000006 0.867291 0.497801
v -0.196415 0.180498 0.114659
vn 0.000006 0.867291 0.497801
v 0.183508 0.174133 0.125750
vn 0.000002 0.867292 0.497800
v 0.196415 0.186864 0.103568
vn 0.000002 0.867292 0.497800
v 0.183508 0.196413 0.086932
vn 0.000002 0.867292 0.497800
v 0.196415 0.150715 0.068075
vn 1.000000 0.000000 -0.000000
v 0.196415 0.196413 0.086932
vn 1.000000 0.000000 -0.000000
v 0.196415 0.193230 0.092477
vn 1.000000 0.000000 -0.000000
v 0.196415 0.108200 0.043672
vn 1.000000 0.000000 0.000004
v 0.196415 0.153898 0.062529
vn 1.000000 0.000000 0.000004
v 0.196415 0.150715 0.068075
vn 1.000000 0.000000 0.000004
v 0.196415 0.065684 0.019270
vn 1.000000 -0.000001 0.000001
v 0.196415 0.111383 0.038127
vn 1.000000 -0.000001 0.000001
v 0.196415 0.108200 0.043672
vn 1.000000 -0.000001 0.000001
v 0.196415 0.023169 -0.005132
vn 1.000000 0.000000 0.000005
v 0.196415 0.068867 0.013725
vn 1.000000 0.000000 0.000005
v 0.196415 0.065684 0.019270
vn 1.000000 0.000000 0.000005
v 0.196415 -0.019346 -0.029535
vn 1.000000 0.000000 -0.000002
v 0.196415 0.026352 -0.010678
vn 1.000000 0.000000 -0.000002
v 0.196415 0.023169 -0.005132
vn 1.000000 0.000000 -0.000002
v 0.196415 -0.061861 -0.053937
vn 1.000000 0.000000 -0.000001
v 0.196415 -0.016163 -0.035080
vn 1.000000 0.000000 -0.000001
v 0.196415 -0.019346 -0.029535
vn 1.000000 0.000000 -0.000001
v 0.196415 0.131617 0.101347
vn 1.000000 0.000000 -0.000005
v 0.196415 0.177315 0.120205
vn 1.000000 0.000000 -0.000005
v 0.196415 0.174133 0.125750
vn 1.000000 0.000000 -0.000005
v 0.196415 0.134800 0.095802
vn 1.000000 0.000000 -0.000005
v 0.196415 0.180498 0.114659
vn 1.000000 0.000000 -0.000005
v 0.196415 0.137983 0.090257
vn 1.000000 0.000000 -0.000005
v 0.196415 0.183681 0.109114
vn 1.000000 0.000000 -0.000005
v 0.196415 0.180498 0.114659
vn 1.000000 0.000000 -0.000005
v 0.196415 0.141166 0.084711
vn 1.000000 0.000000 -0.000000
v 0.196415 0.186864 0.103568
vn 1.000000 0.000000 -0.000000
v 0.196415 0.183681 0.109114
vn 1.000000 0.000000 -0.000000
v 0.196415 0.144349 0.079166
vn 1.000000 0.000000 -0.000000
v 0.196415 0.190047 0.098023
vn 1.000000 0.000000 -0.000000
v 0.196415 0.147532 0.073620
vn 1.000000 0.000000 -0.000004
v 0.196415 0.193230 0.092477
vn 1.000000 0.000000 -0.000004
v 0.196415 0.190047 0.098023
vn 1.000000 0.000000 -0.000004
v 0.196415 0.089102 0.076945
vn 1.000000 0.000000 0.000001
v 0.196415 0.134800 0.095802
vn 1.000000 0.000000 0.000001
v 0.196415 0.131617 0.101347
vn 1.000000 0.000000 0.000001
v 0.196415 0.092285 0.071400
vn 1.000000 0.000000 0.000001
v 0.196415 0.137983 0.090257
vn 1.000000 0.000000 0.000001
v 0.196415 0.134800 0.095802
vn 1.000000 0.000000 0.000001
v 0.196415 0.095468 0.065854
vn 1.000000 0.000000 0.000001
v 0.196415 0.141166 0.084711
vn 1.000000 0.000000 0.000001
v 0.196415 0.137983 0.090257
vn 1.000000 0.000000 0.000001
v 0.196415 0.098651 0.060309
vn 1.000000 0.000000 -0.000001
v 0.196415 0.144349 0.079166
vn 1.000000 0.000000 -0.000001
v 0.196415 0.141166 0.084711
vn 1.000000 0.000000 -0.000001
v 0.196415 0.101834 0.054763
vn 1.000000 0.000000 0.000001
v 0.196415 0.147532 0.073620
vn 1.000000 0.000000 0.000001
v 0.196415 0.144349 0.079166
vn 1.000000 0.000000 0.000001
v 0.196415 0.105017 0.049218
vn 1.000000 0.000000 0.000003
v 0.196415 0.150715 0.068075
vn 1.000000 0.000000 0.000003
v 0.196415 0.147532 0.073620
vn 1.000000 0.000000 0.000003
v 0.196415 0.046587 0.052543
vn 1.000000 -0.000001 0.000001
v 0.196415 0.092285 0.071400
vn 1.000000 -0.000001 0.000001
v 0.196415 0.089102 0.076945
vn 1.000000 -0.000001 0.000001
v 0.196415 0.049770 0.046997
vn 1.000000 -0.000001 -0.000002
v 0.196415 0.095468 0.065854
vn 1.000000 -0.000001 -0.000002
v 0.196415 0.092285 0.071400
vn 1.000000 -0.000001 -0.000002
v 0.196415 0.052953 0.041452
vn 1.000000 -0.000001 -0.000005
v 0.196415 0.098651 0.060309
vn 1.000000 -0.000001 -0.000005
v 0.196415 0.095468 0.065854
vn 1.000000 -0.000001 -0.000005
v 0.196415 0.056136 0.035906
vn 1.000000 -0.000001 -0.000001
v 0.196415 0.101834 0.054763
vn 1.000000 -0.000001 -0.000001
v 0.196415 0.098651 0.060309
vn 1.000000 -0.000001 -0.000001
v 0.196415 0.059319 0.030361
vn 1.000000 -0.000001 0.000001
v 0.196415 0.105017 0.049218
vn 1.000000 -0.000001 0.000001
v 0.196415 0.101834 0.054763
vn 1.000000 -0.000001 0.000001
v 0.196415 0.062502 0.024815
vn 1.000000 -0.000001 0.000003
v 0.196415 0.108200 0.043672
vn 1.000000 -0.000001 0.000003
v 0.196415 0.105017 0.049218
vn 1.000000 -0.000001 0.000003
v 0.196415 0.004072 0.028140
vn 1.000000 0.000000 -0.000003
v 0.196415 0.049770 0.046997
vn 1.000000 0.000000 -0.000003
v 0.196415 0.046587 0.052543
vn 1.000000 0.000000 -0.000003
v 0.196415 0.007255 0.022595
vn 1.000000 0.000000 0.000005
v 0.196415 0.052953 0.041452
vn 1.000000 0.000000 0.000005
v 0.196415 0.049770 0.046997
vn 1.000000 0.000000 0.000005
v 0.196415 0.010438 0.017049
vn 1.000000 0.000000 -0.000004
v 0.196415 0.056136 0.035906
vn 1.000000 0.000000 -0.000004
v 0.196415 0.052953 0.041452
vn 1.000000 0.000000 -0.000004
v 0.196415 0.013621 0.011504
vn 1.000000 0.000000 0.000004
v 0.196415 0.059319 0.030361
vn 1.000000 0.000000 0.000004
v 0.196415 0.056136 0.035906
vn 1.000000 0.000000 0.000004
v 0.196415 0.016804 0.005958
vn 1.000000 0.000000 -0.000004
v 0.196415 0.062502 0.024815
vn 1.000000 0.000000 -0.000004
v 0.196415 0.059319 0.030361
vn 1.000000 0.000000 -0.000004
v 0.196415 0.019986 0.000413
vn 1.000000 0.000000 0.000000
v 0.196415 0.065684 0.019270
vn 1.000000 0.000000 0.000000
v 0.196415 0.062502 0.024815
vn 1.000000 0.000000 0.000000
v 0.196415 -0.038443 0.003738
vn 1.000000 0.000000 -0.000001
v 0.196415 0.007255 0.022595
vn 1.000000 0.000000 -0.000001
v 0.196415 0.004072 0.028140
vn 1.000000 0.000000 -0.000001
v 0.196415 -0.035260 -0.001808
vn 1.000000 0.000000 0.000004
v 0.196415 0.010438 0.017049
vn 1.000000 0.000000 0.000004
v 0.196415 0.007255 0.022595
vn 1.000000 0.000000 0.000004
v 0.196415 -0.032077 -0.007353
vn 1.000000 0.000000 0.000001
v 0.196415 0.013621 0.011504
vn 1.000000 0.000000 0.000001
v 0.196415 0.010438 0.017049
vn 1.000000 0.000000 0.000001
v 0.196415 -0.028894 -0.012899
vn 1.000000 0.000000 -0.000000
v 0.196415 0.016804 0.005958
vn 1.000000 0.000000 -0.000000
v 0.196415 0.013621 0.011504
vn 1.000000 0.000000 -0.000000
v 0.196415 -0.025712 -0.018444
vn 1.000000 0.000000 0.000004
v 0.196415 0.019986 0.000413
vn 1.000000 0.000000 0.000004
v 0.196415 0.016804 0.005958
vn 1.000000 0.000000 0.000004
v 0.196415 -0.022529 -0.023989
vn 1.000000 0.000000 0.000005
v 0.196415 0.023169 -0.005132
vn 1.000000 0.000000 0.000005
v 0.196415 0.019986 0.000413
vn 1.000000 0.000000 0.000005
v 0.196415 -0.080958 -0.020665
vn 1.000000 0.000000 0.000000
v 0.196415 -0.035260 -0.001808
vn 1.000000 0.000000 0.000000
v 0.196415 -0.038443 0.003738
vn 1.000000 0.000000 0.000000
v 0.196415 -0.077776 -0.026210
vn 1.000000 0.000000 0.000001
v 0.196415 -0.032077 -0.007353
vn 1.000000 0.000000 0.000001
v 0.196415 -0.035260 -0.001808
vn 1.000000 0.000000 0.000001
v 0.196415 -0.074593 -0.031756
vn 1.000000 0.000000 0.000001
v 0.196415 -0.028894 -0.012899
vn 1.000000 0.000000 0.000001
v 0.196415 -0.071410 -0.037301
vn 1.000000 0.000000 -0.000001
v 0.196415 -0.025712 -0.018444
vn 1.000000 0.000000 -0.000001
v 0.196415 -0.028894 -0.012899
vn 1.000000 0.000000 -0.000001
v 0.196415 -0.068227 -0.042846
vn 1.000000 0.000000 -0.000002
v 0.196415 -0.022529 -0.023989
vn 1.000000 0.000000 -0.000002
v 0.196415 -0.025712 -0.018444
vn 1.000000 0.000000 -0.000002
v 0.196415 -0.065044 -0.048392
vn 1.000000 0.000000 -0.000003
v 0.196415 -0.019346 -0.029535
vn 1.000000 0.000000 -0.000003
v 0.196415 -0.022529 -0.023989
vn 1.000000 0.000000 -0.000003
v 0.196415 -0.123473 -0.045067
vn 1.000000 -0.000000 0.000000
v 0.196415 -0.077776 -0.026210
vn 1.000000 -0.000000 0.000000
v 0.196415 -0.080958 -0.020665
vn 1.000000 -0.000000 0.000000
v 0.196415 -0.120291 -0.050612
vn 1.000000 -0.000000 -0.000004
v 0.196415 -0.074593 -0.031756
vn 1.000000 -0.000000 -0.000004
v 0.196415 -0.077776 -0.026210
vn 1.000000 -0.000000 -0.000004
v 0.196415 -0.117108 -0.056158
vn 1.000000 -0.000000 0.000005
v 0.196415 -0.071410 -0.037301
vn 1.000000 -0.000000 0.000005
v 0.196415 -0.074593 -0.031756
vn 1.000000 -0.000000 0.000005
v 0.196415 -0.113925 -0.061703
vn 1.000000 -0.000000 -0.000001
v 0.196415 -0.068227 -0.042846
vn 1.000000 -0.000000 -0.000001
v 0.196415 -0.071410 -0.037301
vn 1.000000 -0.000000 -0.000001
v 0.196415 -0.110742 -0.067249
vn 1.000000 -0.000000 -0.000002
v 0.196415 -0.065044 -0.048392
vn 1.000000 -0.000000 -0.000002
v 0.196415 -0.068227 -0.042846
vn 1.000000 -0.000000 -0.000002
v 0.196415 -0.107559 -0.072794
vn 1.000000 -0.000000 0.000005
v 0.196415 -0.061861 -0.053937
vn 1.000000 -0.000000 0.000005
v 0.196415 -0.065044 -0.048392
vn 1.000000 -0.000000 0.000005
v 0.183508 0.131617 0.101347
vn 0.000000 -0.497799 0.867293
v 0.196415 0.174133 0.125750
vn 0.000000 -0.497799 0.867293
v 0.183508 0.174133 0.125750
vn 0.000000 -0.497799 0.867293
v 0.183508 0.089102 0.076945
vn -0.000001 -0.497800 0.867292
v 0.196415 0.131617 0.101347
vn -0.000001 -0.497800 0.867292
v 0.183508 0.131617 0.101347
vn -0.000001 -0.497800 0.867292
v 0.183508 0.046587 0.052543
vn 0.000000 -0.497801 0.867292
v 0.196415 0.089102 0.076945
vn 0.000000 -0.497801 0.867292
v 0.183508 0.089102 0.076945
vn 0.000000 -0.497801 0.867292
v 0.183508 0.004072 0.028140
vn -0.000000 -0.497799 0.867293
v 0.196415 0.046587 0.052543
vn -0.000000 -0.497799 0.867293
v 0.183508 0.046587 0.052543
vn -0.000000 -0.497799 0.867293
v 0.183508 -0.038443 0.003738
vn 0.000000 -0.497798 0.867293
v 0.196415 0.004072 0.028140
vn 0.000000 -0.497798 0.867293
v 0.183508 0.004072 0.028140
vn 0.000000 -0.497798 0.867293
v 0.183508 -0.038443 0.003738
vn 0.000000 -0.497800 0.867292
v 0.196415 -0.080958 -0.020665
vn 0.000000 -0.497800 0.867292
v 0.196415 -0.038443 0.003738
vn 0.000000 -0.497800 0.867292
v -0.196415 0.131617 0.101348
vn 0.000006 -0.497800 0.867292
v -0.183508 0.174132 0.125750
vn 0.000006 -0.497800 0.867292
v -0.196415 0.174132 0.125750
vn 0.000006 -0.497800 0.867292
v -0.196415 0.089102 0.076945
vn -0.000001 -0.497799 0.867293
v -0.183508 0.131617 0.101348
vn -0.000001 -0.497799 0.867293
v -0.196415 0.131617 0.101348
vn -0.000001 -0.497799 0.867293
v -0.196415 0.046587 0.052543
vn 0.000000 -0.497799 0.867293
v -0.183508 0.089102 0.076945
vn 0.000000 -0.497799 0.867293
v -0.196415 0.089102 0.076945
vn 0.000000 -0.497799 0.867293
v -0.196415 0.004072 0.028140
vn 0.000000 -0.497799 0.867293
v -0.183508 0.046587 0.052543
vn 0.000000 -0.497799 0.867293
v -0.196415 0.046587 0.052543
vn 0.000000 -0.497799 0.867293
v -0.196415 -0.038443 0.003738
vn 0.000000 -0.497799 0.867293
v -0.183508 0.004072 0.028140
vn 0.000000 -0.497799 0.867293
v -0.196415 0.004072 0.028140
vn 0.000000 -0.497799 0.867293
v -0.196415 -0.080959 -0.020664
vn -0.000000 -0.497800 0.867292
v -0.183508 -0.038443 0.003738
vn -0.000000 -0.497800 0.867292
v -0.196415 -0.038443 0.003738
vn -0.000000 -0.497800 0.867292
v -0.140296 -0.123474 -0.045067
vn 0.000001 -0.497797 0.867294
v -0.084178 -0.108782 -0.036634
vn 0.000001 -0.497797 0.867294
v -0.183508 -0.108782 -0.036634
vn 0.000001 -0.497797 0.867294
v -0.084178 -0.123474 -0.045067
vn -0.000000 -0.497799 0.867292
v -0.028059 -0.108782 -0.036634
vn -0.000000 -0.497799 0.867292
v -0.084178 -0.108782 -0.036634
vn -0.000000 -0.497799 0.867292
v -0.028059 -0.123474 -0.045067
vn 0.000001 -0.497799 0.867292
v 0.028059 -0.108782 -0.036634
vn 0.000001 -0.497799 0.867292
v -0.028059 -0.108782 -0.036634
vn 0.000001 -0.497799 0.867292
v 0.028059 -0.123474 -0.045067
vn -0.000000 -0.497800 0.867292
v 0.084178 -0.108782 -0.036634
vn -0.000000 -0.497800 0.867292
v 0.028059 -0.108782 -0.036634
vn -0.000000 -0.497800 0.867292
v 0.084178 -0.108782 -0.036634
vn 0.000001 -0.497797 0.867293
v 0.140296 -0.123473 -0.045067
vn 0.000001 -0.497797 0.867293
v 0.183508 -0.108782 -0.036634
vn 0.000001 -0.497797 0.867293
v -0.196415 0.134800 0.095802
vn -1.000000 0.000000 -0.000003
v -0.196415 0.174132 0.125750
vn -1.000000 0.000000 -0.000003
v -0.196415 0.177315 0.120205
vn -1.000000 0.000000 -0.000003
v -0.196415 0.092285 0.071400
vn -1.000000 -0.000017 0.000032
v -0.196415 0.131617 0.101348
vn -1.000000 -0.000017 0.000032
v -0.196415 0.134800 0.095802
vn -1.000000 -0.000017 0.000032
v -0.196415 0.049770 0.046997
vn -1.000000 -0.000017 0.000029
v -0.196415 0.089102 0.076945
vn -1.000000 -0.000017 0.000029
v -0.196415 0.092285 0.071400
vn -1.000000 -0.000017 0.000029
v -0.196415 0.007255 0.022595
vn -1.000000 0.000000 -0.000002
v -0.196415 0.046587 0.052543
vn -1.000000 0.000000 -0.000002
v -0.196415 0.049770 0.046997
vn -1.000000 0.000000 -0.000002
v -0.196415 -0.035261 -0.001807
vn -1.000000 -0.000016 0.000033
v -0.196415 0.004072 0.028140
vn -1.000000 -0.000016 0.000033
v -0.196415 0.007255 0.022595
vn -1.000000 -0.000016 0.000033
v -0.196415 -0.077776 -0.026210
vn -1.000000 -0.000016 0.000031
v -0.196415 -0.038443 0.003738
vn -1.000000 -0.000016 0.000031
v -0.196415 -0.035261 -0.001807
vn -1.000000 -0.000016 0.000031
v -0.196415 0.153898 0.062530
vn -1.000000 0.000000 0.000002
v -0.196415 0.193230 0.092477
vn -1.000000 0.000000 0.000002
v -0.196415 0.196413 0.086932
vn -1.000000 0.000000 0.000002
v -0.196415 0.150715 0.068075
vn -1.000000 0.000000 0.000004
v -0.196415 0.190047 0.098023
vn -1.000000 0.000000 0.000004
v -0.196415 0.193230 0.092477
vn -1.000000 0.000000 0.000004
v -0.196415 0.147532 0.073620
vn -1.000000 0.000000 -0.000003
v -0.196415 0.186864 0.103568
vn -1.000000 0.000000 -0.000003
v -0.196415 0.190047 0.098023
vn -1.000000 0.000000 -0.000003
v -0.196415 0.144349 0.079166
vn -1.000000 0.000000 -0.000001
v -0.196415 0.183681 0.109114
vn -1.000000 0.000000 -0.000001
v -0.196415 0.186864 0.103568
vn -1.000000 0.000000 -0.000001
v -0.196415 0.141166 0.084711
vn -1.000000 0.000000 -0.000003
v -0.196415 0.180498 0.114659
vn -1.000000 0.000000 -0.000003
v -0.196415 0.183681 0.109114
vn -1.000000 0.000000 -0.000003
v -0.196415 0.137983 0.090257
vn -1.000000 0.000000 -0.000003
v -0.196415 0.177315 0.120205
vn -1.000000 0.000000 -0.000003
v -0.196415 0.180498 0.114659
vn -1.000000 0.000000 -0.000003
v -0.196415 0.111383 0.038127
vn -1.000000 0.000000 0.000000
v -0.196415 0.150715 0.068075
vn -1.000000 0.000000 0.000000
v -0.196415 0.153898 0.062530
vn -1.000000 0.000000 0.000000
v -0.196415 0.108200 0.043673
vn -1.000000 0.000000 -0.000001
v -0.196415 0.147532 0.073620
vn -1.000000 0.000000 -0.000001
v -0.196415 0.150715 0.068075
vn -1.000000 0.000000 -0.000001
v -0.196415 0.105017 0.049218
vn -1.000000 0.000000 -0.000002
v -0.196415 0.144349 0.079166
vn -1.000000 0.000000 -0.000002
v -0.196415 0.147532 0.073620
vn -1.000000 0.000000 -0.000002
v -0.196415 0.101834 0.054763
vn -1.000000 0.000000 0.000001
v -0.196415 0.141166 0.084711
vn -1.000000 0.000000 0.000001
v -0.196415 0.144349 0.079166
vn -1.000000 0.000000 0.000001
v -0.196415 0.098651 0.060309
vn -1.000000 0.000000 0.000000
v -0.196415 0.137983 0.090257
vn -1.000000 0.000000 0.000000
v -0.196415 0.141166 0.084711
vn -1.000000 0.000000 0.000000
v -0.196415 0.095468 0.065854
vn -1.000000 0.000000 0.000000
v -0.196415 0.134800 0.095802
vn -1.000000 0.000000 0.000000
v -0.196415 0.137983 0.090257
vn -1.000000 0.000000 0.000000
v -0.196415 0.068867 0.013725
vn -1.000000 0.000000 0.000004
v -0.196415 0.108200 0.043673
vn -1.000000 0.000000 0.000004
v -0.196415 0.111383 0.038127
vn -1.000000 0.000000 0.000004
v -0.196415 0.065684 0.019270
vn -1.000000 0.000000 0.000002
v -0.196415 0.105017 0.049218
vn -1.000000 0.000000 0.000002
v -0.196415 0.108200 0.043673
vn -1.000000 0.000000 0.000002
v -0.196415 0.062501 0.024815
vn -1.000000 0.000000 0.000000
v -0.196415 0.101834 0.054763
vn -1.000000 0.000000 0.000000
v -0.196415 0.105017 0.049218
vn -1.000000 0.000000 0.000000
v -0.196415 0.059318 0.030361
vn -1.000000 0.000000 0.000002
v -0.196415 0.098651 0.060309
vn -1.000000 0.000000 0.000002
v -0.196415 0.101834 0.054763
vn -1.000000 0.000000 0.000002
v -0.196415 0.056136 0.035906
vn -1.000000 0.000000 -0.000003
v -0.196415 0.095468 0.065854
vn -1.000000 0.000000 -0.000003
v -0.196415 0.098651 0.060309
vn -1.000000 0.000000 -0.000003
v -0.196415 0.052953 0.041452
vn -1.000000 0.000000 0.000003
v -0.196415 0.092285 0.071400
vn -1.000000 0.000000 0.000003
v -0.196415 0.095468 0.065854
vn -1.000000 0.000000 0.000003
v -0.196415 0.026352 -0.010678
vn -1.000000 0.000000 -0.000003
v -0.196415 0.065684 0.019270
vn -1.000000 0.000000 -0.000003
v -0.196415 0.068867 0.013725
vn -1.000000 0.000000 -0.000003
v -0.196415 0.023169 -0.005132
vn -1.000000 0.000000 -0.000001
v -0.196415 0.062501 0.024815
vn -1.000000 0.000000 -0.000001
v -0.196415 0.065684 0.019270
vn -1.000000 0.000000 -0.000001
v -0.196415 0.019986 0.000413
vn -1.000000 0.000000 -0.000002
v -0.196415 0.059318 0.030361
vn -1.000000 0.000000 -0.000002
v -0.196415 0.062501 0.024815
vn -1.000000 0.000000 -0.000002
v -0.196415 0.016803 0.005959
vn -1.000000 0.000000 -0.000002
v -0.196415 0.056136 0.035906
vn -1.000000 0.000000 -0.000002
v -0.196415 0.059318 0.030361
vn -1.000000 0.000000 -0.000002
v -0.196415 0.013621 0.011504
vn -1.000000 0.000000 -0.000004
v -0.196415 0.052953 0.041452
vn -1.000000 0.000000 -0.000004
v -0.196415 0.056136 0.035906
vn -1.000000 0.000000 -0.000004
v -0.196415 0.010438 0.017049
vn -1.000000 0.000000 -0.000003
v -0.196415 0.049770 0.046997
vn -1.000000 0.000000 -0.000003
v -0.196415 0.052953 0.041452
vn -1.000000 0.000000 -0.000003
v -0.196415 -0.016163 -0.035080
vn -1.000000 0.000000 0.000001
v -0.196415 0.023169 -0.005132
vn -1.000000 0.000000 0.000001
v -0.196415 0.026352 -0.010678
vn -1.000000 0.000000 0.000001
v -0.196415 -0.019346 -0.029535
vn -1.000000 0.000000 0.000002
v -0.196415 0.019986 0.000413
vn -1.000000 0.000000 0.000002
v -0.196415 0.023169 -0.005132
vn -1.000000 0.000000 0.000002
v -0.196415 -0.022529 -0.023989
vn -1.000000 0.000000 0.000003
v -0.196415 0.016803 0.005959
vn -1.000000 0.000000 0.000003
v -0.196415 0.019986 0.000413
vn -1.000000 0.000000 0.000003
v -0.196415 -0.025712 -0.018444
vn -1.000000 0.000000 -0.000004
v -0.196415 0.013621 0.011504
vn -1.000000 0.000000 -0.000004
v -0.196415 0.016803 0.005959
vn -1.000000 0.000000 -0.000004
v -0.196415 -0.028895 -0.012898
vn -1.000000 0.000000 -0.000000
v -0.196415 0.010438 0.017049
vn -1.000000 0.000000 -0.000000
v -0.196415 0.013621 0.011504
vn -1.000000 0.000000 -0.000000
v -0.196415 -0.032078 -0.007353
vn -1.000000 0.000000 -0.000002
v -0.196415 0.007255 0.022595
vn -1.000000 0.000000 -0.000002
v -0.196415 0.010438 0.017049
vn -1.000000 0.000000 -0.000002
v -0.196415 -0.058678 -0.059483
vn -1.000000 0.000000 0.000001
v -0.196415 -0.019346 -0.029535
vn -1.000000 0.000000 0.000001
v -0.196415 -0.016163 -0.035080
vn -1.000000 0.000000 0.000001
v -0.196415 -0.061861 -0.053937
vn -1.000000 0.000000 -0.000000
v -0.196415 -0.022529 -0.023989
vn -1.000000 0.000000 -0.000000
v -0.196415 -0.019346 -0.029535
vn -1.000000 0.000000 -0.000000
v -0.196415 -0.065044 -0.048392
vn -1.000000 0.000000 0.000002
v -0.196415 -0.025712 -0.018444
vn -1.000000 0.000000 0.000002
v -0.196415 -0.022529 -0.023989
vn -1.000000 0.000000 0.000002
v -0.196415 -0.068227 -0.042846
vn -1.000000 0.000000 0.000000
v -0.196415 -0.028895 -0.012898
vn -1.000000 0.000000 0.000000
v -0.196415 -0.025712 -0.018444
vn -1.000000 0.000000 0.000000
v -0.196415 -0.071410 -0.037301
vn -1.000000 0.000000 -0.000004
v -0.196415 -0.032078 -0.007353
vn -1.000000 0.000000 -0.000004
v -0.196415 -0.028895 -0.012898
vn -1.000000 0.000000 -0.000004
v -0.196415 -0.074593 -0.031755
vn -1.000000 0.000000 -0.000000
v -0.196415 -0.035261 -0.001807
vn -1.000000 0.000000 -0.000000
v -0.196415 -0.032078 -0.007353
vn -1.000000 0.000000 -0.000000
v -0.196415 -0.101193 -0.083885
vn -1.000000 0.000000 0.000001
v -0.196415 -0.061861 -0.053937
vn -1.000000 0.000000 0.000001
v -0.196415 -0.058678 -0.059483
vn -1.000000 0.000000 0.000001
v -0.196415 -0.104376 -0.078340
vn -1.000000 -0.000003 -0.000004
v -0.196415 -0.065044 -0.048392
vn -1.000000 -0.000003 -0.000004
v -0.196415 -0.061861 -0.053937
vn -1.000000 -0.000003 -0.000004
v -0.196415 -0.107559 -0.072794
vn -1.000000 -0.000003 -0.000000
v -0.196415 -0.068227 -0.042846
vn -1.000000 -0.000003 -0.000000
v -0.196415 -0.065044 -0.048392
vn -1.000000 -0.000003 -0.000000
v -0.196415 -0.110742 -0.067249
vn -1.000000 -0.000003 -0.000003
v -0.196415 -0.071410 -0.037301
vn -1.000000 -0.000003 -0.000003
v -0.196415 -0.068227 -0.042846
vn -1.000000 -0.000003 -0.000003
v -0.196415 -0.113925 -0.061703
vn -1.000000 -0.000003 -0.000003
v -0.196415 -0.074593 -0.031755
vn -1.000000 -0.000003 -0.000003
v -0.196415 -0.071410 -0.037301
vn -1.000000 -0.000003 -0.000003
v -0.196415 -0.117108 -0.056158
vn -1.000000 -0.000003 -0.000002
v -0.196415 -0.077776 -0.026210
vn -1.000000 -0.000003 -0.000002
v -0.196415 -0.074593 -0.031755
vn -1.000000 -0.000003 -0.000002
v -0.183508 0.153898 0.062530
vn 0.000000 0.497798 -0.867293
v -0.196415 0.196413 0.086932
vn 0.000000 0.497798 -0.867293
v -0.183508 0.196413 0.086932
vn 0.000000 0.497798 -0.867293
v -0.183508 0.111383 0.038127
vn 0.000000 0.497799 -0.867293
v -0.196415 0.153898 0.062530
vn 0.000000 0.497799 -0.867293
v -0.183508 0.153898 0.062530
vn 0.000000 0.497799 -0.867293
v -0.183508 0.068867 0.013725
vn 0.000001 0.497800 -0.867292
v -0.196415 0.111383 0.038127
vn 0.000001 0.497800 -0.867292
v -0.183508 0.111383 0.038127
vn 0.000001 0.497800 -0.867292
v -0.183508 0.026352 -0.010678
vn 0.000000 0.497799 -0.867293
v -0.196415 0.068867 0.013725
vn 0.000000 0.497799 -0.867293
v -0.183508 0.068867 0.013725
vn 0.000000 0.497799 -0.867293
v -0.183508 -0.016163 -0.035080
vn 0.000000 0.497798 -0.867293
v -0.196415 0.026352 -0.010678
vn 0.000000 0.497798 -0.867293
v -0.183508 0.026352 -0.010678
vn 0.000000 0.497798 -0.867293
v -0.183508 -0.016163 -0.035080
vn 0.000000 0.497799 -0.867293
v -0.196415 -0.058678 -0.059483
vn 0.000000 0.497799 -0.867293
v -0.196415 -0.016163 -0.035080
vn 0.000000 0.497799 -0.867293
v 0.196415 0.153898 0.062529
vn 0.000000 0.497799 -0.867293
v 0.183508 0.196413 0.086932
vn 0.000000 0.497799 -0.867293
v 0.196415 0.196413 0.086932
vn 0.000000 0.497799 -0.867293
v 0.196415 0.111383 0.038127
vn -0.000005 0.497798 -0.867293
v 0.183508 0.153898 0.062529
vn -0.000005 0.497798 -0.867293
v 0.196415 0.153898 0.062529
vn -0.000005 0.497798 -0.867293
v 0.196415 0.068867 0.013725
vn 0.000001 0.497800 -0.867292
v 0.183508 0.111383 0.038127
vn 0.000001 0.497800 -0.867292
v 0.196415 0.111383 0.038127
vn 0.000001 0.497800 -0.867292
v 0.196415 0.026352 -0.010678
vn 0.000000 0.497800 -0.867292
v 0.183508 0.068867 0.013725
vn 0.000000 0.497800 -0.867292
v 0.196415 0.068867 0.013725
vn 0.000000 0.497800 -0.867292
v 0.196415 -0.016163 -0.035080
vn 0.000000 0.497800 -0.867292
v 0.183508 0.026352 -0.010678
vn 0.000000 0.497800 -0.867292
v 0.196415 0.026352 -0.010678
vn 0.000000 0.497800 -0.867292
v 0.196415 -0.058678 -0.059483
vn 0.000000 0.497799 -0.867293
v 0.183508 -0.016163 -0.035080
vn 0.000000 0.497799 -0.867293
v 0.196415 -0.016163 -0.035080
vn 0.000000 0.497799 -0.867293
v 0.140296 -0.101193 -0.083885
vn -0.000001 0.497801 -0.867291
v 0.084178 -0.086501 -0.075452
vn -0.000001 0.497801 -0.867291
v 0.183508 -0.086501 -0.075453
vn -0.000001 0.497801 -0.867291
v 0.084178 -0.101193 -0.083885
vn 0.000000 0.497799 -0.867293
v 0.028059 -0.086501 -0.075452
vn 0.000000 0.497799 -0.867293
v 0.084178 -0.086501 -0.075452
vn 0.000000 0.497799 -0.867293
v 0.028059 -0.101193 -0.083885
vn 0.000000 0.497799 -0.867292
v -0.028059 -0.086501 -0.075452
vn 0.000000 0.497799 -0.867292
v 0.028059 -0.086501 -0.075452
vn 0.000000 0.497799 -0.867292
v -0.028059 -0.101193 -0.083885
vn -0.000001 0.497798 -0.867293
v -0.084178 -0.086501 -0.075452
vn -0.000001 0.497798 -0.867293
v -0.028059 -0.086501 -0.075452
vn -0.000001 0.497798 -0.867293
v -0.084178 -0.086501 -0.075452
vn -0.000001 0.497798 -0.867293
v -0.140296 -0.101193 -0.083885
vn -0.000001 0.497798 -0.867293
v -0.183508 -0.086502 -0.075452
vn -0.000001 0.497798 -0.867293
v 0.028059 -0.108782 -0.036634
vn 0.000000 0.867292 0.497800
v 0.084178 -0.108782 -0.036634
vn 0.000000 0.867292 0.497800
v 0.028059 -0.086501 -0.075452
vn 0.000000 0.867292 0.497800
v 0.183508 0.026352 -0.010678
vn -1.000000 0.000000 -0.000000
v 0.183508 0.046587 0.052543
vn -1.000000 0.000000 -0.000000
v 0.183508 0.068867 0.013725
vn -1.000000 0.000000 -0.000000
v -0.183508 -0.038443 0.003738
vn 1.000000 -0.000000 -0.000000
v -0.183508 -0.086502 -0.075452
vn 1.000000 -0.000000 -0.000000
v -0.183508 -0.016163 -0.035080
vn 1.000000 -0.000000 -0.000000
v -0.140296 -0.123474 -0.045067
vn -0.000000 -0.497799 0.867292
v -0.183508 -0.108782 -0.036634
vn -0.000000 -0.497799 0.867292
v -0.196415 -0.123474 -0.045067
vn -0.000000 -0.497799 0.867292
v -0.196415 -0.080959 -0.020664
vn -0.000000 -0.497800 0.867292
v -0.196415 -0.123474 -0.045067
vn -0.000000 -0.497800 0.867292
v -0.183508 -0.108782 -0.036634
vn -0.000000 -0.497800 0.867292
v 0.140296 -0.101193 -0.083885
vn 0.000000 0.497799 -0.867293
v 0.183508 -0.086501 -0.075453
vn 0.000000 0.497799 -0.867293
v 0.196415 -0.101193 -0.083885
vn 0.000000 0.497799 -0.867293
v 0.196415 -0.101193 -0.083885
vn 0.000001 0.497798 -0.867293
v 0.183508 -0.086501 -0.075453
vn 0.000001 0.497798 -0.867293
v 0.196415 -0.058678 -0.059483
vn 0.000001 0.497798 -0.867293
v -0.183508 -0.086502 -0.075452
vn 0.000000 0.497800 -0.867292
v -0.140296 -0.101193 -0.083885
vn 0.000000 0.497800 -0.867292
v -0.196415 -0.101193 -0.083885
vn 0.000000 0.497800 -0.867292
v -0.196415 -0.120291 -0.050612
vn -1.000000 0.000000 -0.000000
v -0.196415 -0.123474 -0.045067
vn -1.000000 0.000000 -0.000000
v -0.196415 -0.080959 -0.020664
vn -1.000000 0.000000 -0.000000
v 0.183508 -0.108782 -0.036634
vn 0.000001 -0.497799 0.867293
v 0.140296 -0.123473 -0.045067
vn 0.000001 -0.497799 0.867293
v 0.196415 -0.123473 -0.045067
vn 0.000001 -0.497799 0.867293
v 0.196415 -0.104376 -0.078340
vn 1.000000 -0.000000 0.000006
v 0.196415 -0.101193 -0.083885
vn 1.000000 -0.000000 0.000006
v 0.196415 -0.058678 -0.059483
vn 1.000000 -0.000000 0.000006
v 0.140296 -0.101193 -0.083885
vn 0.000000 -0.867292 -0.497800
v 0.196415 -0.101193 -0.083885
vn 0.000000 -0.867292 -0.497800
v 0.196415 -0.104376 -0.078340
vn 0.000000 -0.867292 -0.497800
v 0.140296 -0.120291 -0.050612
vn -0.000000 -0.867292 -0.497800
v 0.196415 -0.120291 -0.050612
vn -0.000000 -0.867292 -0.497800
v 0.196415 -0.123473 -0.045067
vn -0.000000 -0.867292 -0.497800
v 0.140296 -0.117108 -0.056158
vn 0.000000 -0.867293 -0.497799
v 0.196415 -0.117108 -0.056158
vn 0.000000 -0.867293 -0.497799
v 0.196415 -0.120291 -0.050612
vn 0.000000 -0.867293 -0.497799
v 0.140296 -0.113925 -0.061703
vn 0.000000 -0.867292 -0.497799
v 0.196415 -0.113925 -0.061703
vn 0.000000 -0.867292 -0.497799
v 0.196415 -0.117108 -0.056158
vn 0.000000 -0.867292 -0.497799
v 0.140296 -0.110742 -0.067249
vn -0.000000 -0.867292 -0.497800
v 0.196415 -0.110742 -0.067249
vn -0.000000 -0.867292 -0.497800
v 0.196415 -0.113925 -0.061703
vn -0.000000 -0.867292 -0.497800
v 0.140296 -0.107559 -0.072794
vn 0.000000 -0.867292 -0.497799
v 0.196415 -0.107559 -0.072794
vn 0.000000 -0.867292 -0.497799
v 0.196415 -0.110742 -0.067249
vn 0.000000 -0.867292 -0.497799
v 0.140296 -0.104376 -0.078340
vn -0.000000 -0.867292 -0.497800
v 0.196415 -0.104376 -0.078340
vn -0.000000 -0.867292 -0.497800
v 0.196415 -0.107559 -0.072794
vn -0.000000 -0.867292 -0.497800
v -0.196415 -0.120291 -0.050612
vn -0.000000 -0.867292 -0.497800
v -0.140296 -0.120291 -0.050612
vn -0.000000 -0.867292 -0.497800
v -0.140296 -0.123474 -0.045067
vn -0.000000 -0.867292 -0.497800
v -0.140296 -0.120291 -0.050612
vn 0.000000 -0.867292 -0.497800
v -0.084178 -0.120291 -0.050612
vn 0.000000 -0.867292 -0.497800
v -0.084178 -0.123474 -0.045067
vn 0.000000 -0.867292 -0.497800
v -0.084178 -0.120291 -0.050612
vn 0.000000 -0.867292 -0.497800
v -0.028059 -0.120291 -0.050612
vn 0.000000 -0.867292 -0.497800
v -0.028059 -0.123474 -0.045067
vn 0.000000 -0.867292 -0.497800
v -0.028059 -0.120291 -0.050612
vn 0.000000 -0.867292 -0.497799
v 0.028059 -0.120291 -0.050612
vn 0.000000 -0.867292 -0.497799
v 0.028059 -0.123474 -0.045067
vn 0.000000 -0.867292 -0.497799
v 0.028059 -0.120291 -0.050612
vn 0.000004 -0.867292 -0.497799
v 0.084178 -0.120291 -0.050612
vn 0.000004 -0.867292 -0.497799
v 0.084178 -0.123473 -0.045067
vn 0.000004 -0.867292 -0.497799
v 0.084178 -0.120291 -0.050612
vn -0.000000 -0.867292 -0.497800
v 0.140296 -0.120291 -0.050612
vn -0.000000 -0.867292 -0.497800
v 0.140296 -0.123473 -0.045067
vn -0.000000 -0.867292 -0.497800
v -0.196415 -0.117108 -0.056158
vn 0.000000 -0.867291 -0.497801
v -0.140296 -0.117108 -0.056158
vn 0.000000 -0.867291 -0.497801
v -0.140296 -0.120291 -0.050612
vn 0.000000 -0.867291 -0.497801
v -0.140296 -0.117108 -0.056158
vn -0.000000 -0.867291 -0.497801
v -0.084178 -0.117108 -0.056158
vn -0.000000 -0.867291 -0.497801
v -0.084178 -0.120291 -0.050612
vn -0.000000 -0.867291 -0.497801
v -0.084178 -0.117108 -0.056158
vn 0.000000 -0.867292 -0.497800
v -0.028059 -0.117108 -0.056158
vn 0.000000 -0.867292 -0.497800
v -0.028059 -0.117108 -0.056158
vn 0.000000 -0.867292 -0.497799
v 0.028059 -0.117108 -0.056158
vn 0.000000 -0.867292 -0.497799
v 0.028059 -0.120291 -0.050612
vn 0.000000 -0.867292 -0.497799
v 0.028059 -0.117108 -0.056158
vn 0.000004 -0.867292 -0.497800
v 0.084178 -0.117108 -0.056158
vn 0.000004 -0.867292 -0.497800
v 0.084178 -0.120291 -0.050612
vn 0.000004 -0.867292 -0.497800
v 0.084178 -0.117108 -0.056158
vn 0.000000 -0.867291 -0.497801
v 0.140296 -0.117108 -0.056158
vn 0.000000 -0.867291 -0.497801
v 0.140296 -0.120291 -0.050612
vn 0.000000 -0.867291 -0.497801
v -0.196415 -0.113925 -0.061703
vn -0.000000 -0.867292 -0.497800
v -0.140296 -0.113925 -0.061703
vn -0.000000 -0.867292 -0.497800
v -0.140296 -0.117108 -0.056158
vn -0.000000 -0.867292 -0.497800
v -0.140296 -0.113925 -0.061703
vn 0.000000 -0.867293 -0.497798
v -0.084178 -0.113925 -0.061703
vn 0.000000 -0.867293 -0.497798
v -0.084178 -0.117108 -0.056158
vn 0.000000 -0.867293 -0.497798
v -0.084178 -0.113925 -0.061703
vn 0.000000 -0.867292 -0.497800
v -0.028059 -0.113925 -0.061703
vn 0.000000 -0.867292 -0.497800
v -0.028059 -0.117108 -0.056158
vn 0.000000 -0.867292 -0.497800
v -0.028059 -0.113925 -0.061703
vn 0.000000 -0.867292 -0.497800
v 0.028059 -0.113925 -0.061703
vn 0.000000 -0.867292 -0.497800
v 0.028059 -0.117108 -0.056158
vn 0.000000 -0.867292 -0.497800
v 0.028059 -0.113925 -0.061703
vn 0.000004 -0.867292 -0.497800
v 0.084178 -0.113925 -0.061703
vn 0.000004 -0.867292 -0.497800
v 0.084178 -0.117108 -0.056158
vn 0.000004 -0.867292 -0.497800
v 0.084178 -0.113925 -0.061703
vn -0.000000 -0.867293 -0.497799
v 0.140296 -0.113925 -0.061703
vn -0.000000 -0.867293 -0.497799
v 0.140296 -0.117108 -0.056158
vn -0.000000 -0.867293 -0.497799
v -0.196415 -0.110742 -0.067249
vn 0.000000 -0.867292 -0.497800
v -0.140296 -0.110742 -0.067249
vn 0.000000 -0.867292 -0.497800
v -0.140296 -0.113925 -0.061703
vn 0.000000 -0.867292 -0.497800
v -0.140296 -0.110742 -0.067249
vn 0.000000 -0.867292 -0.497800
v -0.084178 -0.110742 -0.067249
vn 0.000000 -0.867292 -0.497800
v -0.084178 -0.113925 -0.061703
vn 0.000000 -0.867292 -0.497800
v -0.084178 -0.110742 -0.067249
vn 0.000000 -0.867291 -0.497801
v -0.028059 -0.110742 -0.067249
vn 0.000000 -0.867291 -0.497801
v -0.028059 -0.113925 -0.061703
vn 0.000000 -0.867291 -0.497801
v -0.028059 -0.110742 -0.067249
vn 0.000000 -0.867292 -0.497800
v 0.028059 -0.110742 -0.067249
vn 0.000000 -0.867292 -0.497800
v 0.028059 -0.113925 -0.061703
vn 0.000000 -0.867292 -0.497800
v 0.028059 -0.110742 -0.067249
vn 0.000004 -0.867293 -0.497799
v 0.084178 -0.110742 -0.067249
vn 0.000004 -0.867293 -0.497799
v 0.084178 -0.113925 -0.061703
vn 0.000004 -0.867293 -0.497799
v 0.084178 -0.110742 -0.067249
vn -0.000000 -0.867292 -0.497800
v 0.140296 -0.110742 -0.067249
vn -0.000000 -0.867292 -0.497800
v 0.140296 -0.113925 -0.061703
vn -0.000000 -0.867292 -0.497800
v -0.196415 -0.107559 -0.072794
vn 0.000000 -0.867293 -0.497798
v -0.140296 -0.107559 -0.072794
vn 0.000000 -0.867293 -0.497798
v -0.140296 -0.110742 -0.067249
vn 0.000000 -0.867293 -0.497798
v -0.140296 -0.107559 -0.072794
vn -0.000000 -0.867292 -0.497800
v -0.084178 -0.107559 -0.072794
vn -0.000000 -0.867292 -0.497800
v -0.084178 -0.110742 -0.067249
vn -0.000000 -0.867292 -0.497800
v -0.084178 -0.107559 -0.072794
vn 0.000000 -0.867292 -0.497800
v -0.028059 -0.107559 -0.072794
vn 0.000000 -0.867292 -0.497800
v -0.028059 -0.110742 -0.067249
vn 0.000000 -0.867292 -0.497800
v -0.028059 -0.107559 -0.072794
vn 0.000000 -0.867292 -0.497800
v 0.028059 -0.107559 -0.072794
vn 0.000000 -0.867292 -0.497800
v 0.028059 -0.110742 -0.067249
vn 0.000000 -0.867292 -0.497800
v 0.028059 -0.107559 -0.072794
vn 0.000004 -0.867292 -0.497800
v 0.084178 -0.107559 -0.072794
vn 0.000004 -0.867292 -0.497800
v 0.084178 -0.110742 -0.067249
vn 0.000004 -0.867292 -0.497800
v 0.084178 -0.107559 -0.072794
vn 0.000000 -0.867292 -0.497800
v 0.140296 -0.107559 -0.072794
vn 0.000000 -0.867292 -0.497800
v 0.140296 -0.110742 -0.067249
vn 0.000000 -0.867292 -0.497800
v -0.196415 -0.104376 -0.078340
vn 0.000000 -0.867291 -0.497802
v -0.140296 -0.104376 -0.078340
vn 0.000000 -0.867291 -0.497802
v -0.140296 -0.107559 -0.072794
vn 0.000000 -0.867291 -0.497802
v -0.140296 -0.104376 -0.078340
vn -0.000000 -0.867291 -0.497801
v -0.084178 -0.104376 -0.078340
vn -0.000000 -0.867291 -0.497801
v -0.084178 -0.107559 -0.072794
vn -0.000000 -0.867291 -0.497801
v -0.084178 -0.104376 -0.078340
vn -0.000000 -0.867292 -0.497799
v -0.028059 -0.104376 -0.078340
vn -0.000000 -0.867292 -0.497799
v -0.028059 -0.107559 -0.072794
vn -0.000000 -0.867292 -0.497799
v -0.028059 -0.104376 -0.078340
vn 0.000000 -0.867292 -0.497799
v 0.028059 -0.104376 -0.078340
vn 0.000000 -0.867292 -0.497799
v 0.028059 -0.107559 -0.072794
vn 0.000000 -0.867292 -0.497799
v 0.028059 -0.104376 -0.078340
vn 0.000000 -0.867308 -0.497771
v 0.084178 -0.104376 -0.078340
vn 0.000000 -0.867308 -0.497771
v 0.084178 -0.107559 -0.072794
vn 0.000000 -0.867308 -0.497771
v 0.084178 -0.104376 -0.078340
vn 0.000004 -0.867292 -0.497799
v 0.140296 -0.104376 -0.078340
vn 0.000004 -0.867292 -0.497799
v 0.140296 -0.107559 -0.072794
vn 0.000004 -0.867292 -0.497799
v -0.196415 -0.101193 -0.083885
vn 0.000000 -0.867293 -0.497798
v -0.140296 -0.101193 -0.083885
vn 0.000000 -0.867293 -0.497798
v -0.140296 -0.104376 -0.078340
vn 0.000000 -0.867293 -0.497798
v -0.140296 -0.101193 -0.083885
vn -0.000000 -0.867292 -0.497800
v -0.084178 -0.101193 -0.083885
vn -0.000000 -0.867292 -0.497800
v -0.084178 -0.104376 -0.078340
vn -0.000000 -0.867292 -0.497800
v -0.084178 -0.101193 -0.083885
vn 0.000000 -0.867291 -0.497801
v -0.028059 -0.101193 -0.083885
vn 0.000000 -0.867291 -0.497801
v -0.028059 -0.104376 -0.078340
vn 0.000000 -0.867291 -0.497801
v -0.028059 -0.101193 -0.083885
vn 0.000000 -0.867292 -0.497800
v 0.028059 -0.101193 -0.083885
vn 0.000000 -0.867292 -0.497800
v 0.028059 -0.104376 -0.078340
vn 0.000000 -0.867292 -0.497800
v 0.028059 -0.101193 -0.083885
vn -0.000000 -0.867292 -0.497800
v 0.084178 -0.101193 -0.083885
vn -0.000000 -0.867292 -0.497800
v 0.084178 -0.104376 -0.078340
vn -0.000000 -0.867292 -0.497800
v 0.084178 -0.101193 -0.083885
vn 0.000004 -0.867293 -0.497798
v 0.140296 -0.101193 -0.083885
vn 0.000004 -0.867293 -0.497798
v 0.140296 -0.104376 -0.078340
vn 0.000004 -0.867293 -0.497798
v -0.196415 0.196413 0.086932
vn 0.000000 0.867291 0.497801
v -0.196415 0.193230 0.092477
vn 0.000000 0.867291 0.497801
v -0.183508 0.196413 0.086932
vn 0.000000 0.867291 0.497801
v -0.196415 0.186864 0.103568
vn -0.000011 0.867292 0.497799
v -0.196415 0.183681 0.109114
vn -0.000011 0.867292 0.497799
v -0.183508 0.174132 0.125750
vn -0.000011 0.867292 0.497799
v -0.183508 0.196413 0.086932
vn -0.000006 0.867293 0.497798
v -0.196415 0.193230 0.092477
vn -0.000006 0.867293 0.497798
v -0.196415 0.190047 0.098023
vn -0.000006 0.867293 0.497798
v -0.196415 0.183681 0.109114
vn 0.000006 0.867294 0.497797
v -0.196415 0.180498 0.114659
vn 0.000006 0.867294 0.497797
v -0.183508 0.174132 0.125750
vn 0.000006 0.867294 0.497797
v -0.183508 0.196413 0.086932
vn 0.000008 0.867292 0.497799
v -0.196415 0.190047 0.098023
vn 0.000008 0.867292 0.497799
v -0.196415 0.186864 0.103568
vn 0.000008 0.867292 0.497799
v -0.196415 0.174132 0.125750
vn -0.000001 0.867293 0.497799
v -0.183508 0.174132 0.125750
vn -0.000001 0.867293 0.497799
v -0.196415 0.177315 0.120205
vn -0.000001 0.867293 0.497799
v -0.183508 0.196413 0.086932
vn 0.000002 0.867292 0.497800
v -0.196415 0.186864 0.103568
vn 0.000002 0.867292 0.497800
v -0.183508 0.174132 0.125750
vn 0.000002 0.867292 0.497800
v 0.196415 0.196413 0.086932
vn 0.000000 0.867291 0.497801
v 0.183508 0.196413 0.086932
vn 0.000000 0.867291 0.497801
v 0.196415 0.193230 0.092477
vn 0.000000 0.867291 0.497801
v 0.183508 0.174133 0.125750
vn 0.000000 0.867292 0.497800
v 0.196415 0.174133 0.125750
vn 0.000000 0.867292 0.497800
v 0.196415 0.177315 0.120205
vn 0.000000 0.867292 0.497800
v 0.196415 0.180498 0.114659
vn 0.000006 0.867293 0.497799
v 0.196415 0.183681 0.109114
vn 0.000006 0.867293 0.497799
v 0.183508 0.174133 0.125750
vn 0.000006 0.867293 0.497799
v 0.196415 0.180498 0.114659
vn 0.000000 0.867292 0.497800
v 0.196415 0.193230 0.092477
vn 0.000006 0.867293 0.497799
v 0.183508 0.196413 0.086932
vn 0.000006 0.867293 0.497799
v 0.196415 0.190047 0.098023
vn 0.000006 0.867293 0.497799
v 0.196415 0.183681 0.109114
vn -0.000011 0.867292 0.497800
v 0.196415 0.186864 0.103568
vn -0.000011 0.867292 0.497800
v 0.183508 0.174133 0.125750
vn -0.000011 0.867292 0.497800
v 0.196415 0.190047 0.098023
vn -0.000006 0.867291 0.497801
v 0.183508 0.196413 0.086932
vn -0.000006 0.867291 0.497801
v 0.196415 0.186864 0.103568
vn -0.000006 0.867291 0.497801
v 0.196415 0.153898 0.062529
vn 1.000000 0.000000 -0.000000
v 0.196415 0.108200 0.043672
vn 1.000000 0.000000 -0.000000
v 0.196415 0.111383 0.038127
vn 1.000000 0.000000 -0.000000
v 0.196415 0.065684 0.019270
vn 1.000000 -0.000001 -0.000006
v 0.196415 0.068867 0.013725
vn 1.000000 -0.000001 -0.000006
v 0.196415 0.111383 0.038127
vn 1.000000 -0.000001 -0.000006
v 0.196415 0.023169 -0.005132
vn 1.000000 0.000000 -0.000000
v 0.196415 0.026352 -0.010678
vn 1.000000 0.000000 -0.000000
v 0.196415 0.068867 0.013725
vn 1.000000 0.000000 -0.000000
v 0.196415 -0.019346 -0.029535
vn 1.000000 0.000000 -0.000000
v 0.196415 -0.016163 -0.035080
vn 1.000000 0.000000 -0.000000
v 0.196415 -0.061861 -0.053937
vn 1.000000 0.000000 0.000006
v 0.196415 -0.058678 -0.059483
vn 1.000000 0.000000 0.000006
v 0.196415 -0.016163 -0.035080
vn 1.000000 0.000000 0.000006
v 0.196415 0.131617 0.101347
vn 1.000000 0.000000 0.000006
v 0.196415 0.134800 0.095802
vn 1.000000 0.000000 0.000006
v 0.196415 0.177315 0.120205
vn 1.000000 0.000000 0.000006
v 0.196415 0.134800 0.095802
vn 1.000000 0.000000 0.000006
v 0.196415 0.137983 0.090257
vn 1.000000 0.000000 0.000006
v 0.196415 0.180498 0.114659
vn 1.000000 0.000000 0.000006
v 0.196415 0.137983 0.090257
vn 1.000000 0.000000 0.000006
v 0.196415 0.141166 0.084711
vn 1.000000 0.000000 0.000006
v 0.196415 0.183681 0.109114
vn 1.000000 0.000000 0.000006
v 0.196415 0.141166 0.084711
vn 1.000000 0.000000 -0.000006
v 0.196415 0.144349 0.079166
vn 1.000000 0.000000 -0.000006
v 0.196415 0.186864 0.103568
vn 1.000000 0.000000 -0.000006
v 0.196415 0.144349 0.079166
vn 1.000000 0.000000 0.000006
v 0.196415 0.147532 0.073620
vn 1.000000 0.000000 0.000006
v 0.196415 0.190047 0.098023
vn 1.000000 0.000000 0.000006
v 0.196415 0.147532 0.073620
vn 1.000000 0.000000 -0.000000
v 0.196415 0.089102 0.076945
vn 1.000000 0.000000 -0.000000
v 0.196415 0.092285 0.071400
vn 1.000000 0.000000 -0.000000
v 0.196415 0.134800 0.095802
vn 1.000000 0.000000 -0.000000
v 0.196415 0.092285 0.071400
vn 1.000000 0.000000 -0.000006
v 0.196415 0.095468 0.065854
vn 1.000000 0.000000 -0.000006
v 0.196415 0.137983 0.090257
vn 1.000000 0.000000 -0.000006
v 0.196415 0.095468 0.065854
vn 1.000000 0.000000 -0.000000
v 0.196415 0.098651 0.060309
vn 1.000000 0.000000 -0.000000
v 0.196415 0.101834 0.054763
vn 1.000000 0.000000 -0.000000
v 0.196415 0.105017 0.049218
vn 1.000000 0.000000 -0.000000
v 0.196415 0.105017 0.049218
vn 1.000000 0.000000 -0.000006
v 0.196415 0.108200 0.043672
vn 1.000000 0.000000 -0.000006
v 0.196415 0.150715 0.068075
vn 1.000000 0.000000 -0.000006
v 0.196415 0.046587 0.052543
vn 1.000000 -0.000001 0.000006
v 0.196415 0.049770 0.046997
vn 1.000000 -0.000001 0.000006
v 0.196415 0.092285 0.071400
vn 1.000000 -0.000001 0.000006
v 0.196415 0.049770 0.046997
vn 1.000000 -0.000001 -0.000000
v 0.196415 0.052953 0.041452
vn 1.000000 -0.000001 -0.000000
v 0.196415 0.095468 0.065854
vn 1.000000 -0.000001 -0.000000
v 0.196415 0.052953 0.041452
vn 1.000000 -0.000001 0.000006
v 0.196415 0.056136 0.035906
vn 1.000000 -0.000001 0.000006
v 0.196415 0.098651 0.060309
vn 1.000000 -0.000001 0.000006
v 0.196415 0.056136 0.035906
vn 1.000000 -0.000001 -0.000006
v 0.196415 0.059319 0.030361
vn 1.000000 -0.000001 -0.000006
v 0.196415 0.101834 0.054763
vn 1.000000 -0.000001 -0.000006
v 0.196415 0.059319 0.030361
vn 1.000000 -0.000001 -0.000000
v 0.196415 0.062502 0.024815
vn 1.000000 -0.000001 -0.000000
v 0.196415 0.105017 0.049218
vn 1.000000 -0.000001 -0.000000
v 0.196415 0.062502 0.024815
vn 1.000000 -0.000001 -0.000000
v 0.196415 0.065684 0.019270
vn 1.000000 -0.000001 -0.000000
v 0.196415 0.108200 0.043672
vn 1.000000 -0.000001 -0.000000
v 0.196415 0.004072 0.028140
vn 1.000000 0.000000 -0.000000
v 0.196415 0.007255 0.022595
vn 1.000000 0.000000 -0.000000
v 0.196415 0.049770 0.046997
vn 1.000000 0.000000 -0.000000
v 0.196415 0.007255 0.022595
vn 1.000000 0.000000 -0.000006
v 0.196415 0.010438 0.017049
vn 1.000000 0.000000 -0.000006
v 0.196415 0.052953 0.041452
vn 1.000000 0.000000 -0.000006
v 0.196415 0.010438 0.017049
vn 1.000000 0.000000 0.000006
v 0.196415 0.013621 0.011504
vn 1.000000 0.000000 0.000006
v 0.196415 0.056136 0.035906
vn 1.000000 0.000000 0.000006
v 0.196415 0.013621 0.011504
vn 1.000000 0.000000 -0.000000
v 0.196415 0.016804 0.005958
vn 1.000000 0.000000 -0.000000
v 0.196415 0.059319 0.030361
vn 1.000000 0.000000 -0.000000
v 0.196415 0.019986 0.000413
vn 1.000000 0.000000 -0.000000
v 0.196415 0.062502 0.024815
vn 1.000000 0.000000 -0.000000
v 0.196415 0.019986 0.000413
vn 1.000000 0.000000 -0.000006
v 0.196415 0.023169 -0.005132
vn 1.000000 0.000000 -0.000006
v 0.196415 0.065684 0.019270
vn 1.000000 0.000000 -0.000006
v 0.196415 -0.038443 0.003738
vn 1.000000 0.000000 -0.000000
v 0.196415 -0.035260 -0.001808
vn 1.000000 0.000000 -0.000000
v 0.196415 -0.035260 -0.001808
vn 1.000000 0.000000 -0.000006
v 0.196415 -0.032077 -0.007353
vn 1.000000 0.000000 -0.000006
v 0.196415 0.010438 0.017049
vn 1.000000 0.000000 -0.000006
v 0.196415 -0.032077 -0.007353
vn 1.000000 0.000000 -0.000000
v 0.196415 -0.028894 -0.012899
vn 1.000000 0.000000 -0.000000
v 0.196415 -0.025712 -0.018444
vn 1.000000 0.000000 -0.000000
v 0.196415 -0.025712 -0.018444
vn 1.000000 0.000000 -0.000006
v 0.196415 -0.022529 -0.023989
vn 1.000000 0.000000 -0.000006
v 0.196415 0.019986 0.000413
vn 1.000000 0.000000 -0.000006
v 0.196415 -0.022529 -0.023989
vn 1.000000 0.000000 -0.000000
v 0.196415 -0.080958 -0.020665
vn 1.000000 0.000000 -0.000000
v 0.196415 -0.077776 -0.026210
vn 1.000000 0.000000 -0.000000
v 0.196415 -0.074593 -0.031756
vn 1.000000 0.000000 -0.000000
v 0.196415 -0.071410 -0.037301
vn 1.000000 0.000000 -0.000000
v 0.196415 -0.068227 -0.042846
vn 1.000000 0.000000 -0.000000
v 0.196415 -0.065044 -0.048392
vn 1.000000 0.000000 -0.000000
v 0.196415 -0.061861 -0.053937
vn 1.000000 0.000000 -0.000000
v 0.196415 -0.123473 -0.045067
vn 1.000000 -0.000000 -0.000000
v 0.196415 -0.120291 -0.050612
vn 1.000000 -0.000000 -0.000000
v 0.196415 -0.077776 -0.026210
vn 1.000000 -0.000000 -0.000000
v 0.196415 -0.120291 -0.050612
vn 1.000000 -0.000000 -0.000000
v 0.196415 -0.117108 -0.056158
vn 1.000000 -0.000000 -0.000000
v 0.196415 -0.074593 -0.031756
vn 1.000000 -0.000000 -0.000000
v 0.196415 -0.117108 -0.056158
vn 1.000000 -0.000000 -0.000000
v 0.196415 -0.113925 -0.061703
vn 1.000000 -0.000000 -0.000000
v 0.196415 -0.071410 -0.037301
vn 1.000000 -0.000000 -0.000000
v 0.196415 -0.113925 -0.061703
vn 1.000000 -0.000000 -0.000000
v 0.196415 -0.110742 -0.067249
vn 1.000000 -0.000000 -0.000000
v 0.196415 -0.068227 -0.042846
vn 1.000000 -0.000000 -0.000000
v 0.196415 -0.110742 -0.067249
vn 1.000000 -0.000000 -0.000000
v 0.196415 -0.107559 -0.072794
vn 1.000000 -0.000000 -0.000000
v 0.196415 -0.065044 -0.048392
vn 1.000000 -0.000000 -0.000000
v 0.196415 -0.107559 -0.072794
vn 1.000000 -0.000000 -0.000006
v 0.196415 -0.104376 -0.078340
vn 1.000000 -0.000000 -0.000006
v 0.196415 -0.061861 -0.053937
vn 1.000000 -0.000000 -0.000006
v 0.183508 0.131617 0.101347
vn -0.000001 -0.497799 0.867293
v 0.196415 0.131617 0.101347
vn -0.000001 -0.497799 0.867293
v 0.196415 0.174133 0.125750
vn -0.000001 -0.497799 0.867293
v 0.183508 0.089102 0.076945
vn 0.000000 -0.497800 0.867292
v 0.196415 0.089102 0.076945
vn 0.000000 -0.497800 0.867292
v 0.196415 0.131617 0.101347
vn 0.000000 -0.497800 0.867292
v 0.183508 0.046587 0.052543
vn -0.000000 -0.497800 0.867292
v 0.196415 0.046587 0.052543
vn -0.000000 -0.497800 0.867292
v 0.196415 0.089102 0.076945
vn -0.000000 -0.497800 0.867292
v 0.183508 0.004072 0.028140
vn -0.000000 -0.497800 0.867292
v 0.196415 0.004072 0.028140
vn -0.000000 -0.497800 0.867292
v 0.196415 0.046587 0.052543
vn -0.000000 -0.497800 0.867292
v 0.183508 -0.038443 0.003738
vn 0.000000 -0.497801 0.867291
v 0.196415 -0.038443 0.003738
vn 0.000000 -0.497801 0.867291
v 0.196415 0.004072 0.028140
vn 0.000000 -0.497801 0.867291
v 0.183508 -0.038443 0.003738
vn -0.000000 -0.497799 0.867293
v 0.183508 -0.108782 -0.036634
vn -0.000000 -0.497799 0.867293
v 0.196415 -0.080958 -0.020665
vn -0.000000 -0.497799 0.867293
v -0.196415 0.131617 0.101348
vn -0.000001 -0.497799 0.867293
v -0.183508 0.131617 0.101348
vn -0.000001 -0.497799 0.867293
v -0.183508 0.174132 0.125750
vn -0.000001 -0.497799 0.867293
v -0.196415 0.089102 0.076945
vn 0.000000 -0.497799 0.867292
v -0.183508 0.089102 0.076945
vn 0.000000 -0.497799 0.867292
v -0.183508 0.131617 0.101348
vn 0.000000 -0.497799 0.867292
v -0.196415 0.046587 0.052543
vn 0.000000 -0.497800 0.867292
v -0.183508 0.046587 0.052543
vn 0.000000 -0.497800 0.867292
v -0.183508 0.089102 0.076945
vn 0.000000 -0.497800 0.867292
v -0.196415 0.004072 0.028140
vn -0.000000 -0.497800 0.867292
v -0.183508 0.004072 0.028140
vn -0.000000 -0.497800 0.867292
v -0.183508 0.046587 0.052543
vn -0.000000 -0.497800 0.867292
v -0.196415 -0.038443 0.003738
vn -0.000000 -0.497800 0.867292
v -0.183508 -0.038443 0.003738
vn -0.000000 -0.497800 0.867292
v -0.183508 0.004072 0.028140
vn -0.000000 -0.497800 0.867292
v -0.196415 -0.080959 -0.020664
vn 0.000000 -0.497799 0.867293
v -0.183508 -0.108782 -0.036634
vn 0.000000 -0.497799 0.867293
v -0.183508 -0.038443 0.003738
vn 0.000000 -0.497799 0.867293
v -0.140296 -0.123474 -0.045067
vn 0.000001 -0.497800 0.867292
v -0.084178 -0.123474 -0.045067
vn 0.000001 -0.497800 0.867292
v -0.084178 -0.108782 -0.036634
vn 0.000001 -0.497800 0.867292
v -0.084178 -0.123474 -0.045067
vn -0.000000 -0.497800 0.867292
v -0.028059 -0.123474 -0.045067
vn -0.000000 -0.497800 0.867292
v -0.028059 -0.108782 -0.036634
vn -0.000000 -0.497800 0.867292
v -0.028059 -0.123474 -0.045067
vn 0.000001 -0.497800 0.867292
v 0.028059 -0.123474 -0.045067
vn 0.000001 -0.497800 0.867292
v 0.028059 -0.108782 -0.036634
vn 0.000001 -0.497800 0.867292
v 0.028059 -0.123474 -0.045067
vn -0.000000 -0.497799 0.867293
v 0.084178 -0.123473 -0.045067
vn -0.000000 -0.497799 0.867293
v 0.084178 -0.108782 -0.036634
vn -0.000000 -0.497799 0.867293
v 0.084178 -0.108782 -0.036634
vn 0.000000 -0.497799 0.867292
v 0.084178 -0.123473 -0.045067
vn 0.000000 -0.497799 0.867292
v 0.140296 -0.123473 -0.045067
vn 0.000000 -0.497799 0.867292
v -0.196415 0.134800 0.095802
vn -1.000000 -0.000021 0.000030
v -0.196415 0.131617 0.101348
vn -1.000000 -0.000021 0.000030
v -0.196415 0.174132 0.125750
vn -1.000000 -0.000021 0.000030
v -0.196415 0.092285 0.071400
vn -1.000000 -0.000017 0.000030
v -0.196415 0.089102 0.076945
vn -1.000000 -0.000017 0.000030
v -0.196415 0.131617 0.101348
vn -1.000000 -0.000017 0.000030
v -0.196415 0.049770 0.046997
vn -1.000000 0.000004 -0.000000
v -0.196415 0.046587 0.052543
vn -1.000000 0.000004 -0.000000
v -0.196415 0.089102 0.076945
vn -1.000000 0.000004 -0.000000
v -0.196415 0.007255 0.022595
vn -1.000000 -0.000020 0.000024
v -0.196415 0.004072 0.028140
vn -1.000000 -0.000020 0.000024
v -0.196415 0.046587 0.052543
vn -1.000000 -0.000020 0.000024
v -0.196415 -0.035261 -0.001807
vn -1.000000 -0.000016 0.000024
v -0.196415 -0.038443 0.003738
vn -1.000000 -0.000016 0.000024
v -0.196415 0.004072 0.028140
vn -1.000000 -0.000016 0.000024
v -0.196415 -0.077776 -0.026210
vn -1.000000 -0.000016 0.000030
v -0.196415 -0.080959 -0.020664
vn -1.000000 -0.000016 0.000030
v -0.196415 -0.038443 0.003738
vn -1.000000 -0.000016 0.000030
v -0.196415 0.153898 0.062530
vn -1.000000 0.000000 -0.000006
v -0.196415 0.150715 0.068075
vn -1.000000 0.000000 -0.000006
v -0.196415 0.193230 0.092477
vn -1.000000 0.000000 -0.000006
v -0.196415 0.150715 0.068075
vn -1.000000 0.000000 -0.000000
v -0.196415 0.147532 0.073620
vn -1.000000 0.000000 -0.000000
v -0.196415 0.190047 0.098023
vn -1.000000 0.000000 -0.000000
v -0.196415 0.144349 0.079166
vn -1.000000 0.000000 -0.000000
v -0.196415 0.186864 0.103568
vn -1.000000 0.000000 -0.000000
v -0.196415 0.141166 0.084711
vn -1.000000 0.000000 -0.000000
v -0.196415 0.183681 0.109114
vn -1.000000 0.000000 -0.000000
v -0.196415 0.137983 0.090257
vn -1.000000 0.000000 -0.000000
v -0.196415 0.180498 0.114659
vn -1.000000 0.000000 -0.000000
v -0.196415 0.134800 0.095802
vn -1.000000 0.000000 -0.000000
v -0.196415 0.177315 0.120205
vn -1.000000 0.000000 -0.000000
v -0.196415 0.111383 0.038127
vn -1.000000 0.000000 -0.000000
v -0.196415 0.108200 0.043673
vn -1.000000 0.000000 -0.000000
v -0.196415 0.105017 0.049218
vn -1.000000 0.000000 -0.000000
v -0.196415 0.105017 0.049218
vn -1.000000 0.000000 -0.000006
v -0.196415 0.101834 0.054763
vn -1.000000 0.000000 -0.000006
v -0.196415 0.144349 0.079166
vn -1.000000 0.000000 -0.000006
v -0.196415 0.101834 0.054763
vn -1.000000 0.000000 -0.000000
v -0.196415 0.098651 0.060309
vn -1.000000 0.000000 -0.000000
v -0.196415 0.095468 0.065854
vn -1.000000 0.000000 -0.000000
v -0.196415 0.092285 0.071400
vn -1.000000 0.000000 -0.000000
v -0.196415 0.068867 0.013725
vn -1.000000 0.000000 -0.000006
v -0.196415 0.065684 0.019270
vn -1.000000 0.000000 -0.000006
v -0.196415 0.108200 0.043673
vn -1.000000 0.000000 -0.000006
v -0.196415 0.065684 0.019270
vn -1.000000 0.000000 -0.000000
v -0.196415 0.062501 0.024815
vn -1.000000 0.000000 -0.000000
v -0.196415 0.105017 0.049218
vn -1.000000 0.000000 -0.000000
v -0.196415 0.062501 0.024815
vn -1.000000 0.000000 -0.000000
v -0.196415 0.059318 0.030361
vn -1.000000 0.000000 -0.000000
v -0.196415 0.101834 0.054763
vn -1.000000 0.000000 -0.000000
v -0.196415 0.059318 0.030361
vn -1.000000 0.000000 -0.000000
v -0.196415 0.056136 0.035906
vn -1.000000 0.000000 -0.000000
v -0.196415 0.098651 0.060309
vn -1.000000 0.000000 -0.000000
v -0.196415 0.056136 0.035906
vn -1.000000 0.000000 -0.000000
v -0.196415 0.052953 0.041452
vn -1.000000 0.000000 -0.000000
v -0.196415 0.095468 0.065854
vn -1.000000 0.000000 -0.000000
v -0.196415 0.052953 0.041452
vn -1.000000 0.000000 -0.000000
v -0.196415 0.049770 0.046997
vn -1.000000 0.000000 -0.000000
v -0.196415 0.092285 0.071400
vn -1.000000 0.000000 -0.000000
v -0.196415 0.026352 -0.010678
vn -1.000000 0.000000 -0.000000
v -0.196415 0.023169 -0.005132
vn -1.000000 0.000000 -0.000000
v -0.196415 0.065684 0.019270
vn -1.000000 0.000000 -0.000000
v -0.196415 0.019986 0.000413
vn -1.000000 0.000000 -0.000000
v -0.196415 0.062501 0.024815
vn -1.000000 0.000000 -0.000000
v -0.196415 0.019986 0.000413
vn -1.000000 0.000000 0.000006
v -0.196415 0.016803 0.005959
vn -1.000000 0.000000 0.000006
v -0.196415 0.059318 0.030361
vn -1.000000 0.000000 0.000006
v -0.196415 0.016803 0.005959
vn -1.000000 0.000000 -0.000000
v -0.196415 0.056136 0.035906
vn -1.000000 0.000000 -0.000000
v -0.196415 0.052953 0.041452
vn -1.000000 0.000000 -0.000000
v -0.196415 0.010438 0.017049
vn -1.000000 0.000000 0.000006
v -0.196415 0.007255 0.022595
vn -1.000000 0.000000 0.000006
v -0.196415 0.049770 0.046997
vn -1.000000 0.000000 0.000006
v -0.196415 -0.016163 -0.035080
vn -1.000000 0.000000 -0.000000
v -0.196415 -0.025712 -0.018444
vn -1.000000 0.000000 -0.000000
v -0.196415 -0.028895 -0.012898
vn -1.000000 0.000000 0.000006
v -0.196415 -0.032078 -0.007353
vn -1.000000 0.000000 0.000006
v -0.196415 0.010438 0.017049
vn -1.000000 0.000000 0.000006
v -0.196415 -0.032078 -0.007353
vn -1.000000 0.000000 -0.000000
v -0.196415 -0.035261 -0.001807
vn -1.000000 0.000000 -0.000000
v -0.196415 0.007255 0.022595
vn -1.000000 0.000000 -0.000000
v -0.196415 -0.058678 -0.059483
vn -1.000000 0.000000 -0.000000
v -0.196415 -0.065044 -0.048392
vn -1.000000 0.000000 -0.000000
v -0.196415 -0.068227 -0.042846
vn -1.000000 0.000000 -0.000000
v -0.196415 -0.071410 -0.037301
vn -1.000000 0.000000 -0.000000
v -0.196415 -0.074593 -0.031755
vn -1.000000 0.000000 -0.000000
v -0.196415 -0.077776 -0.026210
vn -1.000000 0.000000 -0.000000
v -0.196415 -0.101193 -0.083885
vn -1.000000 -0.000020 0.000036
v -0.196415 -0.104376 -0.078340
vn -1.000000 -0.000020 0.000036
v -0.196415 -0.061861 -0.053937
vn -1.000000 -0.000020 0.000036
v -0.196415 -0.104376 -0.078340
vn -1.000000 -0.000003 -0.000006
v -0.196415 -0.107559 -0.072794
vn -1.000000 -0.000003 -0.000006
v -0.196415 -0.065044 -0.048392
vn -1.000000 -0.000003 -0.000006
v -0.196415 -0.107559 -0.072794
vn -1.000000 -0.000003 -0.000000
v -0.196415 -0.110742 -0.067249
vn -1.000000 -0.000003 -0.000000
v -0.196415 -0.068227 -0.042846
vn -1.000000 -0.000003 -0.000000
v -0.196415 -0.110742 -0.067249
vn -1.000000 -0.000003 -0.000000
v -0.196415 -0.113925 -0.061703
vn -1.000000 -0.000003 -0.000000
v -0.196415 -0.071410 -0.037301
vn -1.000000 -0.000003 -0.000000
v -0.196415 -0.113925 -0.061703
vn -1.000000 -0.000003 -0.000000
v -0.196415 -0.117108 -0.056158
vn -1.000000 -0.000003 -0.000000
v -0.196415 -0.074593 -0.031755
vn -1.000000 -0.000003 -0.000000
v -0.196415 -0.117108 -0.056158
vn -1.000000 -0.000003 -0.000000
v -0.196415 -0.120291 -0.050612
vn -1.000000 -0.000003 -0.000000
v -0.196415 -0.077776 -0.026210
vn -1.000000 -0.000003 -0.000000
v -0.183508 0.153898 0.062530
vn 0.000000 0.497797 -0.867294
v -0.196415 0.153898 0.062530
vn 0.000000 0.497797 -0.867294
v -0.196415 0.196413 0.086932
vn 0.000000 0.497797 -0.867294
v -0.183508 0.111383 0.038127
vn 0.000001 0.497800 -0.867292
v -0.196415 0.111383 0.038127
vn 0.000001 0.497800 -0.867292
v -0.196415 0.153898 0.062530
vn 0.000001 0.497800 -0.867292
v -0.183508 0.068867 0.013725
vn 0.000000 0.497800 -0.867292
v -0.196415 0.068867 0.013725
vn 0.000000 0.497800 -0.867292
v -0.196415 0.111383 0.038127
vn 0.000000 0.497800 -0.867292
v -0.183508 0.026352 -0.010678
vn 0.000000 0.497800 -0.867292
v -0.196415 0.026352 -0.010678
vn 0.000000 0.497800 -0.867292
v -0.196415 0.068867 0.013725
vn 0.000000 0.497800 -0.867292
v -0.183508 -0.016163 -0.035080
vn 0.000000 0.497801 -0.867292
v -0.196415 -0.016163 -0.035080
vn 0.000000 0.497801 -0.867292
v -0.196415 0.026352 -0.010678
vn 0.000000 0.497801 -0.867292
v -0.183508 -0.016163 -0.035080
vn -0.000000 0.497799 -0.867292
v -0.183508 -0.086502 -0.075452
vn -0.000000 0.497799 -0.867292
v -0.196415 -0.058678 -0.059483
vn -0.000000 0.497799 -0.867292
v 0.196415 0.153898 0.062529
vn -0.000006 0.497798 -0.867293
v 0.183508 0.153898 0.062529
vn -0.000006 0.497798 -0.867293
v 0.183508 0.196413 0.086932
vn -0.000006 0.497798 -0.867293
v 0.196415 0.111383 0.038127
vn 0.000000 0.497800 -0.867292
v 0.183508 0.111383 0.038127
vn 0.000000 0.497800 -0.867292
v 0.183508 0.153898 0.062529
vn 0.000000 0.497800 -0.867292
v 0.196415 0.068867 0.013725
vn 0.000000 0.497800 -0.867292
v 0.183508 0.068867 0.013725
vn 0.000000 0.497800 -0.867292
v 0.183508 0.111383 0.038127
vn 0.000000 0.497800 -0.867292
v 0.196415 0.026352 -0.010678
vn 0.000000 0.497798 -0.867293
v 0.183508 0.026352 -0.010678
vn 0.000000 0.497798 -0.867293
v 0.183508 0.068867 0.013725
vn 0.000000 0.497798 -0.867293
v 0.196415 -0.016163 -0.035080
vn 0.000000 0.497798 -0.867293
v 0.183508 -0.016163 -0.035080
vn 0.000000 0.497798 -0.867293
v 0.183508 0.026352 -0.010678
vn 0.000000 0.497798 -0.867293
v 0.196415 -0.058678 -0.059483
vn 0.000000 0.497799 -0.867292
v 0.183508 -0.086501 -0.075453
vn 0.000000 0.497799 -0.867292
v 0.183508 -0.016163 -0.035080
vn 0.000000 0.497799 -0.867292
v 0.140296 -0.101193 -0.083885
vn -0.000001 0.497799 -0.867293
v 0.084178 -0.101193 -0.083885
vn -0.000001 0.497799 -0.867293
v 0.084178 -0.086501 -0.075452
vn -0.000001 0.497799 -0.867293
v 0.084178 -0.101193 -0.083885
vn 0.000000 0.497799 -0.867293
v 0.028059 -0.101193 -0.083885
vn 0.000000 0.497799 -0.867293
v 0.028059 -0.086501 -0.075452
vn 0.000000 0.497799 -0.867293
v 0.028059 -0.101193 -0.083885
vn 0.000000 0.497799 -0.867293
v -0.028059 -0.101193 -0.083885
vn 0.000000 0.497799 -0.867293
v -0.028059 -0.086501 -0.075452
vn 0.000000 0.497799 -0.867293
v -0.028059 -0.101193 -0.083885
vn -0.000001 0.497799 -0.867292
v -0.084178 -0.101193 -0.083885
vn -0.000001 0.497799 -0.867292
v -0.084178 -0.086501 -0.075452
vn -0.000001 0.497799 -0.867292
v -0.084178 -0.086501 -0.075452
vn -0.000001 0.497799 -0.867292
v -0.084178 -0.101193 -0.083885
vn -0.000001 0.497799 -0.867292
v -0.140296 -0.101193 -0.083885
vn -0.000001 0.497799 -0.867292
v -0.183508 -0.086502 -0.075452
vn 0.000000 0.867292 0.497800
v -0.183508 -0.108782 -0.036634
vn 0.000000 0.867292 0.497800
v -0.084178 -0.108782 -0.036634
vn 0.000000 0.867292 0.497800
v -0.028059 -0.108782 -0.036634
vn 0.000000 0.867292 0.497800
v 0.028059 -0.108782 -0.036634
vn 0.000000 0.867292 0.497800
v 0.028059 -0.086501 -0.075452
vn 0.000000 0.867292 0.497800
v -0.183508 -0.086502 -0.075452
vn 0.000000 0.867292 0.497800
v -0.084178 -0.108782 -0.036634
vn 0.000000 0.867292 0.497800
v -0.084178 -0.086501 -0.075452
vn 0.000000 0.867292 0.497800
v -0.028059 -0.086501 -0.075452
vn 0.000000 0.867292 0.497800
v -0.084178 -0.086501 -0.075452
vn 0.000000 0.867292 0.497800
v -0.028059 -0.108782 -0.036634
vn 0.000000 0.867292 0.497800
v 0.183508 -0.086501 -0.075453
vn 0.000000 0.867292 0.497799
v 0.084178 -0.086501 -0.075452
vn 0.000000 0.867292 0.497799
v 0.183508 -0.108782 -0.036634
vn 0.000000 0.867292 0.497799
v -0.084178 -0.086501 -0.075452
vn 0.000000 0.867292 0.497800
v -0.084178 -0.108782 -0.036634
vn 0.000000 0.867292 0.497800
v -0.028059 -0.108782 -0.036634
vn 0.000000 0.867292 0.497800
v 0.183508 -0.108782 -0.036634
vn 0.000000 0.867292 0.497800
v 0.084178 -0.086501 -0.075452
vn 0.000000 0.867292 0.497800
v 0.084178 -0.108782 -0.036634
vn 0.000000 0.867292 0.497800
v 0.028059 -0.086501 -0.075452
vn 0.000000 0.867292 0.497800
v -0.028059 -0.086501 -0.075452
vn 0.000000 0.867292 0.497800
v -0.028059 -0.108782 -0.036634
vn 0.000000 0.867292 0.497800
v 0.084178 -0.108782 -0.036634
vn 0.000000 0.867292 0.497799
v 0.084178 -0.086501 -0.075452
vn 0.000000 0.867292 0.497799
v 0.028059 -0.086501 -0.075452
vn 0.000000 0.867292 0.497799
v 0.183508 0.131617 0.101347
vn -1.000000 0.000000 -0.000000
v 0.183508 0.174133 0.125750
vn -1.000000 0.000000 -0.000000
v 0.183508 0.196413 0.086932
vn -1.000000 0.000000 -0.000000
v 0.183508 0.153898 0.062529
vn -1.000000 0.000000 0.000000
v 0.183508 0.111383 0.038127
vn -1.000000 0.000000 0.000000
v 0.183508 0.089102 0.076945
vn -1.000000 0.000000 0.000000
v 0.183508 0.131617 0.101347
vn -1.000000 0.000000 -0.000000
v 0.183508 0.196413 0.086932
vn -1.000000 0.000000 -0.000000
v 0.183508 0.153898 0.062529
vn -1.000000 0.000000 -0.000000
v 0.183508 0.004072 0.028140
vn -1.000000 0.000000 -0.000000
v 0.183508 0.046587 0.052543
vn -1.000000 0.000000 -0.000000
v 0.183508 0.026352 -0.010678
vn -1.000000 0.000000 -0.000000
v 0.183508 0.089102 0.076945
vn -1.000000 0.000000 -0.000000
v 0.183508 0.111383 0.038127
vn -1.000000 0.000000 -0.000000
v 0.183508 0.068867 0.013725
vn -1.000000 0.000000 -0.000000
v 0.183508 0.089102 0.076945
vn -1.000000 0.000000 -0.000000
v 0.183508 -0.016163 -0.035080
vn -1.000000 0.000000 0.000001
v 0.183508 -0.086501 -0.075453
vn -1.000000 0.000000 0.000001
v 0.183508 -0.108782 -0.036634
vn -1.000000 0.000000 0.000001
v 0.183508 0.089102 0.076945
vn -1.000000 0.000000 0.000000
v 0.183508 0.068867 0.013725
vn -1.000000 0.000000 0.000000
v 0.183508 0.046587 0.052543
vn -1.000000 0.000000 0.000000
v 0.183508 0.026352 -0.010678
vn -1.000000 0.000000 -0.000000
v 0.183508 -0.016163 -0.035080
vn -1.000000 0.000000 -0.000000
v 0.183508 -0.038443 0.003738
vn -1.000000 0.000000 -0.000000
v 0.183508 -0.038443 0.003738
vn -1.000000 0.000000 0.000000
v 0.183508 0.004072 0.028140
vn -1.000000 0.000000 0.000000
v 0.183508 0.026352 -0.010678
vn -1.000000 0.000000 0.000000
v 0.183508 -0.016163 -0.035080
vn -1.000000 0.000000 -0.000001
v 0.183508 -0.108782 -0.036634
vn -1.000000 0.000000 -0.000001
v 0.183508 -0.038443 0.003738
vn -1.000000 0.000000 -0.000001
v -0.183508 0.196413 0.086932
vn 1.000000 0.000000 -0.000000
v -0.183508 0.174132 0.125750
vn 1.000000 0.000000 -0.000000
v -0.183508 0.131617 0.101348
vn 1.000000 0.000000 -0.000000
v -0.183508 0.089102 0.076945
vn 1.000000 0.000000 0.000000
v -0.183508 0.111383 0.038127
vn 1.000000 0.000000 0.000000
v -0.183508 0.153898 0.062530
vn 1.000000 0.000000 0.000000
v -0.183508 0.153898 0.062530
vn 1.000000 0.000000 -0.000000
v -0.183508 0.068867 0.013725
vn 1.000000 0.000000 -0.000000
v -0.183508 0.046587 0.052543
vn 1.000000 0.000000 -0.000000
v -0.183508 0.004072 0.028140
vn 1.000000 0.000000 -0.000000
v -0.183508 0.153898 0.062530
vn 1.000000 0.000000 -0.000000
v -0.183508 0.131617 0.101348
vn 1.000000 0.000000 -0.000000
v -0.183508 0.089102 0.076945
vn 1.000000 0.000000 -0.000000
v -0.183508 0.004072 0.028140
vn 1.000000 0.000000 -0.000000
v -0.183508 -0.038443 0.003738
vn 1.000000 0.000000 -0.000000
v -0.183508 -0.016163 -0.035080
vn 1.000000 0.000000 -0.000000
v -0.183508 0.089102 0.076945
vn 1.000000 -0.000000 -0.000001
v -0.183508 0.046587 0.052543
vn 1.000000 -0.000000 -0.000001
v -0.183508 0.111383 0.038127
vn 1.000000 -0.000000 -0.000001
v -0.183508 0.026352 -0.010678
vn 1.000000 0.000000 -0.000000
v -0.183508 0.111383 0.038127
vn 1.000000 -0.000000 0.000000
v -0.183508 0.046587 0.052543
vn 1.000000 -0.000000 0.000000
v -0.183508 0.068867 0.013725
vn 1.000000 -0.000000 0.000000
v -0.183508 -0.038443 0.003738
vn 1.000000 -0.000000 -0.000000
v -0.183508 -0.108782 -0.036634
vn 1.000000 -0.000000 -0.000000
v -0.183508 -0.086502 -0.075452
vn 1.000000 -0.000000 -0.000000
v -0.183508 0.068867 0.013725
vn 1.000000 0.000000 -0.000000
v 0.036307 0.088760 -0.026767
vn 0.002881 0.700768 0.713383
v 0.036562 -0.015680 0.075825
vn 0.002881 0.700768 0.713383
v 0.102588 0.054990 0.006138
vn 0.002881 0.700768 0.713383
v 0.075442 -0.012813 0.065766
vn -0.002882 -0.700767 -0.713385
v 0.057000 -0.017588 0.070531
vn -0.002882 -0.700767 -0.713385
v 0.102664 0.014444 0.038881
vn -0.002882 -0.700767 -0.713385
v -0.075239 0.082407 -0.020076
vn -0.582486 0.581047 -0.568415
v -0.089880 0.071417 -0.016306
vn -0.582486 0.581047 -0.568415
v -0.089866 0.074959 -0.012700
vn -0.582486 0.581047 -0.568415
v -0.075015 -0.009154 0.069865
vn -0.340229 -0.670142 0.659662
v -0.056563 -0.017500 0.070903
vn -0.340229 -0.670142 0.659662
v -0.056549 -0.013958 0.074509
vn -0.340229 -0.670142 0.659662
v 0.102588 0.054990 0.006138
vn 0.975884 0.153745 -0.154962
v 0.099308 0.061870 -0.007693
vn 0.975884 0.153745 -0.154962
v 0.099323 0.065413 -0.004087
vn 0.975884 0.153745 -0.154962
v -0.056796 0.087182 -0.024841
vn -0.343506 0.670669 -0.657425
v -0.075253 0.078865 -0.023682
vn -0.343506 0.670669 -0.657425
v -0.075239 0.082407 -0.020076
vn -0.343506 0.670669 -0.657425
v -0.089679 -0.001683 0.062586
vn -0.579649 -0.580147 0.572221
v -0.075029 -0.012696 0.066259
vn -0.579649 -0.580147 0.572221
v -0.075015 -0.009154 0.069865
vn -0.579649 -0.580147 0.572221
v 0.102679 0.017987 0.042487
vn 0.999994 -0.000781 -0.003279
v 0.102574 0.051448 0.002532
vn 0.999994 -0.000781 -0.003279
v 0.102588 0.054990 0.006138
vn 0.999994 -0.000781 -0.003279
v -0.036343 0.088816 -0.026529
vn -0.114096 0.708957 -0.695961
v -0.056811 0.083640 -0.028447
vn -0.114096 0.708957 -0.695961
v -0.056796 0.087182 -0.024841
vn -0.114096 0.708957 -0.695961
v -0.099104 0.007724 0.053383
vn -0.812963 -0.413771 0.409738
v -0.089693 -0.005225 0.058980
vn -0.812963 -0.413771 0.409738
v -0.089679 -0.001683 0.062586
vn -0.812963 -0.413771 0.409738
v 0.099464 0.007570 0.052733
vn 0.976639 -0.155257 0.148564
v 0.102664 0.014444 0.038881
vn 0.976639 -0.155257 0.148564
v 0.102679 0.017987 0.042487
vn 0.976639 -0.155257 0.148564
v 0.036307 0.088760 -0.026767
vn -0.001743 0.713388 -0.700767
v -0.036358 0.085274 -0.030135
vn -0.001743 0.713388 -0.700767
v -0.036343 0.088816 -0.026529
vn -0.001743 0.713388 -0.700767
v -0.102370 0.018146 0.043159
vn -0.975883 -0.153743 0.154967
v -0.099119 0.004181 0.049777
vn -0.975883 -0.153743 0.154967
v -0.099104 0.007724 0.053383
vn -0.975883 -0.153743 0.154967
v 0.090084 -0.001823 0.061997
vn 0.814987 -0.415033 0.404405
v 0.099449 0.004027 0.049126
vn 0.814987 -0.415033 0.404405
v 0.099464 0.007570 0.052733
vn 0.814987 -0.415033 0.404405
v 0.056767 0.087094 -0.025213
vn 0.110633 0.708784 -0.696697
v 0.036292 0.085218 -0.030373
vn 0.110633 0.708784 -0.696697
v 0.036307 0.088760 -0.026767
vn 0.110633 0.708784 -0.696697
v -0.102460 0.055149 0.006809
vn -0.999994 0.000772 0.003273
v -0.102385 0.014603 0.039553
vn -0.999994 0.000772 0.003273
v -0.102370 0.018146 0.043159
vn -0.999994 0.000772 0.003273
v 0.075457 -0.009271 0.069372
vn 0.582485 -0.581044 0.568418
v 0.090070 -0.005365 0.058391
vn 0.582485 -0.581044 0.568418
v 0.090084 -0.001823 0.061997
vn 0.582485 -0.581044 0.568418
v 0.075233 0.082290 -0.020569
vn 0.340229 0.670139 -0.659665
v 0.056753 0.083552 -0.028819
vn 0.340229 0.670139 -0.659665
v 0.056767 0.087094 -0.025213
vn 0.340229 0.670139 -0.659665
v -0.099246 0.065567 -0.003436
vn -0.976639 0.155256 -0.148567
v -0.102475 0.051607 0.003203
vn -0.976639 0.155256 -0.148567
v -0.102460 0.055149 0.006809
vn -0.976639 0.155256 -0.148567
v 0.057014 -0.014046 0.074137
vn 0.343505 -0.670671 0.657423
v 0.075442 -0.012813 0.065766
vn 0.343505 -0.670671 0.657423
v 0.075457 -0.009271 0.069372
vn 0.343505 -0.670671 0.657423
v -0.036088 -0.015624 0.076063
vn 0.001742 -0.713390 0.700765
v 0.036547 -0.019222 0.072219
vn 0.001742 -0.713390 0.700765
v 0.036562 -0.015680 0.075825
vn 0.001742 -0.713390 0.700765
v 0.089897 0.074819 -0.013289
vn 0.579650 0.580140 -0.572228
v 0.075219 0.078748 -0.024175
vn 0.579650 0.580140 -0.572228
v 0.075233 0.082290 -0.020569
vn 0.579650 0.580140 -0.572228
v -0.089866 0.074959 -0.012700
vn -0.814987 0.415033 -0.404405
v -0.099260 0.062024 -0.007042
vn -0.814987 0.415033 -0.404405
v -0.099246 0.065567 -0.003436
vn -0.814987 0.415033 -0.404405
v 0.036562 -0.015680 0.075825
vn 0.114097 -0.708960 0.695958
v 0.057000 -0.017588 0.070531
vn 0.114097 -0.708960 0.695958
v 0.057014 -0.014046 0.074137
vn 0.114097 -0.708960 0.695958
v -0.056549 -0.013958 0.074509
vn -0.110634 -0.708782 0.696698
v -0.036103 -0.019166 0.072457
vn -0.110634 -0.708782 0.696698
v -0.036088 -0.015624 0.076063
vn -0.110634 -0.708782 0.696698
v 0.099323 0.065413 -0.004087
vn 0.812964 0.413767 -0.409740
v 0.089882 0.071277 -0.016895
vn 0.812964 0.413767 -0.409740
v 0.089897 0.074819 -0.013289
vn 0.812964 0.413767 -0.409740
v -0.056549 -0.013958 0.074509
vn 0.002881 0.700768 0.713384
v -0.036088 -0.015624 0.076063
vn 0.002881 0.700768 0.713384
v -0.102370 0.018146 0.043159
vn 0.002881 0.700768 0.713384
v -0.036088 -0.015624 0.076063
vn 0.002881 0.700768 0.713383
v 0.036562 -0.015680 0.075825
vn 0.002881 0.700768 0.713383
v -0.036343 0.088816 -0.026529
vn 0.002881 0.700768 0.713383
v 0.036562 -0.015680 0.075825
vn 0.002881 0.700768 0.713384
v 0.057014 -0.014046 0.074137
vn 0.002881 0.700768 0.713384
v 0.102679 0.017987 0.042487
vn 0.002881 0.700768 0.713384
v 0.057014 -0.014046 0.074137
vn 0.002879 0.700769 0.713383
v 0.075457 -0.009271 0.069372
vn 0.002879 0.700769 0.713383
v 0.102679 0.017987 0.042487
vn 0.002879 0.700769 0.713383
v 0.075457 -0.009271 0.069372
vn 0.002880 0.700770 0.713382
v 0.090084 -0.001823 0.061997
vn 0.002880 0.700770 0.713382
v 0.102679 0.017987 0.042487
vn 0.002880 0.700770 0.713382
v 0.090084 -0.001823 0.061997
vn 0.002879 0.700767 0.713384
v 0.099464 0.007570 0.052733
vn 0.002879 0.700767 0.713384
v 0.102679 0.017987 0.042487
vn 0.002879 0.700767 0.713384
v 0.102679 0.017987 0.042487
vn 0.002881 0.700769 0.713383
v 0.102588 0.054990 0.006138
vn 0.002881 0.700769 0.713383
v 0.036562 -0.015680 0.075825
vn 0.002881 0.700769 0.713383
v 0.102588 0.054990 0.006138
vn 0.002876 0.700768 0.713384
v 0.099323 0.065413 -0.004087
vn 0.002876 0.700768 0.713384
v 0.089897 0.074819 -0.013289
vn 0.002876 0.700768 0.713384
v 0.089897 0.074819 -0.013289
vn 0.002882 0.700768 0.713384
v 0.075233 0.082290 -0.020569
vn 0.002882 0.700768 0.713384
v 0.102588 0.054990 0.006138
vn 0.002882 0.700768 0.713384
v 0.075233 0.082290 -0.020569
vn 0.002881 0.700768 0.713383
v 0.056767 0.087094 -0.025213
vn 0.002881 0.700768 0.713383
v 0.102588 0.054990 0.006138
vn 0.002881 0.700768 0.713383
v 0.056767 0.087094 -0.025213
vn 0.002880 0.700768 0.713383
v 0.036307 0.088760 -0.026767
vn 0.002880 0.700768 0.713383
v 0.102588 0.054990 0.006138
vn 0.002880 0.700768 0.713383
v 0.036307 0.088760 -0.026767
vn 0.002881 0.700768 0.713383
v -0.036343 0.088816 -0.026529
vn 0.002881 0.700768 0.713383
v 0.036562 -0.015680 0.075825
vn 0.002881 0.700768 0.713383
v -0.036343 0.088816 -0.026529
vn 0.002882 0.700767 0.713384
v -0.056796 0.087182 -0.024841
vn 0.002882 0.700767 0.713384
v -0.102460 0.055149 0.006809
vn 0.002882 0.700767 0.713384
v -0.056796 0.087182 -0.024841
vn 0.002881 0.700769 0.713383
v -0.075239 0.082407 -0.020076
vn 0.002881 0.700769 0.713383
v -0.102460 0.055149 0.006809
vn 0.002881 0.700769 0.713383
v -0.075239 0.082407 -0.020076
vn 0.002879 0.700769 0.713383
v -0.089866 0.074959 -0.012700
vn 0.002879 0.700769 0.713383
v -0.102460 0.055149 0.006809
vn 0.002879 0.700769 0.713383
v -0.089866 0.074959 -0.012700
vn 0.002881 0.700767 0.713385
v -0.099246 0.065567 -0.003436
vn 0.002881 0.700767 0.713385
v -0.102460 0.055149 0.006809
vn 0.002881 0.700767 0.713385
v -0.102460 0.055149 0.006809
vn 0.002881 0.700768 0.713383
v -0.102370 0.018146 0.043159
vn 0.002881 0.700768 0.713383
v -0.036343 0.088816 -0.026529
vn 0.002881 0.700768 0.713383
v -0.102370 0.018146 0.043159
vn 0.002877 0.700766 0.713386
v -0.099104 0.007724 0.053383
vn 0.002877 0.700766 0.713386
v -0.089679 -0.001683 0.062586
vn 0.002877 0.700766 0.713386
v -0.089679 -0.001683 0.062586
vn 0.002881 0.700770 0.713382
v -0.075015 -0.009154 0.069865
vn 0.002881 0.700770 0.713382
v -0.102370 0.018146 0.043159
vn 0.002881 0.700770 0.713382
v -0.075015 -0.009154 0.069865
vn 0.002881 0.700768 0.713383
v -0.056549 -0.013958 0.074509
vn 0.002881 0.700768 0.713383
v -0.102370 0.018146 0.043159
vn 0.002881 0.700768 0.713383
v -0.036088 -0.015624 0.076063
vn 0.002881 0.700768 0.713383
v -0.036343 0.088816 -0.026529
vn 0.002881 0.700768 0.713383
v -0.102370 0.018146 0.043159
vn 0.002881 0.700768 0.713383
v 0.036547 -0.019222 0.072219
vn -0.002881 -0.700768 -0.713383
v -0.036103 -0.019166 0.072457
vn -0.002881 -0.700768 -0.713383
v -0.036358 0.085274 -0.030135
vn -0.002881 -0.700768 -0.713383
v -0.036103 -0.019166 0.072457
vn -0.002881 -0.700768 -0.713384
v -0.056563 -0.017500 0.070903
vn -0.002881 -0.700768 -0.713384
v -0.102385 0.014603 0.039553
vn -0.002881 -0.700768 -0.713384
v -0.036358 0.085274 -0.030135
vn -0.002881 -0.700768 -0.713383
v -0.036103 -0.019166 0.072457
vn -0.002881 -0.700768 -0.713383
v -0.102385 0.014603 0.039553
vn -0.002881 -0.700768 -0.713383
v -0.056563 -0.017500 0.070903
vn -0.002879 -0.700768 -0.713384
v -0.075029 -0.012696 0.066259
vn -0.002879 -0.700768 -0.713384
v -0.102385 0.014603 0.039553
vn -0.002879 -0.700768 -0.713384
v -0.075029 -0.012696 0.066259
vn -0.002882 -0.700769 -0.713383
v -0.089693 -0.005225 0.058980
vn -0.002882 -0.700769 -0.713383
v -0.102385 0.014603 0.039553
vn -0.002882 -0.700769 -0.713383
v -0.089693 -0.005225 0.058980
vn -0.002882 -0.700767 -0.713384
v -0.099119 0.004181 0.049777
vn -0.002882 -0.700767 -0.713384
v -0.102385 0.014603 0.039553
vn -0.002882 -0.700767 -0.713384
v -0.102385 0.014603 0.039553
vn -0.002881 -0.700768 -0.713383
v -0.102475 0.051607 0.003203
vn -0.002881 -0.700768 -0.713383
v -0.036358 0.085274 -0.030135
vn -0.002881 -0.700768 -0.713383
v -0.102475 0.051607 0.003203
vn -0.002882 -0.700768 -0.713384
v -0.099260 0.062024 -0.007042
vn -0.002882 -0.700768 -0.713384
v -0.089880 0.071417 -0.016306
vn -0.002882 -0.700768 -0.713384
v -0.036358 0.085274 -0.030135
vn -0.002882 -0.700767 -0.713384
v -0.102475 0.051607 0.003203
vn -0.002882 -0.700767 -0.713384
v -0.056811 0.083640 -0.028447
vn -0.002882 -0.700767 -0.713384
v -0.089880 0.071417 -0.016306
vn -0.002882 -0.700769 -0.713383
v -0.075253 0.078865 -0.023682
vn -0.002882 -0.700769 -0.713383
v -0.102475 0.051607 0.003203
vn -0.002882 -0.700769 -0.713383
v -0.075253 0.078865 -0.023682
vn -0.002880 -0.700768 -0.713383
v -0.056811 0.083640 -0.028447
vn -0.002880 -0.700768 -0.713383
v -0.102475 0.051607 0.003203
vn -0.002880 -0.700768 -0.713383
v -0.036358 0.085274 -0.030135
vn -0.002881 -0.700768 -0.713383
v 0.036292 0.085218 -0.030373
vn -0.002881 -0.700768 -0.713383
v 0.036547 -0.019222 0.072219
vn -0.002881 -0.700768 -0.713383
v 0.036292 0.085218 -0.030373
vn -0.002881 -0.700768 -0.713383
v 0.056753 0.083552 -0.028819
vn -0.002881 -0.700768 -0.713383
v 0.102574 0.051448 0.002532
vn -0.002881 -0.700768 -0.713383
v 0.036547 -0.019222 0.072219
vn -0.002881 -0.700768 -0.713383
v 0.036292 0.085218 -0.030373
vn -0.002881 -0.700768 -0.713383
v 0.102574 0.051448 0.002532
vn -0.002881 -0.700768 -0.713383
v 0.056753 0.083552 -0.028819
vn -0.002882 -0.700769 -0.713383
v 0.075219 0.078748 -0.024175
vn -0.002882 -0.700769 -0.713383
v 0.102574 0.051448 0.002532
vn -0.002882 -0.700769 -0.713383
v 0.075219 0.078748 -0.024175
vn -0.002879 -0.700767 -0.713384
v 0.089882 0.071277 -0.016895
vn -0.002879 -0.700767 -0.713384
v 0.102574 0.051448 0.002532
vn -0.002879 -0.700767 -0.713384
v 0.089882 0.071277 -0.016895
vn -0.002882 -0.700770 -0.713381
v 0.099308 0.061870 -0.007693
vn -0.002882 -0.700770 -0.713381
v 0.102574 0.051448 0.002532
vn -0.002882 -0.700770 -0.713381
v 0.102574 0.051448 0.002532
vn -0.002880 -0.700768 -0.713383
v 0.102664 0.014444 0.038881
vn -0.002880 -0.700768 -0.713383
v 0.036547 -0.019222 0.072219
vn -0.002880 -0.700768 -0.713383
v 0.102664 0.014444 0.038881
vn -0.002881 -0.700770 -0.713382
v 0.099449 0.004027 0.049126
vn -0.002881 -0.700770 -0.713382
v 0.090070 -0.005365 0.058391
vn -0.002881 -0.700770 -0.713382
v 0.036547 -0.019222 0.072219
vn -0.002880 -0.700769 -0.713382
v 0.102664 0.014444 0.038881
vn -0.002880 -0.700769 -0.713382
v 0.057000 -0.017588 0.070531
vn -0.002880 -0.700769 -0.713382
v 0.090070 -0.005365 0.058391
vn -0.002879 -0.700769 -0.713382
v 0.075442 -0.012813 0.065766
vn -0.002879 -0.700769 -0.713382
v 0.102664 0.014444 0.038881
vn -0.002879 -0.700769 -0.713382
v -0.075239 0.082407 -0.020076
vn -0.582486 0.581043 -0.568418
v -0.075253 0.078865 -0.023682
vn -0.582486 0.581043 -0.568418
v -0.089880 0.071417 -0.016306
vn -0.582486 0.581043 -0.568418
v -0.075015 -0.009154 0.069865
vn -0.340228 -0.670144 0.659660
v -0.075029 -0.012696 0.066259
vn -0.340228 -0.670144 0.659660
v -0.056563 -0.017500 0.070903
vn -0.340228 -0.670144 0.659660
v 0.102588 0.054990 0.006138
vn 0.975884 0.153736 -0.154968
v 0.102574 0.051448 0.002532
vn 0.975884 0.153736 -0.154968
v 0.099308 0.061870 -0.007693
vn 0.975884 0.153736 -0.154968
v -0.056796 0.087182 -0.024841
vn -0.343504 0.670670 -0.657425
v -0.056811 0.083640 -0.028447
vn -0.343504 0.670670 -0.657425
v -0.075253 0.078865 -0.023682
vn -0.343504 0.670670 -0.657425
v -0.089679 -0.001683 0.062586
vn -0.579648 -0.580143 0.572226
v -0.089693 -0.005225 0.058980
vn -0.579648 -0.580143 0.572226
v -0.075029 -0.012696 0.066259
vn -0.579648 -0.580143 0.572226
v 0.102679 0.017987 0.042487
vn 0.999994 -0.000776 -0.003275
v 0.102664 0.014444 0.038881
vn 0.999994 -0.000776 -0.003275
v 0.102574 0.051448 0.002532
vn 0.999994 -0.000776 -0.003275
v -0.036343 0.088816 -0.026529
vn -0.114097 0.708958 -0.695960
v -0.036358 0.085274 -0.030135
vn -0.114097 0.708958 -0.695960
v -0.056811 0.083640 -0.028447
vn -0.114097 0.708958 -0.695960
v -0.099104 0.007724 0.053383
vn -0.812964 -0.413772 0.409734
v -0.099119 0.004181 0.049777
vn -0.812964 -0.413772 0.409734
v -0.089693 -0.005225 0.058980
vn -0.812964 -0.413772 0.409734
v 0.099464 0.007570 0.052733
vn 0.976639 -0.155256 0.148567
v 0.099449 0.004027 0.049126
vn 0.976639 -0.155256 0.148567
v 0.102664 0.014444 0.038881
vn 0.976639 -0.155256 0.148567
v 0.036307 0.088760 -0.026767
vn -0.001743 0.713390 -0.700765
v 0.036292 0.085218 -0.030373
vn -0.001743 0.713390 -0.700765
v -0.036358 0.085274 -0.030135
vn -0.001743 0.713390 -0.700765
v -0.102370 0.018146 0.043159
vn -0.975884 -0.153745 0.154961
v -0.102385 0.014603 0.039553
vn -0.975884 -0.153745 0.154961
v -0.099119 0.004181 0.049777
vn -0.975884 -0.153745 0.154961
v 0.090084 -0.001823 0.061997
vn 0.814988 -0.415036 0.404400
v 0.090070 -0.005365 0.058391
vn 0.814988 -0.415036 0.404400
v 0.099449 0.004027 0.049126
vn 0.814988 -0.415036 0.404400
v 0.056767 0.087094 -0.025213
vn 0.110634 0.708783 -0.696698
v 0.056753 0.083552 -0.028819
vn 0.110634 0.708783 -0.696698
v 0.036292 0.085218 -0.030373
vn 0.110634 0.708783 -0.696698
v -0.102460 0.055149 0.006809
vn -0.999994 0.000775 0.003275
v -0.102475 0.051607 0.003203
vn -0.999994 0.000775 0.003275
v -0.102385 0.014603 0.039553
vn -0.999994 0.000775 0.003275
v 0.075457 -0.009271 0.069372
vn 0.582485 -0.581046 0.568416
v 0.075442 -0.012813 0.065766
vn 0.582485 -0.581046 0.568416
v 0.090070 -0.005365 0.058391
vn 0.582485 -0.581046 0.568416
v 0.075233 0.082290 -0.020569
vn 0.340231 0.670137 -0.659666
v 0.075219 0.078748 -0.024175
vn 0.340231 0.670137 -0.659666
v 0.056753 0.083552 -0.028819
vn 0.340231 0.670137 -0.659666
v -0.099246 0.065567 -0.003436
vn -0.976639 0.155255 -0.148570
v -0.099260 0.062024 -0.007042
vn -0.976639 0.155255 -0.148570
v -0.102475 0.051607 0.003203
vn -0.976639 0.155255 -0.148570
v 0.057014 -0.014046 0.074137
vn 0.343505 -0.670672 0.657422
v 0.057000 -0.017588 0.070531
vn 0.343505 -0.670672 0.657422
v 0.075442 -0.012813 0.065766
vn 0.343505 -0.670672 0.657422
v -0.036088 -0.015624 0.076063
vn 0.001743 -0.713389 0.700766
v -0.036103 -0.019166 0.072457
vn 0.001743 -0.713389 0.700766
v 0.036547 -0.019222 0.072219
vn 0.001743 -0.713389 0.700766
v 0.089897 0.074819 -0.013289
vn 0.579649 0.580140 -0.572228
v 0.089882 0.071277 -0.016895
vn 0.579649 0.580140 -0.572228
v 0.075219 0.078748 -0.024175
vn 0.579649 0.580140 -0.572228
v -0.089866 0.074959 -0.012700
vn -0.814988 0.415035 -0.404402
v -0.089880 0.071417 -0.016306
vn -0.814988 0.415035 -0.404402
v -0.099260 0.062024 -0.007042
vn -0.814988 0.415035 -0.404402
v 0.036562 -0.015680 0.075825
vn 0.114097 -0.708960 0.695959
v 0.036547 -0.019222 0.072219
vn 0.114097 -0.708960 0.695959
v 0.057000 -0.017588 0.070531
vn 0.114097 -0.708960 0.695959
v -0.056549 -0.013958 0.074509
vn -0.110635 -0.708787 0.696693
v -0.056563 -0.017500 0.070903
vn -0.110635 -0.708787 0.696693
v -0.036103 -0.019166 0.072457
vn -0.110635 -0.708787 0.696693
v 0.099323 0.065413 -0.004087
vn 0.812961 0.413773 -0.409738
v 0.099308 0.061870 -0.007693
vn 0.812961 0.413773 -0.409738
v 0.089882 0.071277 -0.016895
vn 0.812961 0.413773 -0.409738
v -0.029984 -0.042190 0.000071
vn 0.000000 -0.707107 0.707107
v 0.029984 -0.000071 0.042190
vn 0.000000 -0.707107 0.707107
v -0.029782 0.000071 0.042332
vn 0.000000 -0.707107 0.707107
v 0.029782 -0.042332 -0.000071
vn 0.999994 -0.002380 -0.002380
v 0.029984 0.042190 -0.000071
vn 0.999994 -0.002380 -0.002380
v 0.029984 -0.000071 0.042190
vn 0.999994 -0.002380 -0.002380
v 0.029782 -0.000071 -0.042332
vn 0.000000 0.707107 -0.707107
v -0.029782 0.042332 0.000071
vn 0.000000 0.707107 -0.707107
v 0.029984 0.042190 -0.000071
vn 0.000000 0.707107 -0.707107
v -0.029984 0.000071 -0.042190
vn -0.999994 0.002380 0.002380
v -0.029782 0.000071 0.042332
vn -0.999994 0.002380 0.002380
v -0.029782 0.042332 0.000071
vn -0.999994 0.002380 0.002380
v 0.029984 0.042190 -0.000071
vn 0.003366 0.707103 0.707103
v -0.029782 0.000071 0.042332
vn 0.003366 0.707103 0.707103
v 0.029984 -0.000071 0.042190
vn 0.003366 0.707103 0.707103
v 0.029782 -0.042332 -0.000071
vn -0.003366 -0.707103 -0.707103
v -0.029984 0.000071 -0.042190
vn -0.003366 -0.707103 -0.707103
v 0.029782 -0.000071 -0.042332
vn -0.003366 -0.707103 -0.707103
v -0.029984 -0.042190 0.000071
vn 0.000000 -0.707107 0.707107
v 0.029782 -0.042332 -0.000071
vn 0.000000 -0.707107 0.707107
v 0.029984 -0.000071 0.042190
vn 0.000000 -0.707107 0.707107
v 0.029782 -0.042332 -0.000071
vn 0.999994 -0.002380 -0.002380
v 0.029782 -0.000071 -0.042332
vn 0.999994 -0.002380 -0.002380
v 0.029984 0.042190 -0.000071
vn 0.999994 -0.002380 -0.002380
v 0.029782 -0.000071 -0.042332
vn 0.000000 0.707107 -0.707107
v -0.029984 0.000071 -0.042190
vn 0.000000 0.707107 -0.707107
v -0.029782 0.042332 0.000071
vn 0.000000 0.707107 -0.707107
v -0.029984 0.000071 -0.042190
vn -0.999994 0.002380 0.002380
v -0.029984 -0.042190 0.000071
vn -0.999994 0.002380 0.002380
v -0.029782 0.000071 0.042332
vn -0.999994 0.002380 0.002380
v 0.029984 0.042190 -0.000071
vn 0.003366 0.707103 0.707103
v -0.029782 0.042332 0.000071
vn 0.003366 0.707103 0.707103
v -0.029782 0.000071 0.042332
vn 0.003366 0.707103 0.707103
v 0.029782 -0.042332 -0.000071
vn -0.003366 -0.707103 -0.707103
v -0.029984 -0.042190 0.000071
vn -0.003366 -0.707103 -0.707103
v -0.029984 0.000071 -0.042190
vn -0.003366 -0.707103 -0.707103
v 0.042432 0.000000 -0.019953
vn 0.980780 0.195090 -0.003300
v 0.039330 0.016264 0.019678
vn 0.980780 0.195090 -0.003300
v 0.042565 0.000000 0.019667
vn 0.980780 0.195090 -0.003300
v 0.039197 0.016264 -0.019942
vn 0.831465 0.555570 -0.002800
v 0.030118 0.030051 0.019709
vn 0.831465 0.555570 -0.002800
v 0.039330 0.016264 0.019678
vn 0.831465 0.555570 -0.002800
v 0.029984 0.030051 -0.019911
vn 0.555568 0.831469 -0.001871
v 0.016330 0.039264 0.019755
vn 0.555568 0.831469 -0.001871
v 0.030118 0.030051 0.019709
vn 0.555568 0.831469 -0.001871
v 0.016197 0.039264 -0.019865
vn 0.195088 0.980786 -0.000656
v 0.000067 0.042499 0.019810
vn 0.195088 0.980786 -0.000656
v 0.016330 0.039264 0.019755
vn 0.195088 0.980786 -0.000656
v -0.000067 0.042499 -0.019810
vn -0.195087 0.980786 0.000657
v -0.016197 0.039264 0.019865
vn -0.195087 0.980786 0.000657
v 0.000067 0.042499 0.019810
vn -0.195087 0.980786 0.000657
v -0.016330 0.039264 -0.019755
vn -0.555570 0.831468 0.001871
v -0.029984 0.030051 0.019911
vn -0.555570 0.831468 0.001871
v -0.016197 0.039264 0.019865
vn -0.555570 0.831468 0.001871
v -0.030118 0.030051 -0.019709
vn -0.831464 0.555572 0.002800
v -0.039197 0.016264 0.019942
vn -0.831464 0.555572 0.002800
v -0.029984 0.030051 0.019911
vn -0.831464 0.555572 0.002800
v -0.039330 0.016264 -0.019678
vn -0.980779 0.195095 0.003302
v -0.042432 0.000000 0.019953
vn -0.980779 0.195095 0.003302
v -0.039197 0.016264 0.019942
vn -0.980779 0.195095 0.003302
v -0.042565 0.000000 -0.019667
vn -0.980779 -0.195095 0.003300
v -0.039197 -0.016264 0.019942
vn -0.980779 -0.195095 0.003300
v -0.042432 0.000000 0.019953
vn -0.980779 -0.195095 0.003300
v -0.039330 -0.016264 -0.019678
vn -0.831466 -0.555569 0.002800
v -0.029984 -0.030051 0.019911
vn -0.831466 -0.555569 0.002800
v -0.039197 -0.016264 0.019942
vn -0.831466 -0.555569 0.002800
v -0.030118 -0.030051 -0.019709
vn -0.555566 -0.831470 0.001871
v -0.016197 -0.039264 0.019865
vn -0.555566 -0.831470 0.001871
v -0.029984 -0.030051 0.019911
vn -0.555566 -0.831470 0.001871
v -0.016330 -0.039264 -0.019755
vn -0.195094 -0.980784 0.000656
v 0.000067 -0.042499 0.019810
vn -0.195094 -0.980784 0.000656
v -0.016197 -0.039264 0.019865
vn -0.195094 -0.980784 0.000656
v -0.000067 -0.042499 -0.019810
vn 0.195093 -0.980785 -0.000657
v 0.016330 -0.039264 0.019755
vn 0.195093 -0.980785 -0.000657
v 0.000067 -0.042499 0.019810
vn 0.195093 -0.980785 -0.000657
v 0.016197 -0.039264 -0.019865
vn 0.555570 -0.831468 -0.001871
v 0.030118 -0.030051 0.019709
vn 0.555570 -0.831468 -0.001871
v 0.016330 -0.039264 0.019755
vn 0.555570 -0.831468 -0.001871
v -0.030118 0.030051 -0.019709
vn -0.003366 -0.000001 -0.999994
v -0.000067 0.042499 -0.019810
vn -0.003366 -0.000001 -0.999994
v 0.029984 0.030051 -0.019911
vn -0.003366 -0.000001 -0.999994
v 0.029984 -0.030051 -0.019911
vn 0.831465 -0.555571 -0.002798
v 0.039330 -0.016264 0.019678
vn 0.831465 -0.555571 -0.002798
v 0.030118 -0.030051 0.019709
vn 0.831465 -0.555571 -0.002798
v 0.039197 -0.016264 -0.019942
vn 0.980780 -0.195090 -0.003302
v 0.042565 0.000000 0.019667
vn 0.980780 -0.195090 -0.003302
v 0.039330 -0.016264 0.019678
vn 0.980780 -0.195090 -0.003302
v -0.039197 0.016264 0.019942
vn 0.003366 0.000001 0.999994
v -0.016197 -0.039264 0.019865
vn 0.003366 0.000001 0.999994
v 0.039330 -0.016264 0.019678
vn 0.003366 0.000001 0.999994
v 0.042432 0.000000 -0.019953
vn 0.980779 0.195095 -0.003302
v 0.039197 0.016264 -0.019942
vn 0.980779 0.195095 -0.003302
v 0.039330 0.016264 0.019678
vn 0.980779 0.195095 -0.003302
v 0.039197 0.016264 -0.019942
vn 0.831464 0.555571 -0.002800
v 0.029984 0.030051 -0.019911
vn 0.831464 0.555571 -0.002800
v 0.030118 0.030051 0.019709
vn 0.831464 0.555571 -0.002800
v 0.029984 0.030051 -0.019911
vn 0.555570 0.831468 -0.001869
v 0.016197 0.039264 -0.019865
vn 0.555570 0.831468 -0.001869
v 0.016330 0.039264 0.019755
vn 0.555570 0.831468 -0.001869
v 0.016197 0.039264 -0.019865
vn 0.195087 0.980786 -0.000657
v -0.000067 0.042499 -0.019810
vn 0.195087 0.980786 -0.000657
v 0.000067 0.042499 0.019810
vn 0.195087 0.980786 -0.000657
v -0.000067 0.042499 -0.019810
vn -0.195087 0.980786 0.000657
v -0.016330 0.039264 -0.019755
vn -0.195087 0.980786 0.000657
v -0.016197 0.039264 0.019865
vn -0.195087 0.980786 0.000657
v -0.016330 0.039264 -0.019755
vn -0.555570 0.831468 0.001871
v -0.030118 0.030051 -0.019709
vn -0.555570 0.831468 0.001871
v -0.029984 0.030051 0.019911
vn -0.555570 0.831468 0.001871
v -0.030118 0.030051 -0.019709
vn -0.831465 0.555571 0.002800
v -0.039330 0.016264 -0.019678
vn -0.831465 0.555571 0.002800
v -0.039197 0.016264 0.019942
vn -0.831465 0.555571 0.002800
v -0.039330 0.016264 -0.019678
vn -0.980780 0.195090 0.003300
v -0.042565 0.000000 -0.019667
vn -0.980780 0.195090 0.003300
v -0.042432 0.000000 0.019953
vn -0.980780 0.195090 0.003300
v -0.042565 0.000000 -0.019667
vn -0.980780 -0.195090 0.003302
v -0.039330 -0.016264 -0.019678
vn -0.980780 -0.195090 0.003302
v -0.039197 -0.016264 0.019942
vn -0.980780 -0.195090 0.003302
v -0.039330 -0.016264 -0.019678
vn -0.831467 -0.555568 0.002800
v -0.030118 -0.030051 -0.019709
vn -0.831467 -0.555568 0.002800
v -0.029984 -0.030051 0.019911
vn -0.831467 -0.555568 0.002800
v -0.030118 -0.030051 -0.019709
vn -0.555563 -0.831472 0.001869
v -0.016330 -0.039264 -0.019755
vn -0.555563 -0.831472 0.001869
v -0.016197 -0.039264 0.019865
vn -0.555563 -0.831472 0.001869
v -0.016330 -0.039264 -0.019755
vn -0.195094 -0.980784 0.000657
v -0.000067 -0.042499 -0.019810
vn -0.195094 -0.980784 0.000657
v 0.000067 -0.042499 0.019810
vn -0.195094 -0.980784 0.000657
v -0.000067 -0.042499 -0.019810
vn 0.195094 -0.980784 -0.000657
v 0.016197 -0.039264 -0.019865
vn 0.195094 -0.980784 -0.000657
v 0.016330 -0.039264 0.019755
vn 0.195094 -0.980784 -0.000657
v 0.016197 -0.039264 -0.019865
vn 0.555567 -0.831470 -0.001869
v 0.029984 -0.030051 -0.019911
vn 0.555567 -0.831470 -0.001869
v 0.030118 -0.030051 0.019709
vn 0.555567 -0.831470 -0.001869
v 0.029984 0.030051 -0.019911
vn -0.003368 0.000002 -0.999994
v 0.039197 0.016264 -0.019942
vn -0.003368 0.000002 -0.999994
v 0.042432 0.000000 -0.019953
vn -0.003368 0.000002 -0.999994
v 0.042432 0.000000 -0.019953
vn -0.003368 -0.000002 -0.999994
v 0.039197 -0.016264 -0.019942
vn -0.003368 -0.000002 -0.999994
v 0.029984 -0.030051 -0.019911
vn -0.003368 -0.000002 -0.999994
v 0.029984 -0.030051 -0.019911
vn -0.003375 0.000022 -0.999994
v 0.016197 -0.039264 -0.019865
vn -0.003375 0.000022 -0.999994
v -0.000067 -0.042499 -0.019810
vn -0.003375 0.000022 -0.999994
v -0.000067 -0.042499 -0.019810
vn -0.003365 -0.000002 -0.999994
v -0.016330 -0.039264 -0.019755
vn -0.003365 -0.000002 -0.999994
v 0.029984 -0.030051 -0.019911
vn -0.003365 -0.000002 -0.999994
v -0.016330 -0.039264 -0.019755
vn -0.003366 0.000003 -0.999994
v -0.030118 -0.030051 -0.019709
vn -0.003366 0.000003 -0.999994
v 0.029984 -0.030051 -0.019911
vn -0.003366 0.000003 -0.999994
v -0.030118 -0.030051 -0.019709
vn -0.003354 0.000003 -0.999994
v -0.039330 -0.016264 -0.019678
vn -0.003354 0.000003 -0.999994
v -0.042565 0.000000 -0.019667
vn -0.003354 0.000003 -0.999994
v -0.042565 0.000000 -0.019667
vn -0.003354 -0.000004 -0.999994
v -0.039330 0.016264 -0.019678
vn -0.003354 -0.000004 -0.999994
v -0.030118 0.030051 -0.019709
vn -0.003354 -0.000004 -0.999994
v -0.030118 0.030051 -0.019709
vn -0.003364 -0.000004 -0.999994
v -0.016330 0.039264 -0.019755
vn -0.003364 -0.000004 -0.999994
v -0.000067 0.042499 -0.019810
vn -0.003364 -0.000004 -0.999994
v -0.000067 0.042499 -0.019810
vn -0.003375 -0.000021 -0.999994
v 0.016197 0.039264 -0.019865
vn -0.003375 -0.000021 -0.999994
v 0.029984 0.030051 -0.019911
vn -0.003375 -0.000021 -0.999994
v 0.029984 0.030051 -0.019911
vn -0.003368 0.000002 -0.999994
v 0.042432 0.000000 -0.019953
vn -0.003368 0.000002 -0.999994
v -0.030118 -0.030051 -0.019709
vn -0.003368 0.000002 -0.999994
v 0.042432 0.000000 -0.019953
vn -0.003366 -0.000003 -0.999994
v 0.029984 -0.030051 -0.019911
vn -0.003366 -0.000003 -0.999994
v -0.030118 -0.030051 -0.019709
vn -0.003366 -0.000003 -0.999994
v -0.030118 -0.030051 -0.019709
vn -0.003365 -0.000001 -0.999994
v -0.042565 0.000000 -0.019667
vn -0.003365 -0.000001 -0.999994
v 0.029984 0.030051 -0.019911
vn -0.003365 -0.000001 -0.999994
v -0.042565 0.000000 -0.019667
vn -0.003366 0.000001 -0.999994
v -0.030118 0.030051 -0.019709
vn -0.003366 0.000001 -0.999994
v 0.029984 0.030051 -0.019911
vn -0.003366 0.000001 -0.999994
v 0.029984 -0.030051 -0.019911
vn 0.831467 -0.555567 -0.002800
v 0.039197 -0.016264 -0.019942
vn 0.831467 -0.555567 -0.002800
v 0.039330 -0.016264 0.019678
vn 0.831467 -0.555567 -0.002800
v 0.039197 -0.016264 -0.019942
vn 0.980779 -0.195095 -0.003300
v 0.042432 0.000000 -0.019953
vn 0.980779 -0.195095 -0.003300
v 0.042565 0.000000 0.019667
vn 0.980779 -0.195095 -0.003300
v 0.039330 -0.016264 0.019678
vn 0.003373 0.000000 0.999994
v 0.042565 0.000000 0.019667
vn 0.003373 0.000000 0.999994
v 0.039330 0.016264 0.019678
vn 0.003373 0.000000 0.999994
v 0.039330 0.016264 0.019678
vn 0.003374 0.000009 0.999994
v 0.030118 0.030051 0.019709
vn 0.003374 0.000009 0.999994
v 0.016330 0.039264 0.019755
vn 0.003374 0.000009 0.999994
v 0.016330 0.039264 0.019755
vn 0.003368 0.000013 0.999994
v 0.000067 0.042499 0.019810
vn 0.003368 0.000013 0.999994
v -0.016197 0.039264 0.019865
vn 0.003368 0.000013 0.999994
v -0.016197 0.039264 0.019865
vn 0.003351 0.000013 0.999995
v -0.029984 0.030051 0.019911
vn 0.003351 0.000013 0.999995
v -0.039197 0.016264 0.019942
vn 0.003351 0.000013 0.999995
v -0.039197 0.016264 0.019942
vn 0.003379 0.000000 0.999994
v -0.042432 0.000000 0.019953
vn 0.003379 0.000000 0.999994
v -0.039197 -0.016264 0.019942
vn 0.003379 0.000000 0.999994
v -0.039197 -0.016264 0.019942
vn 0.003351 -0.000013 0.999994
v -0.029984 -0.030051 0.019911
vn 0.003351 -0.000013 0.999994
v -0.016197 -0.039264 0.019865
vn 0.003351 -0.000013 0.999994
v -0.016197 -0.039264 0.019865
vn 0.003368 -0.000013 0.999994
v 0.000067 -0.042499 0.019810
vn 0.003368 -0.000013 0.999994
v 0.016330 -0.039264 0.019755
vn 0.003368 -0.000013 0.999994
v 0.016330 -0.039264 0.019755
vn 0.003374 -0.000009 0.999994
v 0.030118 -0.030051 0.019709
vn 0.003374 -0.000009 0.999994
v 0.039330 -0.016264 0.019678
vn 0.003374 -0.000009 0.999994
v 0.039330 -0.016264 0.019678
vn 0.003365 0.000000 0.999994
v 0.039330 0.016264 0.019678
vn 0.003365 0.000000 0.999994
v 0.016330 0.039264 0.019755
vn 0.003365 0.000000 0.999994
v 0.016330 0.039264 0.019755
vn 0.003368 -0.000004 0.999994
v -0.016197 0.039264 0.019865
vn 0.003368 -0.000004 0.999994
v -0.039197 0.016264 0.019942
vn 0.003368 -0.000004 0.999994
v -0.039197 0.016264 0.019942
vn 0.003364 0.000000 0.999994
v -0.039197 -0.016264 0.019942
vn 0.003364 0.000000 0.999994
v -0.016197 -0.039264 0.019865
vn 0.003364 0.000000 0.999994
v -0.016197 -0.039264 0.019865
vn 0.003368 -0.000003 0.999994
v 0.016330 -0.039264 0.019755
vn 0.003368 -0.000003 0.999994
v 0.039330 -0.016264 0.019678
vn 0.003368 -0.000003 0.999994
v 0.039330 -0.016264 0.019678
vn 0.003366 0.000001 0.999994
v 0.016330 0.039264 0.019755
vn 0.003366 0.000001 0.999994
v -0.039197 0.016264 0.019942
vn 0.003366 0.000001 0.999994
v 0.000000 -0.055258 0.016117
vn 0.195090 -0.980785 -0.000000
v 0.021146 -0.051051 -0.016117
vn 0.195090 -0.980785 -0.000000
v 0.021146 -0.051051 0.016117
vn 0.195090 -0.980785 -0.000000
v 0.021146 -0.051051 -0.016117
vn 0.555570 -0.831470 -0.000000
v 0.039073 -0.039073 0.016117
vn 0.555570 -0.831470 -0.000000
v 0.021146 -0.051051 0.016117
vn 0.555570 -0.831470 -0.000000
v 0.039073 -0.039073 -0.016117
vn 0.831469 -0.555570 -0.000000
v 0.051051 -0.021146 0.016117
vn 0.831469 -0.555570 -0.000000
v 0.039073 -0.039073 0.016117
vn 0.831469 -0.555570 -0.000000
v 0.051051 -0.021146 -0.016117
vn 0.980785 -0.195090 -0.000000
v 0.055258 0.000000 0.016117
vn 0.980785 -0.195090 -0.000000
v 0.051051 -0.021146 0.016117
vn 0.980785 -0.195090 -0.000000
v 0.055258 0.000000 -0.016117
vn 0.980785 0.195090 -0.000000
v 0.051051 0.021146 0.016117
vn 0.980785 0.195090 -0.000000
v 0.055258 0.000000 0.016117
vn 0.980785 0.195090 -0.000000
v 0.051051 0.021146 -0.016117
vn 0.831469 0.555570 -0.000000
v 0.039073 0.039073 0.016117
vn 0.831469 0.555570 -0.000000
v 0.051051 0.021146 0.016117
vn 0.831469 0.555570 -0.000000
v 0.039073 0.039073 -0.016117
vn 0.555570 0.831470 -0.000000
v 0.021146 0.051051 0.016117
vn 0.555570 0.831470 -0.000000
v 0.039073 0.039073 0.016117
vn 0.555570 0.831470 -0.000000
v 0.021146 0.051051 -0.016117
vn 0.195091 0.980785 -0.000000
v 0.000000 0.055258 0.016117
vn 0.195091 0.980785 -0.000000
v 0.021146 0.051051 0.016117
vn 0.195091 0.980785 -0.000000
v 0.000000 0.055258 -0.016117
vn -0.195090 0.980785 -0.000000
v -0.021146 0.051051 0.016117
vn -0.195090 0.980785 -0.000000
v 0.000000 0.055258 0.016117
vn -0.195090 0.980785 -0.000000
v -0.021146 0.051051 -0.016117
vn -0.555570 0.831470 -0.000000
v -0.039073 0.039073 0.016117
vn -0.555570 0.831470 -0.000000
v -0.021146 0.051051 0.016117
vn -0.555570 0.831470 -0.000000
v -0.039073 0.039073 -0.016117
vn -0.831469 0.555571 -0.000000
v -0.051051 0.021146 0.016117
vn -0.831469 0.555571 -0.000000
v -0.039073 0.039073 0.016117
vn -0.831469 0.555571 -0.000000
v -0.051051 0.021146 0.016117
vn -0.980785 0.195090 -0.000000
v -0.055258 0.000000 -0.016117
vn -0.980785 0.195090 -0.000000
v -0.055258 0.000000 0.016117
vn -0.980785 0.195090 -0.000000
v -0.055258 0.000000 -0.016117
vn -0.980785 -0.195090 0.000000
v -0.051051 -0.021146 0.016117
vn -0.980785 -0.195090 0.000000
v -0.055258 0.000000 0.016117
vn -0.980785 -0.195090 0.000000
v -0.051051 -0.021146 0.016117
vn -0.831469 -0.555570 -0.000000
v -0.039073 -0.039073 -0.016117
vn -0.831469 -0.555570 -0.000000
v -0.039073 -0.039073 0.016117
vn -0.831469 -0.555570 -0.000000
v 0.039073 -0.039073 -0.016117
vn 0.000000 0.000000 -1.000000
v -0.039073 -0.039073 -0.016117
vn 0.000000 0.000000 -1.000000
v -0.039073 0.039073 -0.016117
vn 0.000000 0.000000 -1.000000
v -0.039073 -0.039073 0.016117
vn -0.555570 -0.831470 -0.000000
v -0.021146 -0.051051 -0.016117
vn -0.555570 -0.831470 -0.000000
v -0.021146 -0.051051 0.016117
vn -0.555570 -0.831470 -0.000000
v -0.021146 -0.051051 -0.016117
vn -0.195090 -0.980785 -0.000000
v 0.000000 -0.055258 0.016117
vn -0.195090 -0.980785 -0.000000
v -0.021146 -0.051051 0.016117
vn -0.195090 -0.980785 -0.000000
v 0.051051 -0.021146 0.016117
vn 0.000000 0.000000 1.000000
v 0.021146 0.051051 0.016117
vn 0.000000 0.000000 1.000000
v -0.051051 0.021146 0.016117
vn 0.000000 0.000000 1.000000
v 0.000000 -0.055258 0.016117
vn 0.195091 -0.980785 -0.000000
v 0.000000 -0.055258 -0.016117
vn 0.195091 -0.980785 -0.000000
v 0.021146 -0.051051 -0.016117
vn 0.195091 -0.980785 -0.000000
v 0.021146 -0.051051 -0.016117
vn 0.555570 -0.831469 -0.000000
v 0.039073 -0.039073 -0.016117
vn 0.555570 -0.831469 -0.000000
v 0.039073 -0.039073 0.016117
vn 0.555570 -0.831469 -0.000000
v 0.039073 -0.039073 -0.016117
vn 0.831470 -0.555570 -0.000000
v 0.051051 -0.021146 -0.016117
vn 0.831470 -0.555570 -0.000000
v 0.051051 -0.021146 0.016117
vn 0.831470 -0.555570 -0.000000
v 0.051051 -0.021146 -0.016117
vn 0.980785 -0.195090 -0.000000
v 0.055258 0.000000 -0.016117
vn 0.980785 -0.195090 -0.000000
v 0.055258 0.000000 0.016117
vn 0.980785 -0.195090 -0.000000
v 0.055258 0.000000 -0.016117
vn 0.980785 0.195090 -0.000000
v 0.051051 0.021146 -0.016117
vn 0.980785 0.195090 -0.000000
v 0.051051 0.021146 0.016117
vn 0.980785 0.195090 -0.000000
v 0.051051 0.021146 -0.016117
vn 0.831470 0.555570 -0.000000
v 0.039073 0.039073 -0.016117
vn 0.831470 0.555570 -0.000000
v 0.039073 0.039073 0.016117
vn 0.831470 0.555570 -0.000000
v 0.039073 0.039073 -0.016117
vn 0.555570 0.831469 -0.000000
v 0.021146 0.051051 -0.016117
vn 0.555570 0.831469 -0.000000
v 0.021146 0.051051 0.016117
vn 0.555570 0.831469 -0.000000
v 0.021146 0.051051 -0.016117
vn 0.195090 0.980785 -0.000000
v 0.000000 0.055258 -0.016117
vn 0.195090 0.980785 -0.000000
v 0.000000 0.055258 0.016117
vn 0.195090 0.980785 -0.000000
v 0.000000 0.055258 -0.016117
vn -0.195090 0.980785 -0.000000
v -0.021146 0.051051 -0.016117
vn -0.195090 0.980785 -0.000000
v -0.021146 0.051051 0.016117
vn -0.195090 0.980785 -0.000000
v -0.021146 0.051051 -0.016117
vn -0.555570 0.831470 -0.000000
v -0.039073 0.039073 -0.016117
vn -0.555570 0.831470 -0.000000
v -0.039073 0.039073 0.016117
vn -0.555570 0.831470 -0.000000
v -0.039073 0.039073 -0.016117
vn -0.831469 0.555571 -0.000000
v -0.051051 0.021146 -0.016117
vn -0.831469 0.555571 -0.000000
v -0.051051 0.021146 0.016117
vn -0.831469 0.555571 -0.000000
v -0.051051 0.021146 0.016117
vn -0.980785 0.195090 -0.000000
v -0.051051 0.021146 -0.016117
vn -0.980785 0.195090 -0.000000
v -0.055258 0.000000 -0.016117
vn -0.980785 0.195090 -0.000000
v -0.055258 0.000000 -0.016117
vn -0.980785 -0.195090 -0.000000
v -0.051051 -0.021146 -0.016117
vn -0.980785 -0.195090 -0.000000
v -0.051051 -0.021146 0.016117
vn -0.980785 -0.195090 -0.000000
v -0.051051 -0.021146 0.016117
vn -0.831469 -0.555570 -0.000000
v -0.051051 -0.021146 -0.016117
vn -0.831469 -0.555570 -0.000000
v -0.039073 -0.039073 -0.016117
vn -0.831469 -0.555570 -0.000000
v 0.039073 -0.039073 -0.016117
vn 0.000000 -0.000001 -1.000000
v 0.021146 -0.051051 -0.016117
vn 0.000000 -0.000001 -1.000000
v 0.000000 -0.055258 -0.016117
vn 0.000000 -0.000001 -1.000000
v 0.000000 -0.055258 -0.016117
vn 0.000000 0.000000 -1.000000
v -0.021146 -0.051051 -0.016117
vn 0.000000 0.000000 -1.000000
v -0.039073 -0.039073 -0.016117
vn 0.000000 0.000000 -1.000000
v -0.039073 -0.039073 -0.016117
vn 0.000000 0.000000 -1.000000
v -0.051051 -0.021146 -0.016117
vn 0.000000 0.000000 -1.000000
v -0.039073 0.039073 -0.016117
vn 0.000000 0.000000 -1.000000
v -0.051051 -0.021146 -0.016117
vn 0.000000 0.000000 -1.000000
v -0.055258 0.000000 -0.016117
vn 0.000000 0.000000 -1.000000
v -0.039073 0.039073 -0.016117
vn 0.000000 0.000000 -1.000000
v -0.055258 0.000000 -0.016117
vn 0.000000 -0.000000 -1.000000
v -0.051051 0.021146 -0.016117
vn 0.000000 -0.000000 -1.000000
v -0.039073 0.039073 -0.016117
vn 0.000000 -0.000000 -1.000000
v -0.039073 0.039073 -0.016117
vn 0.000000 -0.000000 -1.000000
v -0.021146 0.051051 -0.016117
vn 0.000000 -0.000000 -1.000000
v 0.000000 0.055258 -0.016117
vn 0.000000 -0.000000 -1.000000
v 0.000000 0.055258 -0.016117
vn 0.000000 -0.000000 -1.000000
v 0.021146 0.051051 -0.016117
vn 0.000000 -0.000000 -1.000000
v 0.039073 0.039073 -0.016117
vn 0.000000 -0.000000 -1.000000
v 0.039073 0.039073 -0.016117
vn 0.000000 0.000000 -1.000000
v 0.051051 0.021146 -0.016117
vn 0.000000 0.000000 -1.000000
v 0.055258 0.000000 -0.016117
vn 0.000000 0.000000 -1.000000
v 0.055258 0.000000 -0.016117
vn 0.000000 -0.000000 -1.000000
v 0.051051 -0.021146 -0.016117
vn 0.000000 -0.000000 -1.000000
v 0.039073 -0.039073 -0.016117
vn 0.000000 -0.000000 -1.000000
v 0.039073 -0.039073 -0.016117
vn 0.000000 0.000000 -1.000000
v 0.000000 -0.055258 -0.016117
vn 0.000000 0.000000 -1.000000
v -0.039073 -0.039073 -0.016117
vn 0.000000 0.000000 -1.000000
v -0.039073 0.039073 -0.016117
vn 0.000000 0.000000 -1.000000
v 0.000000 0.055258 -0.016117
vn 0.000000 0.000000 -1.000000
v 0.039073 -0.039073 -0.016117
vn 0.000000 0.000000 -1.000000
v 0.000000 0.055258 -0.016117
vn 0.000000 0.000000 -1.000000
v 0.039073 0.039073 -0.016117
vn 0.000000 0.000000 -1.000000
v 0.039073 -0.039073 -0.016117
vn 0.000000 0.000000 -1.000000
v 0.039073 0.039073 -0.016117
vn 0.000000 0.000000 -1.000000
v 0.055258 0.000000 -0.016117
vn 0.000000 0.000000 -1.000000
v 0.039073 -0.039073 -0.016117
vn 0.000000 0.000000 -1.000000
v -0.039073 -0.039073 0.016117
vn -0.555570 -0.831470 -0.000000
v -0.039073 -0.039073 -0.016117
vn -0.555570 -0.831470 -0.000000
v -0.021146 -0.051051 -0.016117
vn -0.555570 -0.831470 -0.000000
v -0.021146 -0.051051 -0.016117
vn -0.195090 -0.980785 -0.000000
v 0.000000 -0.055258 -0.016117
vn -0.195090 -0.980785 -0.000000
v 0.000000 -0.055258 0.016117
vn -0.195090 -0.980785 -0.000000
v -0.021146 -0.051051 0.016117
vn 0.000000 0.000000 1.000000
v 0.000000 -0.055258 0.016117
vn 0.000000 0.000000 1.000000
v 0.021146 -0.051051 0.016117
vn 0.000000 0.000000 1.000000
v 0.021146 -0.051051 0.016117
vn 0.000000 0.000000 1.000000
v 0.039073 -0.039073 0.016117
vn 0.000000 0.000000 1.000000
v -0.021146 -0.051051 0.016117
vn 0.000000 0.000000 1.000000
v 0.039073 -0.039073 0.016117
vn 0.000000 0.000000 1.000000
v 0.051051 -0.021146 0.016117
vn 0.000000 0.000000 1.000000
v -0.021146 -0.051051 0.016117
vn 0.000000 0.000000 1.000000
v 0.051051 -0.021146 0.016117
vn 0.000000 0.000000 1.000000
v 0.055258 0.000000 0.016117
vn 0.000000 0.000000 1.000000
v 0.021146 0.051051 0.016117
vn 0.000000 0.000000 1.000000
v 0.055258 0.000000 0.016117
vn -0.000000 0.000000 1.000000
v 0.051051 0.021146 0.016117
vn -0.000000 0.000000 1.000000
v 0.021146 0.051051 0.016117
vn -0.000000 0.000000 1.000000
v 0.051051 0.021146 0.016117
vn 0.000000 0.000000 1.000000
v 0.039073 0.039073 0.016117
vn 0.000000 0.000000 1.000000
v 0.021146 0.051051 0.016117
vn 0.000000 0.000000 1.000000
v 0.021146 0.051051 0.016117
vn 0.000000 0.000000 1.000000
v 0.000000 0.055258 0.016117
vn 0.000000 0.000000 1.000000
v -0.051051 0.021146 0.016117
vn 0.000000 0.000000 1.000000
v 0.000000 0.055258 0.016117
vn 0.000000 0.000000 1.000000
v -0.021146 0.051051 0.016117
vn 0.000000 0.000000 1.000000
v -0.051051 0.021146 0.016117
vn 0.000000 0.000000 1.000000
v -0.021146 0.051051 0.016117
vn 0.000000 0.000000 1.000000
v -0.039073 0.039073 0.016117
vn 0.000000 0.000000 1.000000
v -0.051051 0.021146 0.016117
vn 0.000000 0.000000 1.000000
v -0.051051 0.021146 0.016117
vn 0.000000 0.000000 1.000000
v -0.055258 0.000000 0.016117
vn 0.000000 0.000000 1.000000
v -0.021146 -0.051051 0.016117
vn 0.000000 0.000000 1.000000
v -0.055258 0.000000 0.016117
vn -0.000000 0.000000 1.000000
v -0.051051 -0.021146 0.016117
vn -0.000000 0.000000 1.000000
v -0.021146 -0.051051 0.016117
vn -0.000000 0.000000 1.000000
v -0.051051 -0.021146 0.016117
vn 0.000000 0.000000 1.000000
v -0.039073 -0.039073 0.016117
vn 0.000000 0.000000 1.000000
v -0.021146 -0.051051 0.016117
vn 0.000000 0.000000 1.000000
v -0.021146 -0.051051 0.016117
vn 0.000000 0.000000 1.000000
v 0.051051 -0.021146 0.016117
vn 0.000000 0.000000 1.000000
v -0.051051 0.021146 0.016117
vn 0.000000 0.000000 1.000000
v 0.174185 -0.145154 -0.430000
vn 0.000000 0.000000 -1.000000
v -0.174185 0.145154 -0.430000
vn 0.000000 0.000000 -1.000000
v 0.174185 0.145154 -0.430000
vn 0.000000 0.000000 -1.000000
v -0.174185 0.145154 0.035865
vn 0.000000 0.000000 -1.000000
v 0.174185 0.004846 0.035865
vn 0.000000 0.000000 -1.000000
v -0.174185 0.004846 0.035865
vn 0.000000 0.000000 -1.000000
v -0.174185 -0.150000 -0.416108
vn 0.000000 -1.000000 -0.000000
v 0.174185 -0.150000 0.416108
vn 0.000000 -1.000000 -0.000000
v -0.174185 -0.150000 0.416108
vn 0.000000 -1.000000 -0.000000
v -0.180000 -0.004846 0.049757
vn -1.000000 0.000000 -0.000000
v -0.180000 -0.004846 -0.312290
vn -1.000000 0.000000 -0.000000
v -0.180000 -0.145154 -0.416108
vn -1.000000 0.000000 -0.000000
v 0.180000 -0.145154 0.416108
vn 1.000000 0.000000 -0.000000
v 0.180000 -0.145154 -0.416108
vn 1.000000 0.000000 -0.000000
v 0.180000 -0.004846 0.049757
vn 1.000000 0.000000 -0.000000
v 0.174185 0.150000 -0.416108
vn 0.000000 1.000000 -0.000000
v -0.174185 0.150000 -0.312290
vn 0.000000 1.000000 -0.000000
v 0.174185 0.150000 -0.312290
vn 0.000000 1.000000 -0.000000
v 0.174185 0.150000 0.416108
vn 0.000000 1.000000 -0.000000
v -0.174185 0.150000 0.049757
vn 0.000000 1.000000 -0.000000
v -0.174185 0.150000 0.416108
vn 0.000000 1.000000 -0.000000
v 0.174185 0.000000 0.021973
vn 0.000000 1.000000 -0.000000
v -0.174185 0.000000 -0.284506
vn 0.000000 1.000000 -0.000000
v -0.174185 0.000000 0.021973
vn 0.000000 1.000000 -0.000000
v -0.174185 0.145154 -0.298398
vn 0.000000 0.000000 1.000000
v 0.174185 0.004846 -0.298398
vn 0.000000 0.000000 1.000000
v 0.174185 0.145154 -0.298398
vn 0.000000 0.000000 1.000000
v -0.174185 -0.150000 0.416108
vn -0.618366 -0.742037 0.258852
v -0.174185 -0.145154 0.430000
vn -0.618366 -0.742037 0.258852
v -0.180000 -0.145154 0.416108
vn -0.618366 -0.742037 0.258852
v -0.174185 -0.150000 -0.416108
vn -0.618366 -0.742038 -0.258851
v -0.180000 -0.145154 -0.416108
vn -0.618366 -0.742038 -0.258851
v -0.174185 -0.145154 -0.430000
vn -0.618366 -0.742038 -0.258851
v 0.174185 -0.150000 0.416108
vn 0.618366 -0.742038 0.258851
v 0.180000 -0.145154 0.416108
vn 0.618366 -0.742038 0.258851
v 0.174185 -0.145154 0.430000
vn 0.618366 -0.742038 0.258851
v 0.174185 -0.150000 -0.416108
vn 0.618366 -0.742038 -0.258851
v 0.174185 -0.145154 -0.430000
vn 0.618366 -0.742038 -0.258851
v 0.180000 -0.145154 -0.416108
vn 0.618366 -0.742038 -0.258851
v -0.174185 0.145154 0.430000
vn -0.618366 0.742038 0.258851
v -0.174185 0.150000 0.416108
vn -0.618366 0.742038 0.258851
v -0.180000 0.145154 0.416108
vn -0.618366 0.742038 0.258851
v -0.174185 0.150000 -0.416108
vn -0.618366 0.742038 -0.258851
v -0.174185 0.145154 -0.430000
vn -0.618366 0.742038 -0.258851
v -0.180000 0.145154 -0.416108
vn -0.618366 0.742038 -0.258851
v 0.174185 0.145154 0.430000
vn 0.618366 0.742038 0.258851
v 0.180000 0.145154 0.416108
vn 0.618366 0.742038 0.258851
v 0.174185 0.150000 0.416108
vn 0.618366 0.742038 0.258851
v 0.180000 0.145154 -0.416108
vn 0.618366 0.742037 -0.258852
v 0.174185 0.145154 -0.430000
vn 0.618366 0.742037 -0.258852
v 0.174185 0.150000 -0.416108
vn 0.618366 0.742037 -0.258852
v 0.180000 0.145154 0.049757
vn 0.618366 0.742038 -0.258850
v 0.174185 0.145154 0.035865
vn 0.618366 0.742038 -0.258850
v 0.174185 0.150000 0.049757
vn 0.618366 0.742038 -0.258850
v -0.180000 0.145154 0.049757
vn -0.618366 0.742038 -0.258850
v -0.174185 0.150000 0.049757
vn -0.618366 0.742038 -0.258850
v -0.174185 0.145154 0.035865
vn -0.618366 0.742038 -0.258850
v 0.180000 0.145154 -0.312290
vn 0.618367 0.742036 0.258853
v 0.174185 0.150000 -0.312290
vn 0.618367 0.742036 0.258853
v 0.174185 0.145154 -0.298398
vn 0.618367 0.742036 0.258853
v -0.180000 0.145154 -0.312290
vn -0.618367 0.742036 0.258852
v -0.174185 0.145154 -0.298398
vn -0.618367 0.742036 0.258852
v -0.174185 0.150000 -0.312290
vn -0.618367 0.742036 0.258852
v 0.174185 0.004846 0.035865
vn 0.920782 0.368313 -0.128480
v 0.180000 -0.004846 0.049757
vn 0.920782 0.368313 -0.128480
v 0.174185 0.000000 0.021973
vn 0.920782 0.368313 -0.128480
v 0.174185 0.004846 -0.298398
vn 0.920782 0.368313 0.128479
v 0.174185 0.000000 -0.284506
vn 0.920782 0.368313 0.128479
v 0.180000 -0.004846 -0.312290
vn 0.920782 0.368313 0.128479
v -0.180000 -0.004846 0.049757
vn -0.920781 0.368313 -0.128482
v -0.174185 0.004846 0.035865
vn -0.920781 0.368313 -0.128482
v -0.174185 0.000000 0.021973
vn -0.920781 0.368313 -0.128482
v -0.174185 0.000000 -0.284506
vn -0.920781 0.368313 0.128481
v -0.174185 0.004846 -0.298398
vn -0.920781 0.368313 0.128481
v -0.180000 -0.004846 -0.312290
vn -0.920781 0.368313 0.128481
v -0.174185 -0.145154 0.430000
vn 0.000000 -0.944201 0.329371
v 0.174185 -0.150000 0.416108
vn 0.000000 -0.944201 0.329371
v 0.174185 -0.145154 0.430000
vn 0.000000 -0.944201 0.329371
v 0.174185 -0.145154 -0.430000
vn 0.000000 -0.944201 -0.329371
v -0.174185 -0.150000 -0.416108
vn 0.000000 -0.944201 -0.329371
v -0.174185 -0.145154 -0.430000
vn 0.000000 -0.944201 -0.329371
v 0.174185 -0.145154 0.430000
vn 0.922441 0.000000 0.386138
v 0.180000 0.145154 0.416108
vn 0.922441 0.000000 0.386138
v 0.174185 0.145154 0.430000
vn 0.922441 0.000000 0.386138
v 0.174185 0.145154 -0.430000
vn 0.922442 0.000000 -0.386137
v 0.180000 -0.145154 -0.416108
vn 0.922442 0.000000 -0.386137
v 0.174185 -0.145154 -0.430000
vn 0.922442 0.000000 -0.386137
v 0.174185 0.150000 0.416108
vn 0.640185 0.768221 -0.000000
v 0.180000 0.145154 0.049757
vn 0.640185 0.768221 -0.000000
v 0.174185 0.150000 0.049757
vn 0.640185 0.768221 -0.000000
v 0.174185 0.145154 0.430000
vn 0.000000 0.944201 0.329371
v -0.174185 0.150000 0.416108
vn 0.000000 0.944201 0.329371
v -0.174185 0.145154 0.430000
vn 0.000000 0.944201 0.329371
v -0.174185 0.145154 -0.430000
vn 0.000000 0.944201 -0.329371
v 0.174185 0.150000 -0.416108
vn 0.000000 0.944201 -0.329371
v 0.174185 0.145154 -0.430000
vn 0.000000 0.944201 -0.329371
v -0.180000 0.145154 0.416108
vn -0.640184 0.768222 -0.000000
v -0.174185 0.150000 0.049757
vn -0.640184 0.768222 -0.000000
v -0.180000 0.145154 0.049757
vn -0.640184 0.768222 -0.000000
v -0.174185 0.145154 0.430000
vn -0.922442 0.000000 0.386137
v -0.180000 -0.145154 0.416108
vn -0.922442 0.000000 0.386137
v -0.174185 -0.145154 0.430000
vn -0.922442 0.000000 0.386137
v -0.174185 -0.145154 -0.430000
vn -0.922441 0.000000 -0.386138
v -0.180000 0.145154 -0.416108
vn -0.922441 0.000000 -0.386138
v -0.174185 0.145154 -0.430000
vn -0.922441 0.000000 -0.386138
v 0.174185 0.145154 0.035865
vn 0.000000 0.944200 -0.329373
v -0.174185 0.150000 0.049757
vn 0.000000 0.944200 -0.329373
v 0.174185 0.150000 0.049757
vn 0.000000 0.944200 -0.329373
v 0.174185 0.004846 0.035865
vn 0.922442 0.000000 -0.386136
v 0.180000 0.145154 0.049757
vn 0.922442 0.000000 -0.386136
v 0.180000 -0.004846 0.049757
vn 0.922442 0.000000 -0.386136
v 0.174185 0.150000 -0.312290
vn 0.640185 0.768221 -0.000000
v 0.180000 0.145154 -0.416108
vn 0.640185 0.768221 -0.000000
v 0.174185 0.150000 -0.416108
vn 0.640185 0.768221 -0.000000
v -0.180000 0.145154 -0.312290
vn -0.640185 0.768221 -0.000000
v -0.174185 0.150000 -0.416108
vn -0.640185 0.768221 -0.000000
v -0.180000 0.145154 -0.416108
vn -0.640185 0.768221 -0.000000
v -0.174185 0.150000 -0.312290
vn 0.000000 0.944200 0.329373
v 0.174185 0.145154 -0.298398
vn 0.000000 0.944200 0.329373
v 0.174185 0.150000 -0.312290
vn 0.000000 0.944200 0.329373
v 0.180000 0.145154 -0.312290
vn 0.922440 0.000000 0.386139
v 0.174185 0.004846 -0.298398
vn 0.922440 0.000000 0.386139
v 0.180000 -0.004846 -0.312290
vn 0.922440 0.000000 0.386139
v 0.180000 -0.145154 0.416108
vn 0.640186 -0.768220 -0.000000
v 0.174185 -0.150000 -0.416108
vn 0.640186 -0.768220 -0.000000
v 0.180000 -0.145154 -0.416108
vn 0.640186 -0.768220 -0.000000
v 0.174185 0.000000 -0.284506
vn 0.640185 0.768221 -0.000000
v 0.180000 -0.004846 0.049757
vn 0.640185 0.768221 -0.000000
v 0.180000 -0.004846 -0.312290
vn 0.640185 0.768221 -0.000000
v -0.174185 0.004846 -0.298398
vn 0.000000 0.944201 0.329371
v 0.174185 0.000000 -0.284506
vn 0.000000 0.944201 0.329371
v 0.174185 0.004846 -0.298398
vn 0.000000 0.944201 0.329371
v -0.174185 0.004846 0.035865
vn -0.922440 0.000000 -0.386139
v -0.180000 0.145154 0.049757
vn -0.922440 0.000000 -0.386139
v -0.174185 0.145154 0.035865
vn -0.922440 0.000000 -0.386139
v -0.180000 -0.145154 -0.416108
vn -0.640186 -0.768220 -0.000000
v -0.174185 -0.150000 0.416108
vn -0.640186 -0.768220 -0.000000
v -0.180000 -0.145154 0.416108
vn -0.640186 -0.768220 -0.000000
v -0.180000 0.145154 -0.312290
vn -0.922441 0.000000 0.386137
v -0.174185 0.004846 -0.298398
vn -0.922441 0.000000 0.386137
v -0.174185 0.145154 -0.298398
vn -0.922441 0.000000 0.386137
v 0.174185 0.000000 0.021973
vn 0.000000 0.944200 -0.329372
v -0.174185 0.004846 0.035865
vn 0.000000 0.944200 -0.329372
v 0.174185 0.004846 0.035865
vn 0.000000 0.944200 -0.329372
v -0.180000 -0.004846 0.049757
vn -0.640184 0.768221 -0.000000
v -0.174185 0.000000 -0.284506
vn -0.640184 0.768221 -0.000000
v -0.180000 -0.004846 -0.312290
vn -0.640184 0.768221 -0.000000
v 0.174185 -0.145154 0.430000
vn 0.000000 0.000000 1.000000
v -0.174185 0.145154 0.430000
vn 0.000000 0.000000 1.000000
v -0.174185 -0.145154 0.430000
vn 0.000000 0.000000 1.000000
v 0.174185 -0.145154 -0.430000
vn 0.000000 0.000000 -1.000000
v -0.174185 -0.145154 -0.430000
vn 0.000000 0.000000 -1.000000
v -0.174185 0.145154 -0.430000
vn 0.000000 0.000000 -1.000000
v -0.174185 0.145154 0.035865
vn 0.000000 0.000000 -1.000000
v 0.174185 0.145154 0.035865
vn 0.000000 0.000000 -1.000000
v 0.174185 0.004846 0.035865
vn 0.000000 0.000000 -1.000000
v -0.174185 -0.150000 -0.416108
vn 0.000000 -1.000000 -0.000000
v 0.174185 -0.150000 -0.416108
vn 0.000000 -1.000000 -0.000000
v 0.174185 -0.150000 0.416108
vn 0.000000 -1.000000 -0.000000
v -0.180000 -0.004846 -0.312290
vn -1.000000 0.000000 -0.000000
v -0.180000 0.145154 -0.312290
vn -1.000000 0.000000 -0.000000
v -0.180000 0.145154 -0.416108
vn -1.000000 0.000000 -0.000000
v -0.180000 -0.145154 0.416108
vn -1.000000 0.000000 -0.000000
v -0.180000 0.145154 0.416108
vn -1.000000 0.000000 -0.000000
v -0.180000 -0.004846 0.049757
vn -1.000000 0.000000 -0.000000
v -0.180000 0.145154 0.416108
vn -1.000000 0.000000 -0.000000
v -0.180000 0.145154 0.049757
vn -1.000000 0.000000 -0.000000
v -0.180000 -0.004846 0.049757
vn -1.000000 0.000000 -0.000000
v -0.180000 -0.004846 -0.312290
vn -1.000000 0.000000 -0.000000
v -0.180000 0.145154 -0.416108
vn -1.000000 0.000000 -0.000000
v -0.180000 -0.145154 -0.416108
vn -1.000000 0.000000 -0.000000
v -0.180000 -0.145154 0.416108
vn -1.000000 0.000000 -0.000000
v -0.180000 -0.004846 0.049757
vn -1.000000 0.000000 -0.000000
v -0.180000 -0.145154 -0.416108
vn -1.000000 0.000000 -0.000000
v 0.180000 -0.145154 -0.416108
vn 1.000000 0.000000 -0.000000
v 0.180000 0.145154 -0.416108
vn 1.000000 0.000000 -0.000000
v 0.180000 -0.004846 -0.312290
vn 1.000000 0.000000 -0.000000
v 0.180000 0.145154 -0.416108
vn 1.000000 0.000000 -0.000000
v 0.180000 0.145154 -0.312290
vn 1.000000 0.000000 -0.000000
v 0.180000 -0.004846 -0.312290
vn 1.000000 0.000000 -0.000000
v 0.180000 0.145154 0.049757
vn 1.000000 0.000000 -0.000000
v 0.180000 0.145154 0.416108
vn 1.000000 0.000000 -0.000000
v 0.180000 -0.004846 0.049757
vn 1.000000 0.000000 -0.000000
v 0.180000 0.145154 0.416108
vn 1.000000 0.000000 -0.000000
v 0.180000 -0.145154 0.416108
vn 1.000000 0.000000 -0.000000
v 0.180000 -0.004846 0.049757
vn 1.000000 0.000000 -0.000000
v 0.180000 -0.145154 -0.416108
vn 1.000000 -0.000000 -0.000000
v 0.180000 -0.004846 -0.312290
vn 1.000000 -0.000000 -0.000000
v 0.180000 -0.004846 0.049757
vn 1.000000 -0.000000 -0.000000
v 0.174185 0.150000 -0.416108
vn 0.000000 1.000000 -0.000000
v -0.174185 0.150000 -0.416108
vn 0.000000 1.000000 -0.000000
v -0.174185 0.150000 -0.312290
vn 0.000000 1.000000 -0.000000
v 0.174185 0.150000 0.416108
vn 0.000000 1.000000 -0.000000
v 0.174185 0.150000 0.049757
vn 0.000000 1.000000 -0.000000
v -0.174185 0.150000 0.049757
vn 0.000000 1.000000 -0.000000
v 0.174185 0.000000 0.021973
vn 0.000000 1.000000 -0.000000
v 0.174185 0.000000 -0.284506
vn 0.000000 1.000000 -0.000000
v -0.174185 0.000000 -0.284506
vn 0.000000 1.000000 -0.000000
v -0.174185 0.145154 -0.298398
vn 0.000000 -0.000000 1.000000
v -0.174185 0.004846 -0.298398
vn 0.000000 -0.000000 1.000000
v 0.174185 0.004846 -0.298398
vn 0.000000 -0.000000 1.000000
v -0.174185 -0.145154 0.430000
vn 0.000000 -0.944200 0.329374
v -0.174185 -0.150000 0.416108
vn 0.000000 -0.944200 0.329374
v 0.174185 -0.150000 0.416108
vn 0.000000 -0.944200 0.329374
v 0.174185 -0.145154 -0.430000
vn 0.000000 -0.944200 -0.329374
v 0.174185 -0.150000 -0.416108
vn 0.000000 -0.944200 -0.329374
v -0.174185 -0.150000 -0.416108
vn 0.000000 -0.944200 -0.329374
v 0.174185 -0.145154 0.430000
vn 0.922441 0.000000 0.386138
v 0.180000 -0.145154 0.416108
vn 0.922441 0.000000 0.386138
v 0.180000 0.145154 0.416108
vn 0.922441 0.000000 0.386138
v 0.174185 0.145154 -0.430000
vn 0.922441 0.000000 -0.386138
v 0.180000 0.145154 -0.416108
vn 0.922441 0.000000 -0.386138
v 0.180000 -0.145154 -0.416108
vn 0.922441 0.000000 -0.386138
v 0.174185 0.150000 0.416108
vn 0.640184 0.768222 -0.000000
v 0.180000 0.145154 0.416108
vn 0.640184 0.768222 -0.000000
v 0.180000 0.145154 0.049757
vn 0.640184 0.768222 -0.000000
v 0.174185 0.145154 0.430000
vn 0.000000 0.944200 0.329374
v 0.174185 0.150000 0.416108
vn 0.000000 0.944200 0.329374
v -0.174185 0.150000 0.416108
vn 0.000000 0.944200 0.329374
v -0.174185 0.145154 -0.430000
vn 0.000000 0.944200 -0.329374
v -0.174185 0.150000 -0.416108
vn 0.000000 0.944200 -0.329374
v 0.174185 0.150000 -0.416108
vn 0.000000 0.944200 -0.329374
v -0.180000 0.145154 0.416108
vn -0.640185 0.768221 -0.000000
v -0.174185 0.150000 0.416108
vn -0.640185 0.768221 -0.000000
v -0.174185 0.150000 0.049757
vn -0.640185 0.768221 -0.000000
v -0.174185 0.145154 0.430000
vn -0.922441 0.000000 0.386138
v -0.180000 0.145154 0.416108
vn -0.922441 0.000000 0.386138
v -0.180000 -0.145154 0.416108
vn -0.922441 0.000000 0.386138
v -0.174185 -0.145154 -0.430000
vn -0.922441 0.000000 -0.386138
v -0.180000 -0.145154 -0.416108
vn -0.922441 0.000000 -0.386138
v -0.180000 0.145154 -0.416108
vn -0.922441 0.000000 -0.386138
v 0.174185 0.145154 0.035865
vn 0.000000 0.944200 -0.329373
v -0.174185 0.145154 0.035865
vn 0.000000 0.944200 -0.329373
v -0.174185 0.150000 0.049757
vn 0.000000 0.944200 -0.329373
v 0.174185 0.004846 0.035865
vn 0.922441 0.000000 -0.386138
v 0.174185 0.145154 0.035865
vn 0.922441 0.000000 -0.386138
v 0.180000 0.145154 0.049757
vn 0.922441 0.000000 -0.386138
v 0.174185 0.150000 -0.312290
vn 0.640185 0.768221 -0.000000
v 0.180000 0.145154 -0.312290
vn 0.640185 0.768221 -0.000000
v 0.180000 0.145154 -0.416108
vn 0.640185 0.768221 -0.000000
v -0.180000 0.145154 -0.312290
vn -0.640186 0.768220 -0.000000
v -0.174185 0.150000 -0.312290
vn -0.640186 0.768220 -0.000000
v -0.174185 0.150000 -0.416108
vn -0.640186 0.768220 -0.000000
v -0.174185 0.150000 -0.312290
vn 0.000000 0.944200 0.329372
v -0.174185 0.145154 -0.298398
vn 0.000000 0.944200 0.329372
v 0.174185 0.145154 -0.298398
vn 0.000000 0.944200 0.329372
v 0.180000 0.145154 -0.312290
vn 0.922441 0.000000 0.386139
v 0.174185 0.145154 -0.298398
vn 0.922441 0.000000 0.386139
v 0.174185 0.004846 -0.298398
vn 0.922441 0.000000 0.386139
v 0.180000 -0.145154 0.416108
vn 0.640184 -0.768221 -0.000000
v 0.174185 -0.150000 0.416108
vn 0.640184 -0.768221 -0.000000
v 0.174185 -0.150000 -0.416108
vn 0.640184 -0.768221 -0.000000
v 0.174185 0.000000 -0.284506
vn 0.640184 0.768221 -0.000000
v 0.174185 0.000000 0.021973
vn 0.640184 0.768221 -0.000000
v 0.180000 -0.004846 0.049757
vn 0.640184 0.768221 -0.000000
v -0.174185 0.004846 -0.298398
vn 0.000000 0.944200 0.329373
v -0.174185 0.000000 -0.284506
vn 0.000000 0.944200 0.329373
v 0.174185 0.000000 -0.284506
vn 0.000000 0.944200 0.329373
v -0.174185 0.004846 0.035865
vn -0.922441 0.000000 -0.386139
v -0.180000 -0.004846 0.049757
vn -0.922441 0.000000 -0.386139
v -0.180000 0.145154 0.049757
vn -0.922441 0.000000 -0.386139
v -0.180000 -0.145154 -0.416108
vn -0.640184 -0.768221 -0.000000
v -0.174185 -0.150000 -0.416108
vn -0.640184 -0.768221 -0.000000
v -0.174185 -0.150000 0.416108
vn -0.640184 -0.768221 -0.000000
v -0.180000 0.145154 -0.312290
vn -0.922442 0.000000 0.386136
v -0.180000 -0.004846 -0.312290
vn -0.922442 0.000000 0.386136
v -0.174185 0.004846 -0.298398
vn -0.922442 0.000000 0.386136
v 0.174185 0.000000 0.021973
vn 0.000000 0.944200 -0.329372
v -0.174185 0.000000 0.021973
vn 0.000000 0.944200 -0.329372
v -0.174185 0.004846 0.035865
vn 0.000000 0.944200 -0.329372
v -0.180000 -0.004846 0.049757
vn -0.640185 0.768221 -0.000000
v -0.174185 0.000000 0.021973
vn -0.640185 0.768221 -0.000000
v -0.174185 0.000000 -0.284506
vn -0.640185 0.768221 -0.000000
v 0.174185 -0.145154 0.430000
vn 0.000000 0.000000 1.000000
v 0.174185 0.145154 0.430000
vn 0.000000 0.000000 1.000000
v -0.174185 0.145154 0.430000
vn 0.000000 0.000000 1.000000
f 1//1 2//2 3//3
f 4//4 5//5 6//6
f 7//7 8//8 9//9
f 10//10 11//11 12//12
f 13//13 14//14 15//15
f 16//16 17//17 18//18
f 19//19 20//20 21//21
f 22//22 23//23 24//24
f 25//25 26//26 27//27
f 28//28 29//29 30//30
f 31//31 32//32 33//33
f 34//34 35//35 36//36
f 37//37 38//38 39//39
f 40//40 41//41 42//42
f 43//43 44//44 45//45
f 46//46 47//47 48//48
f 49//49 50//50 51//51
f 52//52 53//53 54//54
f 55//55 56//56 57//57
f 58//58 59//59 60//60
f 61//61 62//62 63//63
f 64//64 65//65 66//66
f 67//67 68//68 69//69
f 70//70 71//71 72//72
f 73//73 74//74 75//75
f 76//76 77//77 78//78
f 79//79 80//80 81//81
f 82//82 83//83 84//84
f 85//85 86//86 87//87
f 88//88 89//89 90//90
f 91//91 92//92 93//93
f 94//94 95//95 96//96
f 97//97 98//98 99//99
f 100//100 101//101 102//102
f 103//103 104//104 105//105
f 106//106 107//107 108//108
f 109//109 110//110 111//111
f 112//112 113//113 114//114
f 115//115 116//116 117//117
f 118//118 119//119 120//120
f 121//121 122//122 123//123
f 124//124 125//125 126//126
f 127//127 128//128 129//129
f 130//130 131//131 132//132
f 133//133 134//134 135//135
f 136//136 137//137 138//138
f 139//139 140//140 141//141
f 142//142 143//143 144//144
f 145//145 146//146 147//147
f 148//148 149//149 150//150
f 151//151 152//152 153//153
f 154//154 155//155 156//156
f 157//157 158//158 159//159
f 160//160 161//161 162//162
f 163//163 164//164 165//165
f 166//166 167//167 168//168
f 169//169 170//170 171//171
f 172//172 173//173 174//174
f 175//175 176//176 177//177
f 178//178 179//179 180//180
f 181//181 182//182 183//183
f 184//184 185//185 186//186
f 187//187 188//188 185//185
f 189//189 190//190 191//191
f 192//192 193//193 194//194
f 195//195 196//196 193//193
f 197//197 198//198 199//199
f 200//200 201//201 202//202
f 203//203 204//204 205//205
f 206//206 207//207 208//208
f 209//209 210//210 211//211
f 212//212 213//213 214//214
f 215//215 216//216 217//217
f 218//218 219//219 220//220
f 221//221 222//222 223//223
f 224//224 225//225 226//226
f 227//227 228//228 229//229
f 230//230 231//231 232//232
f 233//233 234//234 235//235
f 236//236 237//237 238//238
f 239//239 240//240 241//241
f 242//242 243//243 244//244
f 245//245 246//246 247//247
f 248//248 249//249 250//250
f 251//251 252//252 253//253
f 254//254 255//255 256//256
f 257//257 258//258 259//259
f 260//260 261//261 262//262
f 263//263 264//264 265//265
f 266//266 267//267 268//268
f 269//269 270//270 271//271
f 272//272 273//273 274//274
f 275//275 276//276 277//277
f 278//278 279//279 260//260
f 280//280 281//281 282//282
f 283//283 284//284 285//285
f 286//286 287//287 288//288
f 289//289 290//290 291//291
f 292//292 293//293 294//294
f 295//295 296//296 297//297
f 298//298 299//299 300//300
f 301//301 302//302 303//303
f 304//304 305//305 306//306
f 307//307 308//308 309//309
f 310//310 311//311 312//312
f 313//313 314//314 315//315
f 316//316 317//317 318//318
f 319//319 320//320 321//321
f 322//322 323//323 324//324
f 325//325 326//326 327//327
f 328//328 329//329 330//330
f 331//331 332//332 333//333
f 334//334 335//335 336//336
f 337//337 338//338 339//339
f 340//340 341//341 342//342
f 343//343 344//344 345//345
f 346//346 347//347 348//348
f 349//349 350//350 351//351
f 352//352 353//353 354//354
f 355//355 356//356 357//357
f 358//358 359//359 360//360
f 361//361 362//362 363//363
f 364//364 365//365 366//366
f 367//367 368//368 369//369
f 370//370 371//371 372//372
f 373//373 374//374 375//375
f 376//376 377//377 378//378
f 379//379 380//380 381//381
f 382//382 383//383 384//384
f 385//385 386//386 387//387
f 388//388 389//389 390//390
f 391//391 392//392 393//393
f 394//394 395//395 396//396
f 397//397 398//398 399//399
f 400//400 401//401 402//402
f 403//403 404//404 405//405
f 406//406 407//407 408//408
f 409//409 410//410 411//411
f 412//412 413//413 414//414
f 415//415 416//416 417//417
f 418//418 419//419 420//420
f 421//421 422//422 423//423
f 424//424 425//425 426//426
f 427//427 428//428 429//429
f 430//430 431//431 432//432
f 433//433 434//434 435//435
f 436//436 437//437 438//438
f 439//439 440//440 441//441
f 442//442 443//443 444//444
f 445//445 446//446 447//447
f 448//448 449//449 450//450
f 451//451 452//452 453//453
f 454//454 455//455 456//456
f 457//457 458//458 459//459
f 460//460 461//461 462//462
f 463//463 464//464 465//465
f 466//466 467//467 468//468
f 469//469 470//470 471//471
f 472//472 473//473 474//474
f 475//475 476//476 477//477
f 478//478 479//479 480//480
f 481//481 482//482 483//483
f 484//484 485//485 486//486
f 487//487 488//488 489//489
f 490//490 491//491 492//492
f 493//493 494//494 495//495
f 496//496 497//497 498//498
f 499//499 500//500 501//501
f 502//502 503//503 504//504
f 505//505 506//506 507//507
f 508//508 509//509 510//510
f 511//511 512//512 513//513
f 514//514 515//515 516//516
f 517//517 518//518 519//519
f 520//520 521//521 522//522
f 523//523 524//524 525//525
f 526//526 527//527 528//528
f 529//529 530//530 531//531
f 532//532 533//533 534//534
f 535//535 536//536 537//537
f 538//538 539//539 540//540
f 541//541 542//542 543//543
f 544//544 545//545 546//546
f 547//547 548//548 549//549
f 550//550 551//551 552//552
f 553//553 554//554 555//555
f 556//556 557//557 558//558
f 559//559 560//560 561//561
f 562//562 563//563 564//564
f 565//565 566//566 567//567
f 568//568 569//569 570//570
f 571//571 572//572 573//573
f 574//574 575//575 576//576
f 577//577 578//578 579//579
f 580//580 581//581 582//582
f 583//583 584//584 585//585
f 586//586 587//587 588//588
f 589//589 590//590 591//591
f 592//592 593//593 594//594
f 595//595 596//596 597//597
f 598//598 599//599 600//600
f 601//601 602//602 603//603
f 604//604 605//605 606//606
f 607//607 608//608 609//609
f 610//610 611//611 612//612
f 613//613 614//614 615//615
f 616//616 617//617 618//618
f 619//619 620//620 621//621
f 622//622 623//623 624//624
f 625//625 626//626 627//627
f 628//628 629//629 630//630
f 631//631 632//632 614//614
f 633//633 634//634 635//635
f 636//636 637//637 638//638
f 639//639 640//640 641//641
f 642//642 643//643 644//644
f 645//645 646//646 647//647
f 648//648 649//649 650//650
f 651//651 652//652 653//653
f 654//654 655//655 656//656
f 657//657 658//658 659//659
f 660//660 661//661 662//662
f 663//663 664//664 665//665
f 666//666 667//667 668//668
f 669//669 670//670 671//671
f 672//672 673//673 674//674
f 675//675 676//676 677//677
f 678//678 679//679 680//680
f 681//681 682//682 683//683
f 684//684 685//685 686//686
f 687//687 688//688 689//689
f 690//690 691//691 692//692
f 693//693 694//694 695//695
f 696//696 697//697 698//698
f 699//699 700//700 701//701
f 702//702 703//703 704//704
f 705//705 706//706 707//707
f 708//708 709//709 710//710
f 711//711 712//712 713//713
f 714//714 715//715 716//716
f 717//717 718//718 719//719
f 720//720 721//721 722//722
f 723//723 724//724 725//725
f 726//726 727//727 728//728
f 729//729 730//730 731//731
f 732//732 733//733 734//734
f 735//735 736//736 737//737
f 738//738 739//739 740//740
f 741//741 742//742 743//743
f 744//744 745//745 746//746
f 747//747 748//748 749//749
f 750//750 751//751 752//752
f 753//753 754//754 755//755
f 756//756 757//757 758//758
f 759//759 760//760 761//761
f 756//756 758//758 762//762
f 763//763 764//764 765//765
f 766//766 767//767 768//768
f 769//769 770//770 771//771
f 166//166 772//772 167//167
f 773//773 774//774 772//772
f 775//775 776//776 777//777
f 778//778 779//779 780//780
f 781//781 782//782 779//779
f 783//783 784//784 785//785
f 786//786 787//787 788//788
f 789//789 790//790 791//791
f 792//792 793//793 794//794
f 795//795 796//796 797//797
f 798//798 799//799 800//800
f 801//801 166//166 168//168
f 802//802 803//803 804//804
f 805//805 806//806 807//807
f 808//808 809//809 192//192
f 809//809 810//810 195//195
f 810//810 811//811 801//801
f 812//812 813//813 814//814
f 815//815 816//816 817//817
f 818//818 819//819 820//820
f 821//821 822//822 823//823
f 824//824 825//825 826//826
f 827//827 828//828 829//829
f 830//830 831//831 832//832
f 833//833 834//834 835//835
f 836//836 837//837 838//838
f 839//839 840//840 841//841
f 842//842 843//843 844//844
f 843//843 845//845 846//846
f 847//847 848//848 849//849
f 850//850 851//851 834//834
f 852//852 853//853 854//854
f 855//855 856//856 842//842
f 856//856 857//857 843//843
f 858//858 859//859 860//860
f 861//861 781//781 778//778
f 862//862 863//863 851//851
f 863//863 864//864 855//855
f 864//864 865//865 856//856
f 865//865 866//866 857//857
f 866//866 867//867 861//861
f 867//867 868//868 781//781
f 869//869 870//870 871//871
f 872//872 873//873 874//874
f 875//875 876//876 877//877
f 878//878 879//879 880//880
f 881//881 882//882 883//883
f 884//884 885//885 886//886
f 887//887 888//888 889//889
f 890//890 891//891 892//892
f 893//893 894//894 895//895
f 896//896 897//897 898//898
f 899//899 900//900 901//901
f 902//902 903//903 904//904
f 905//905 906//906 907//907
f 908//908 909//909 910//910
f 911//911 912//912 913//913
f 914//914 915//915 916//916
f 917//917 918//918 919//919
f 920//920 921//921 922//922
f 923//923 924//924 925//925
f 926//926 927//927 928//928
f 929//929 930//930 931//931
f 932//932 933//933 934//934
f 935//935 936//936 937//937
f 938//938 939//939 940//940
f 941//941 942//942 943//943
f 944//944 945//945 946//946
f 947//947 948//948 949//949
f 950//950 951//951 952//952
f 953//953 954//954 955//955
f 956//956 957//957 958//958
f 959//959 960//960 961//961
f 960//960 962//962 963//963
f 962//962 964//964 965//965
f 964//964 966//966 967//967
f 966//966 968//968 969//969
f 970//970 971//971 959//959
f 971//971 972//972 960//960
f 973//973 974//974 975//975
f 976//976 977//977 964//964
f 977//977 978//978 966//966
f 978//978 979//979 968//968
f 980//980 981//981 982//982
f 983//983 984//984 985//985
f 986//986 987//987 988//988
f 989//989 990//990 991//991
f 992//992 993//993 994//994
f 995//995 996//996 997//997
f 998//998 999//999 1000//1000
f 999//999 1001//1001 1002//1002
f 1003//1003 1004//1004 1005//1005
f 1006//1006 462//462 1007//1007
f 462//462 461//461 1008//1008
f 1009//1009 1010//1010 1011//1011
f 1012//1012 471//471 999//999
f 471//471 470//470 1001//1001
f 470//470 1013//1013 1006//1006
f 1013//1013 460//460 462//462
f 1014//1014 1015//1015 1016//1016
f 1017//1017 1018//1018 1019//1019
f 1020//1020 469//469 471//471
f 469//469 1021//1021 470//470
f 1021//1021 1022//1022 1013//1013
f 1022//1022 1023//1023 460//460
f 1023//1023 1024//1024 1017//1017
f 1024//1024 1025//1025 1018//1018
f 1026//1026 1027//1027 1028//1028
f 1029//1029 1030//1030 1031//1031
f 1032//1032 1033//1033 1034//1034
f 1035//1035 1036//1036 1037//1037
f 1038//1038 1039//1039 1040//1040
f 1041//1041 1042//1042 1043//1043
f 1044//1044 1045//1045 1046//1046
f 1047//1047 1048//1048 1049//1049
f 1050//1050 1051//1051 1052//1052
f 1053//1053 1054//1054 1055//1055
f 1056//1056 1057//1057 1058//1058
f 1059//1059 1060//1060 1061//1061
f 1062//1062 1063//1063 1064//1064
f 1065//1065 1066//1066 1067//1067
f 1068//1068 1069//1069 1070//1070
f 1071//1071 1072//1072 1073//1073
f 1074//1074 1075//1075 1076//1076
f 1077//1077 1078//1078 1079//1079
f 1080//1080 1081//1081 1082//1082
f 1083//1083 1084//1084 1085//1085
f 1086//1086 1087//1087 1088//1088
f 1089//1089 1090//1090 1091//1091
f 1092//1092 1093//1093 1094//1094
f 1095//1095 1096//1096 1097//1097
f 1098//1098 1099//1099 1100//1100
f 1101//1101 1102//1102 1103//1103
f 1104//1104 1105//1105 1106//1106
f 1107//1107 1108//1108 1109//1109
f 1110//1110 1111//1111 1112//1112
f 1113//1113 1114//1114 1115//1115
f 1116//1116 1117//1117 1118//1118
f 1119//1119 1120//1120 1121//1121
f 1122//1122 1123//1123 1124//1124
f 1125//1125 1126//1126 1127//1127
f 1128//1128 1129//1129 1130//1130
f 1131//1131 1132//1132 1133//1133
f 1134//1134 1128//1128 1130//1130
f 1135//1135 1136//1136 1137//1137
f 1138//1138 1139//1139 1140//1140
f 1141//1141 1142//1142 1143//1143
f 1144//1144 1145//1145 1146//1146
f 1147//1147 1148//1148 1149//1149
f 1150//1150 1151//1151 1152//1152
f 1153//1153 1154//1154 1155//1155
f 1156//1156 1157//1157 1158//1158
f 1153//1153 1155//1155 1159//1159
f 1160//1160 1161//1161 1162//1162
f 1163//1163 1164//1164 1165//1165
f 1166//1166 1167//1167 1168//1168
f 1169//1169 1170//1170 1171//1171
f 1168//1168 1172//1172 1166//1166
f 1173//1173 1174//1174 1175//1175
f 1176//1176 1177//1177 1178//1178
f 1172//1172 1179//1179 1166//1166
f 1180//1180 1181//1181 1182//1182
f 1183//1183 1184//1184 1185//1185
f 1186//1186 1187//1187 1188//1188
f 1189//1189 1190//1190 1191//1191
f 1192//1192 1193//1193 1194//1194
f 1195//1195 1196//1196 1197//1197
f 1198//1198 1199//1199 1200//1200
f 1201//1201 1202//1202 1203//1203
f 1204//1204 1205//1205 1206//1206
f 1207//1207 1208//1208 1209//1209
f 1210//1210 1211//1211 1212//1212
f 1213//1213 1214//1214 1215//1215
f 1216//1216 1217//1217 1218//1218
f 1219//1219 1220//1220 1221//1221
f 1222//1222 1223//1223 1224//1224
f 1225//1225 1226//1226 1227//1227
f 1228//1228 1229//1229 1230//1230
f 1231//1231 1232//1232 1233//1233
f 1234//1234 1235//1235 1236//1236
f 1237//1237 1238//1238 1239//1239
f 1240//1240 1241//1241 1242//1242
f 1243//1243 1244//1244 1245//1245
f 1246//1246 1247//1247 1248//1248
f 1249//1249 1250//1250 1251//1251
f 1252//1252 1253//1253 1254//1254
f 1255//1255 1256//1256 1257//1257
f 1258//1258 1259//1259 1260//1260
f 1261//1261 1262//1262 1263//1263
f 1264//1264 1265//1265 1266//1266
f 1267//1267 1268//1268 1269//1269
f 1270//1270 1271//1271 1272//1272
f 1273//1273 1274//1274 1275//1275
f 1276//1276 1277//1277 1278//1278
f 1279//1279 1280//1280 1281//1281
f 1282//1282 1283//1283 1284//1284
f 1285//1285 1286//1286 1287//1287
f 1288//1288 1289//1289 1290//1290
f 1291//1291 1292//1292 1293//1293
f 1294//1294 1295//1295 1296//1296
f 1297//1297 1298//1298 1299//1299
f 1300//1300 1301//1301 1302//1302
f 1303//1303 1304//1304 1305//1305
f 1306//1306 1307//1307 1308//1308
f 1309//1309 1310//1310 1311//1311
f 1312//1312 1313//1313 1314//1314
f 1315//1315 1316//1316 1317//1317
f 1318//1318 1319//1319 1320//1320
f 1321//1321 1322//1322 1323//1323
f 1324//1324 1325//1325 1326//1326
f 1327//1327 1328//1328 1329//1329
f 1330//1330 1331//1331 1332//1332
f 1333//1333 1334//1334 1335//1335
f 1336//1336 1337//1337 1338//1338
f 1339//1339 1340//1340 1341//1341
f 1342//1342 1343//1343 1344//1344
f 1345//1345 1346//1346 1347//1347
f 1348//1348 1349//1349 1350//1350
f 1351//1351 1352//1352 1353//1353
f 1354//1354 1355//1355 1356//1356
f 1357//1357 1358//1358 1359//1359
f 1360//1360 1361//1361 1362//1362
f 1363//1363 1364//1364 1365//1365
f 1366//1366 1367//1367 1368//1368
f 1369//1369 1370//1370 1371//1371
f 1372//1372 1373//1373 1374//1374
f 1375//1375 1376//1376 1377//1377
f 1378//1378 1379//1379 1380//1380
f 1381//1381 1382//1382 1383//1383
f 1384//1384 1385//1385 1386//1386
f 1387//1387 1388//1388 1389//1389
f 1390//1390 1391//1391 1392//1392
f 1393//1393 1394//1394 1395//1395
f 1396//1396 1397//1397 1398//1398
f 1399//1399 1400//1400 1401//1401
f 1402//1402 1403//1403 1404//1404
f 1405//1405 1406//1406 1407//1407
f 1408//1408 1409//1409 1410//1410
f 1411//1411 1412//1412 1413//1413
f 1414//1414 1415//1415 1416//1416
f 1417//1417 1418//1418 1419//1419
f 1420//1420 1421//1421 1422//1422
f 1423//1423 1424//1424 1425//1425
f 1426//1426 1427//1427 1428//1428
f 1429//1429 1430//1430 1431//1431
f 1432//1432 1433//1433 1434//1434
f 1435//1435 1436//1436 1437//1437
f 1438//1438 1439//1439 1440//1440
f 1441//1441 1442//1442 1443//1443
f 1444//1444 1445//1445 1446//1446
f 1447//1447 1448//1448 1449//1449
f 1450//1450 1451//1451 1452//1452
f 1453//1453 1454//1454 1455//1455
f 1456//1456 1457//1457 1458//1458
f 1459//1459 1460//1460 1461//1461
f 1462//1462 1463//1463 1464//1464
f 1465//1465 1466//1466 1467//1467
f 1468//1468 1469//1469 1470//1470
f 1471//1471 1472//1472 1473//1473
f 1474//1474 1475//1475 1476//1476
f 1477//1477 1478//1478 1479//1479
f 1480//1480 1481//1481 1482//1482
f 1483//1483 1484//1484 1485//1485
f 1486//1486 1487//1487 1488//1488
f 1489//1489 1490//1490 1491//1491
f 1492//1492 1493//1493 1494//1494
f 1495//1495 1496//1496 1497//1497
f 1498//1498 1499//1499 1500//1500
f 1501//1501 1502//1502 1503//1503
f 1504//1504 1505//1505 1506//1506
f 1507//1507 1508//1508 1509//1509
f 1510//1510 1511//1511 1512//1512
f 1513//1513 1514//1514 1515//1515
f 1516//1516 1517//1517 1518//1518
f 1519//1519 1520//1520 1521//1521
f 1522//1522 1523//1523 1524//1524
f 1525//1525 1526//1526 1527//1527
f 1528//1528 1529//1529 1530//1530
f 1531//1531 1532//1532 1533//1533
f 1534//1534 1535//1535 1536//1536
f 1537//1537 1538//1538 1539//1539
f 1540//1540 1541//1541 1542//1542
f 1543//1543 1544//1544 1545//1545
f 1546//1546 1547//1547 1548//1548
f 1549//1549 1550//1550 1551//1551
f 1552//1552 1553//1553 1554//1554
f 1555//1555 1556//1556 1557//1557
f 1558//1558 1559//1559 1560//1560
f 1561//1561 1562//1562 1563//1563
f 1564//1564 1565//1565 1566//1566
f 1567//1567 1568//1568 1569//1569
f 1570//1570 1571//1571 1572//1572
f 1573//1573 1574//1574 1575//1575
f 1576//1576 1577//1577 1578//1578
f 1579//1579 1580//1580 1581//1581
f 1582//1582 1583//1583 1584//1584
f 1585//1585 1586//1586 1587//1587
f 1588//1588 1589//1589 1590//1590
f 1591//1591 1592//1592 1593//1593
f 1594//1594 1595//1595 1596//1596
f 1597//1597 1598//1598 1599//1599
f 1600//1600 1601//1601 1602//1602
f 1603//1603 1604//1604 1605//1605
f 1606//1606 1607//1607 1608//1608
f 1609//1609 1610//1610 1611//1611
f 1612//1612 1613//1613 1614//1614
f 1615//1615 1616//1616 1617//1617
f 1618//1618 1619//1619 1620//1620
f 1621//1621 1622//1622 1623//1623
f 1624//1624 1625//1625 1626//1626
f 1627//1627 1628//1628 1629//1629
f 1630//1630 1631//1631 1632//1632
f 1633//1633 1634//1634 1635//1635
f 1636//1636 1637//1637 1638//1638
f 1639//1639 1640//1640 1641//1641
f 1642//1642 1643//1643 1644//1644
f 1645//1645 1646//1646 1647//1647
f 1648//1648 1649//1649 1650//1650
f 1651//1651 1652//1652 1653//1653
f 1654//1654 1655//1655 1656//1656
f 1657//1657 1658//1658 1659//1659
f 1660//1660 1661//1661 1662//1662
f 1663//1663 1664//1664 1665//1665
f 1666//1666 1667//1667 1668//1668
f 1669//1669 1670//1670 1671//1671
f 1672//1672 1673//1673 1674//1674
f 1675//1675 1676//1676 1677//1677
f 1678//1678 1679//1679 1680//1680
f 1681//1681 1682//1682 1683//1683
f 1684//1684 1685//1685 1686//1686
f 1687//1687 1688//1688 1689//1689
f 1690//1690 1691//1691 1692//1692
f 1693//1693 1694//1694 1695//1695
f 1696//1696 1697//1697 1698//1698
f 1699//1699 1700//1700 1701//1701
f 1702//1702 1703//1703 1704//1704
f 1705//1705 1706//1706 1707//1707
f 1708//1708 1709//1709 1710//1710
f 1711//1711 1712//1712 1713//1713
f 1714//1714 1715//1715 1716//1716
f 1717//1717 1718//1718 1719//1719
f 1720//1720 1721//1721 1722//1722
f 1723//1723 1724//1724 1725//1725
f 1726//1726 1727//1727 1728//1728
f 1729//1729 1730//1730 1731//1731
f 1732//1732 1733//1733 1734//1734
f 1735//1735 1736//1736 1737//1737
f 1738//1738 1739//1739 1740//1740
f 1741//1741 1742//1742 1743//1743
f 1744//1744 1745//1745 1746//1746
f 1747//1747 1748//1748 1749//1749
f 1750//1750 1751//1751 1752//1752
f 1753//1753 1754//1754 1755//1755
f 1756//1756 1757//1757 1758//1758
f 1759//1759 1760//1760 1761//1761
f 1762//1762 1763//1763 1764//1764
f 1765//1765 1766//1766 1767//1767
f 1768//1768 1769//1769 1770//1770
f 1771//1771 1772//1772 1773//1773
f 1774//1774 1775//1775 1776//1776
f 1777//1777 1778//1778 1779//1779
f 1780//1780 1781//1781 1782//1782
f 1783//1783 1784//1784 1785//1785
f 1786//1786 1787//1787 1788//1788
f 1789//1789 1790//1790 1791//1791
f 1792//1792 1793//1793 1794//1794
f 1795//1795 1796//1796 1797//1797
f 1798//1798 1799//1799 1800//1800
f 1801//1801 1802//1802 1803//1803
f 1804//1804 1805//1805 1806//1806
f 1807//1807 1808//1808 1809//1809
f 1810//1810 1811//1811 1812//1812
f 1813//1813 1814//1814 1815//1815
f 1816//1816 1817//1817 1818//1818
f 1819//1819 1820//1820 1821//1821
f 1822//1822 1823//1823 1824//1824
f 1825//1825 1826//1826 1827//1827
f 1828//1828 1829//1829 1830//1830
f 1831//1831 1832//1832 1833//1833
f 1834//1834 1835//1835 1836//1836
f 1837//1837 1838//1838 1839//1839
f 1840//1840 1841//1841 1842//1842
f 1843//1843 1844//1844 1845//1845
f 1846//1846 1847//1847 1848//1848
f 1849//1849 1850//1850 1851//1851
f 1852//1852 1853//1853 1854//1854
f 1855//1855 1856//1856 1857//1857
f 1858//1858 1859//1859 1860//1860
f 1861//1861 1862//1862 1863//1863
f 1864//1864 1865//1865 1866//1866
f 1867//1867 1868//1868 1869//1869
f 1870//1870 1871//1871 1872//1872
f 1873//1873 1874//1874 1875//1875
f 1876//1876 1877//1877 1878//1878
f 1879//1879 1880//1880 1881//1881
f 1882//1882 1883//1883 1884//1884
f 1885//1885 1886//1886 1887//1887
f 1888//1888 1889//1889 1890//1890
f 1891//1891 1892//1892 1893//1893
f 1894//1894 1895//1895 1896//1896
f 1897//1897 1898//1898 1899//1899
f 1900//1900 1901//1901 1902//1902
f 1903//1903 1904//1904 1905//1905
f 1906//1906 1907//1907 1908//1908
f 1909//1909 1910//1910 1911//1911
f 1912//1912 1913//1913 1914//1914
f 1915//1915 1916//1916 1917//1917
f 1918//1918 1919//1919 1920//1920
f 1921//1921 1922//1922 1923//1923
f 1924//1924 1925//1925 1926//1926
f 1927//1927 1928//1928 1929//1929
f 1930//1930 1931//1931 1932//1932
f 1933//1933 1934//1934 1935//1935
f 1936//1936 1937//1937 1938//1938
f 1939//1939 1940//1940 1941//1941
f 1942//1942 1943//1943 1944//1944
f 1945//1945 1946//1946 1947//1947
f 1948//1948 1949//1949 1950//1950
f 1951//1951 1952//1952 1953//1953
f 1954//1954 1955//1955 1956//1956
f 1957//1957 1958//1958 1959//1959
f 1960//1960 1961//1961 1962//1962
f 1963//1963 1964//1964 1965//1965
f 1966//1966 1967//1967 1968//1968
f 1969//1969 1970//1970 1971//1971
f 1972//1972 1973//1973 1974//1974
f 1975//1975 1976//1976 1977//1977
f 1978//1978 1979//1979 1980//1980
f 1981//1981 1982//1982 1983//1983
f 1984//1984 1985//1985 1986//1986
f 1987//1987 1988//1988 1989//1989
f 1990//1990 1991//1991 1992//1992
f 1993//1993 1994//1994 1995//1995
f 1996//1996 1997//1997 1998//1998
f 1999//1999 2000//2000 2001//2001
f 2002//2002 2003//2003 2004//2004
f 2005//2005 2006//2006 2007//2007
f 2008//2008 2009//2009 2010//2010
f 2011//2011 2012//2012 2013//2013
f 2014//2014 2015//2015 2016//2016
f 2017//2017 2018//2018 2019//2019
f 2020//2020 2021//2021 2022//2022
f 2023//2023 2024//2024 2025//2025
f 2026//2026 2027//2027 2028//2028
f 2029//2029 2030//2030 2031//2031
f 2032//2032 2033//2033 2034//2034
f 2035//2035 2036//2036 2037//2037
f 2038//2038 2039//2039 2040//2040
f 2041//2041 2042//2042 2043//2043
f 2044//2044 2045//2045 2046//2046
f 2047//2047 2048//2048 2049//2049
f 2050//2050 2051//2051 2052//2052
f 2053//2053 2054//2054 2055//2055
f 2056//2056 2057//2057 2058//2058
f 2059//2059 2060//2060 2061//2061
f 2062//2062 2063//2063 2064//2064
f 2065//2065 2066//2066 2067//2067
f 2068//2068 2069//2069 2070//2070
f 2071//2071 2072//2072 2073//2073
f 2074//2074 2075//2075 2076//2076
f 2077//2077 2078//2078 2079//2079
f 2080//2080 2081//2081 2082//2082
f 2083//2083 2084//2084 2085//2085
f 2086//2086 2087//2087 2088//2088
f 2089//2089 2090//2090 2091//2091
f 2092//2092 2093//2093 2094//2094
f 2095//2095 2096//2096 2097//2097
f 2098//2098 2099//2099 2100//2100
f 2101//2101 2102//2102 2103//2103
f 2104//2104 2105//2105 2106//2106
f 2107//2107 2108//2108 2109//2109
f 2110//2110 2111//2111 2112//2112
f 2113//2113 2114//2114 2115//2115
f 2116//2116 2117//2117 2118//2118
f 2119//2119 2120//2120 2121//2121
f 2122//2122 2123//2123 2124//2124
f 2125//2125 2126//2126 2127//2127
