v 0.000000 0.020000 -0.060000
vn 0.098017 0.000000 -0.995185
v 0.011705 -0.020000 -0.058847
vn 0.098017 0.000000 -0.995185
v 0.000000 -0.020000 -0.060000
vn 0.098017 0.000000 -0.995185
v 0.011705 0.020000 -0.058847
vn 0.290285 0.000000 -0.956940
v 0.022961 -0.020000 -0.055433
vn 0.290285 0.000000 -0.956940
v 0.011705 -0.020000 -0.058847
vn 0.290285 0.000000 -0.956940
v 0.022961 0.020000 -0.055433
vn 0.471397 0.000000 -0.881921
v 0.033334 -0.020000 -0.049888
vn 0.471397 0.000000 -0.881921
v 0.022961 -0.020000 -0.055433
vn 0.471397 0.000000 -0.881921
v 0.033334 0.020000 -0.049888
vn 0.634394 0.000000 -0.773010
v 0.042426 -0.020000 -0.042426
vn 0.634394 0.000000 -0.773010
v 0.033334 -0.020000 -0.049888
vn 0.634394 0.000000 -0.773010
v 0.042426 0.020000 -0.042426
vn 0.773011 0.000000 -0.634393
v 0.049888 -0.020000 -0.033334
vn 0.773011 0.000000 -0.634393
v 0.042426 -0.020000 -0.042426
vn 0.773011 0.000000 -0.634393
v 0.049888 0.020000 -0.033334
vn 0.881921 0.000000 -0.471397
v 0.055433 -0.020000 -0.022961
vn 0.881921 0.000000 -0.471397
v 0.049888 -0.020000 -0.033334
vn 0.881921 0.000000 -0.471397
v 0.055433 0.020000 -0.022961
vn 0.956940 0.000000 -0.290285
v 0.058847 -0.020000 -0.011705
vn 0.956940 0.000000 -0.290285
v 0.055433 -0.020000 -0.022961
vn 0.956940 0.000000 -0.290285
v 0.058847 0.020000 -0.011705
vn 0.995185 0.000000 -0.098017
v 0.060000 -0.020000 -0.000000
vn 0.995185 0.000000 -0.098017
v 0.058847 -0.020000 -0.011705
vn 0.995185 0.000000 -0.098017
v 0.060000 0.020000 -0.000000
vn 0.995185 0.000000 0.098016
v 0.058847 -0.020000 0.011705
vn 0.995185 0.000000 0.098016
v 0.060000 -0.020000 -0.000000
vn 0.995185 0.000000 0.098016
v 0.058847 0.020000 0.011705
vn 0.956940 0.000000 0.290285
v 0.055433 -0.020000 0.022961
vn 0.956940 0.000000 0.290285
v 0.058847 -0.020000 0.011705
vn 0.956940 0.000000 0.290285
v 0.055433 0.020000 0.022961
vn 0.881922 0.000000 0.471397
v 0.049888 -0.020000 0.033334
vn 0.881922 0.000000 0.471397
v 0.055433 -0.020000 0.022961
vn 0.881922 0.000000 0.471397
v 0.049888 0.020000 0.033334
vn 0.773010 0.000000 0.634394
v 0.042426 -0.020000 0.042426
vn 0.773010 0.000000 0.634394
v 0.049888 -0.020000 0.033334
vn 0.773010 0.000000 0.634394
v 0.042426 0.020000 0.042426
vn 0.634393 0.000000 0.773011
v 0.033334 -0.020000 0.049888
vn 0.634393 0.000000 0.773011
v 0.042426 -0.020000 0.042426
vn 0.634393 0.000000 0.773011
v 0.033334 0.020000 0.049888
vn 0.471397 0.000000 0.881921
v 0.022961 -0.020000 0.055433
vn 0.471397 0.000000 0.881921
v 0.033334 -0.020000 0.049888
vn 0.471397 0.000000 0.881921
v 0.022961 0.020000 0.055433
vn 0.290284 0.000000 0.956940
v 0.011705 -0.020000 0.058847
vn 0.290284 0.000000 0.956940
v 0.022961 -0.020000 0.055433
vn 0.290284 0.000000 0.956940
v 0.011705 0.020000 0.058847
vn 0.098017 0.000000 0.995185
v 0.000000 -0.020000 0.060000
vn 0.098017 0.000000 0.995185
v 0.011705 -0.020000 0.058847
vn 0.098017 0.000000 0.995185
v 0.000000 0.020000 0.060000
vn -0.098018 0.000000 0.995185
v -0.011705 -0.020000 0.058847
vn -0.098018 0.000000 0.995185
v 0.000000 -0.020000 0.060000
vn -0.098018 0.000000 0.995185
v -0.011705 0.020000 0.058847
vn -0.290285 0.000000 0.956940
v -0.022961 -0.020000 0.055433
vn -0.290285 0.000000 0.956940
v -0.011705 -0.020000 0.058847
vn -0.290285 0.000000 0.956940
v -0.022961 0.020000 0.055433
vn -0.471397 0.000000 0.881921
v -0.033334 -0.020000 0.049888
vn -0.471397 0.000000 0.881921
v -0.022961 -0.020000 0.055433
vn -0.471397 0.000000 0.881921
v -0.033334 0.020000 0.049888
vn -0.634394 0.000000 0.773010
v -0.042426 -0.020000 0.042426
vn -0.634394 0.000000 0.773010
v -0.033334 -0.020000 0.049888
vn -0.634394 0.000000 0.773010
v -0.042426 0.020000 0.042426
vn -0.773011 0.000000 0.634393
v -0.049888 -0.020000 0.033334
vn -0.773011 0.000000 0.634393
v -0.042426 -0.020000 0.042426
vn -0.773011 0.000000 0.634393
v -0.049888 0.020000 0.033334
vn -0.881922 0.000000 0.471396
v -0.055433 -0.020000 0.022961
vn -0.881922 0.000000 0.471396
v -0.049888 -0.020000 0.033334
vn -0.881922 0.000000 0.471396
v -0.055433 0.020000 0.022961
vn -0.956941 0.000000 0.290284
v -0.058847 -0.020000 0.011705
vn -0.956941 0.000000 0.290284
v -0.055433 -0.020000 0.022961
vn -0.956941 0.000000 0.290284
v -0.058847 0.020000 0.011705
vn -0.995185 0.000000 0.098016
v -0.060000 -0.020000 -0.000000
vn -0.995185 0.000000 0.098016
v -0.058847 -0.020000 0.011705
vn -0.995185 0.000000 0.098016
v -0.060000 0.020000 -0.000000
vn -0.995185 0.000000 -0.098018
v -0.058847 -0.020000 -0.011705
vn -0.995185 0.000000 -0.098018
v -0.060000 -0.020000 -0.000000
vn -0.995185 0.000000 -0.098018
v -0.058847 0.020000 -0.011705
vn -0.956940 0.000000 -0.290286
v -0.055433 -0.020000 -0.022961
vn -0.956940 0.000000 -0.290286
v -0.058847 -0.020000 -0.011705
vn -0.956940 0.000000 -0.290286
v -0.055433 0.020000 -0.022961
vn -0.881921 0.000000 -0.471398
v -0.049888 -0.020000 -0.033334
vn -0.881921 0.000000 -0.471398
v -0.055433 -0.020000 -0.022961
vn -0.881921 0.000000 -0.471398
v -0.049888 0.020000 -0.033334
vn -0.773010 0.000000 -0.634394
v -0.042426 -0.020000 -0.042426
vn -0.773010 0.000000 -0.634394
v -0.049888 -0.020000 -0.033334
vn -0.773010 0.000000 -0.634394
v -0.042426 0.020000 -0.042426
vn -0.634392 0.000000 -0.773011
v -0.033334 -0.020000 -0.049888
vn -0.634392 0.000000 -0.773011
v -0.042426 -0.020000 -0.042426
vn -0.634392 0.000000 -0.773011
v -0.033334 0.020000 -0.049888
vn -0.471396 0.000000 -0.881922
v -0.022961 -0.020000 -0.055433
vn -0.471396 0.000000 -0.881922
v -0.033334 -0.020000 -0.049888
vn -0.471396 0.000000 -0.881922
v -0.022961 0.020000 0.055433
vn 0.000000 1.000000 -0.000000
v 0.055433 0.020000 0.022961
vn 0.000000 1.000000 -0.000000
v 0.022961 0.020000 -0.055433
vn 0.000000 1.000000 -0.000000
v -0.022961 0.020000 -0.055433
vn -0.290283 0.000000 -0.956941
v -0.011705 -0.020000 -0.058847
vn -0.290283 0.000000 -0.956941
v -0.022961 -0.020000 -0.055433
vn -0.290283 0.000000 -0.956941
v -0.011705 0.020000 -0.058847
vn -0.098016 0.000000 -0.995185
v 0.000000 -0.020000 -0.060000
vn -0.098016 0.000000 -0.995185
v -0.011705 -0.020000 -0.058847
vn -0.098016 0.000000 -0.995185
v 0.011705 -0.020000 0.058847
vn 0.000000 -1.000000 -0.000000
v -0.058847 -0.020000 0.011705
vn 0.000000 -1.000000 -0.000000
v -0.011705 -0.020000 -0.058847
vn 0.000000 -1.000000 -0.000000
v 0.011705 0.020000 -0.058847
vn 0.098017 0.000000 -0.995185
v 0.011705 0.020000 -0.058847
vn 0.290285 0.000000 -0.956940
v 0.022961 0.020000 -0.055433
vn 0.290285 0.000000 -0.956940
v 0.022961 -0.020000 -0.055433
vn 0.290285 0.000000 -0.956940
v 0.022961 0.020000 -0.055433
vn 0.471397 0.000000 -0.881921
v 0.033334 0.020000 -0.049888
vn 0.471397 0.000000 -0.881921
v 0.033334 -0.020000 -0.049888
vn 0.471397 0.000000 -0.881921
v 0.033334 0.020000 -0.049888
vn 0.634393 0.000000 -0.773010
v 0.042426 0.020000 -0.042426
vn 0.634393 0.000000 -0.773010
v 0.042426 -0.020000 -0.042426
vn 0.634393 0.000000 -0.773010
v 0.042426 0.020000 -0.042426
vn 0.773010 0.000000 -0.634394
v 0.049888 0.020000 -0.033334
vn 0.773010 0.000000 -0.634394
v 0.049888 -0.020000 -0.033334
vn 0.773010 0.000000 -0.634394
v 0.055433 0.020000 -0.022961
vn 0.881921 0.000000 -0.471397
v 0.055433 0.020000 -0.022961
vn 0.956941 0.000000 -0.290284
v 0.058847 0.020000 -0.011705
vn 0.956941 0.000000 -0.290284
v 0.058847 -0.020000 -0.011705
vn 0.956941 0.000000 -0.290284
v 0.060000 0.020000 -0.000000
vn 0.995185 0.000000 -0.098017
v 0.060000 0.020000 -0.000000
vn 0.995185 0.000000 0.098017
v 0.058847 0.020000 0.011705
vn 0.995185 0.000000 0.098017
v 0.058847 -0.020000 0.011705
vn 0.995185 0.000000 0.098017
v 0.055433 0.020000 0.022961
vn 0.956940 0.000000 0.290285
v 0.049888 0.020000 0.033334
vn 0.881922 0.000000 0.471397
v 0.049888 0.020000 0.033334
vn 0.773011 0.000000 0.634393
v 0.042426 0.020000 0.042426
vn 0.773011 0.000000 0.634393
v 0.042426 -0.020000 0.042426
vn 0.773011 0.000000 0.634393
v 0.042426 0.020000 0.042426
vn 0.634394 0.000000 0.773010
v 0.033334 0.020000 0.049888
vn 0.634394 0.000000 0.773010
v 0.033334 -0.020000 0.049888
vn 0.634394 0.000000 0.773010
v 0.033334 0.020000 0.049888
vn 0.471397 0.000000 0.881921
v 0.022961 0.020000 0.055433
vn 0.471397 0.000000 0.881921
v 0.022961 -0.020000 0.055433
vn 0.471397 0.000000 0.881921
v 0.022961 0.020000 0.055433
vn 0.290284 0.000000 0.956940
v 0.011705 0.020000 0.058847
vn 0.290284 0.000000 0.956940
v 0.011705 -0.020000 0.058847
vn 0.290284 0.000000 0.956940
v 0.000000 0.020000 0.060000
vn 0.098017 0.000000 0.995185
v -0.011705 0.020000 0.058847
vn -0.098018 0.000000 0.995185
v -0.011705 0.020000 0.058847
vn -0.290285 0.000000 0.956940
v -0.022961 0.020000 0.055433
vn -0.290285 0.000000 0.956940
v -0.022961 -0.020000 0.055433
vn -0.290285 0.000000 0.956940
v -0.022961 0.020000 0.055433
vn -0.471397 0.000000 0.881921
v -0.033334 0.020000 0.049888
vn -0.471397 0.000000 0.881921
v -0.033334 -0.020000 0.049888
vn -0.471397 0.000000 0.881921
v -0.042426 0.020000 0.042426
vn -0.634394 0.000000 0.773010
v -0.049888 0.020000 0.033334
vn -0.773011 0.000000 0.634393
v -0.049888 0.020000 0.033334
vn -0.881922 0.000000 0.471396
v -0.055433 0.020000 0.022961
vn -0.881922 0.000000 0.471396
v -0.055433 -0.020000 0.022961
vn -0.881922 0.000000 0.471396
v -0.058847 0.020000 0.011705
vn -0.956941 0.000000 0.290284
v -0.060000 0.020000 -0.000000
vn -0.995185 0.000000 0.098016
v -0.058847 0.020000 -0.011705
vn -0.995185 0.000000 -0.098018
v -0.055433 0.020000 -0.022961
vn -0.956940 0.000000 -0.290286
v -0.055433 0.020000 -0.022961
vn -0.881920 0.000000 -0.471398
v -0.049888 0.020000 -0.033334
vn -0.881920 0.000000 -0.471398
v -0.049888 -0.020000 -0.033334
vn -0.881920 0.000000 -0.471398
v -0.049888 0.020000 -0.033334
vn -0.773010 0.000000 -0.634394
v -0.042426 0.020000 -0.042426
vn -0.773010 0.000000 -0.634394
v -0.042426 -0.020000 -0.042426
vn -0.773010 0.000000 -0.634394
v -0.033334 0.020000 -0.049888
vn -0.634392 0.000000 -0.773011
v -0.033334 0.020000 -0.049888
vn -0.471396 0.000000 -0.881922
v -0.022961 0.020000 -0.055433
vn -0.471396 0.000000 -0.881922
v -0.022961 -0.020000 -0.055433
vn -0.471396 0.000000 -0.881922
v 0.022961 0.020000 -0.055433
vn 0.000000 1.000000 -0.000000
v 0.011705 0.020000 -0.058847
vn 0.000000 1.000000 -0.000000
v -0.022961 0.020000 -0.055433
vn 0.000000 1.000000 -0.000000
v 0.000000 0.020000 -0.060000
vn 0.000000 1.000000 -0.000000
v -0.011705 0.020000 -0.058847
vn 0.000000 1.000000 -0.000000
v -0.022961 0.020000 -0.055433
vn -0.000001 1.000000 -0.000000
v -0.033334 0.020000 -0.049888
vn -0.000001 1.000000 -0.000000
v -0.042426 0.020000 -0.042426
vn -0.000001 1.000000 -0.000000
v -0.042426 0.020000 -0.042426
vn 0.000001 1.000000 -0.000000
v -0.049888 0.020000 -0.033334
vn 0.000001 1.000000 -0.000000
v -0.055433 0.020000 -0.022961
vn 0.000001 1.000000 -0.000000
v -0.055433 0.020000 -0.022961
vn 0.000000 1.000000 -0.000000
v -0.058847 0.020000 -0.011705
vn 0.000000 1.000000 -0.000000
v -0.060000 0.020000 -0.000000
vn 0.000000 1.000000 -0.000000
v -0.058847 0.020000 0.011705
vn 0.000000 1.000000 -0.000000
v -0.055433 0.020000 0.022961
vn 0.000000 1.000000 -0.000000
v -0.055433 0.020000 0.022961
vn 0.000001 1.000000 -0.000000
v -0.049888 0.020000 0.033334
vn 0.000001 1.000000 -0.000000
v -0.042426 0.020000 0.042426
vn 0.000001 1.000000 -0.000000
v -0.042426 0.020000 0.042426
vn -0.000001 1.000000 -0.000000
v -0.033334 0.020000 0.049888
vn -0.000001 1.000000 -0.000000
v -0.022961 0.020000 0.055433
vn -0.000001 1.000000 -0.000000
v -0.022961 0.020000 0.055433
vn 0.000000 1.000000 -0.000000
v -0.011705 0.020000 0.058847
vn 0.000000 1.000000 -0.000000
v 0.000000 0.020000 0.060000
vn 0.000000 1.000000 -0.000000
v 0.000000 0.020000 0.060000
vn 0.000000 1.000000 -0.000000
v 0.011705 0.020000 0.058847
vn 0.000000 1.000000 -0.000000
v 0.022961 0.020000 0.055433
vn 0.000000 1.000000 -0.000000
v 0.033334 0.020000 0.049888
vn 0.000000 1.000000 -0.000000
v 0.042426 0.020000 0.042426
vn 0.000000 1.000000 -0.000000
v 0.042426 0.020000 0.042426
vn 0.000001 1.000000 -0.000000
v 0.049888 0.020000 0.033334
vn 0.000001 1.000000 -0.000000
v 0.055433 0.020000 0.022961
vn 0.000001 1.000000 -0.000000
v 0.055433 0.020000 0.022961
vn -0.000002 1.000000 -0.000000
v 0.058847 0.020000 0.011705
vn -0.000002 1.000000 -0.000000
v 0.060000 0.020000 -0.000000
vn -0.000002 1.000000 -0.000000
v 0.060000 0.020000 -0.000000
vn 0.000001 1.000000 -0.000000
v 0.058847 0.020000 -0.011705
vn 0.000001 1.000000 -0.000000
v 0.055433 0.020000 0.022961
vn 0.000001 1.000000 -0.000000
v 0.058847 0.020000 -0.011705
vn -0.000001 1.000000 -0.000000
v 0.055433 0.020000 -0.022961
vn -0.000001 1.000000 -0.000000
v 0.055433 0.020000 0.022961
vn -0.000001 1.000000 -0.000000
v 0.055433 0.020000 -0.022961
vn 0.000000 1.000000 -0.000000
v 0.049888 0.020000 -0.033334
vn 0.000000 1.000000 -0.000000
v 0.042426 0.020000 -0.042426
vn 0.000000 1.000000 -0.000000
v 0.042426 0.020000 -0.042426
vn 0.000001 1.000000 -0.000000
v 0.033334 0.020000 -0.049888
vn 0.000001 1.000000 -0.000000
v 0.022961 0.020000 -0.055433
vn 0.000001 1.000000 -0.000000
v -0.042426 0.020000 -0.042426
vn 0.000000 1.000000 -0.000000
v -0.042426 0.020000 -0.042426
vn 0.000000 1.000000 -0.000000
v -0.055433 0.020000 -0.022961
vn 0.000000 1.000000 -0.000000
v 0.022961 0.020000 -0.055433
vn 0.000000 1.000000 -0.000000
v -0.055433 0.020000 -0.022961
vn -0.000001 1.000000 -0.000000
v -0.060000 0.020000 -0.000000
vn -0.000001 1.000000 -0.000000
v -0.055433 0.020000 0.022961
vn -0.000001 1.000000 -0.000000
v -0.055433 0.020000 0.022961
vn -0.000001 1.000000 -0.000000
v -0.042426 0.020000 0.042426
vn -0.000001 1.000000 -0.000000
v -0.022961 0.020000 0.055433
vn -0.000001 1.000000 -0.000000
v -0.022961 0.020000 0.055433
vn 0.000000 1.000000 -0.000000
v 0.000000 0.020000 0.060000
vn 0.000000 1.000000 -0.000000
v 0.055433 0.020000 0.022961
vn 0.000000 1.000000 -0.000000
v 0.055433 0.020000 0.022961
vn 0.000000 1.000000 -0.000000
v 0.022961 0.020000 0.055433
vn -0.000000 1.000000 -0.000000
v 0.042426 0.020000 0.042426
vn -0.000000 1.000000 -0.000000
v 0.055433 0.020000 0.022961
vn -0.000000 1.000000 -0.000000
v 0.055433 0.020000 -0.022961
vn 0.000000 1.000000 -0.000000
v 0.042426 0.020000 -0.042426
vn 0.000000 1.000000 -0.000000
v 0.055433 0.020000 0.022961
vn 0.000000 1.000000 -0.000000
v 0.042426 0.020000 -0.042426
vn -0.000000 1.000000 -0.000000
v 0.022961 0.020000 -0.055433
vn -0.000000 1.000000 -0.000000
v 0.055433 0.020000 0.022961
vn -0.000000 1.000000 -0.000000
v -0.055433 0.020000 0.022961
vn 0.000000 1.000000 -0.000000
v -0.022961 0.020000 0.055433
vn 0.000000 1.000000 -0.000000
v 0.022961 0.020000 -0.055433
vn 0.000000 1.000000 -0.000000
v -0.011705 0.020000 -0.058847
vn -0.290283 0.000000 -0.956941
v 0.000000 0.020000 -0.060000
vn -0.098016 0.000000 -0.995185
v -0.011705 -0.020000 -0.058847
vn 0.000000 -1.000000 -0.000000
v 0.000000 -0.020000 -0.060000
vn 0.000000 -1.000000 -0.000000
v 0.011705 -0.020000 -0.058847
vn 0.000000 -1.000000 -0.000000
v 0.022961 -0.020000 -0.055433
vn 0.000000 -1.000000 -0.000000
v 0.033334 -0.020000 -0.049888
vn 0.000000 -1.000000 -0.000000
v 0.042426 -0.020000 -0.042426
vn 0.000000 -1.000000 -0.000000
v 0.058847 -0.020000 -0.011705
vn 0.000000 -1.000000 -0.000000
v 0.049888 -0.020000 -0.033334
vn 0.000000 -1.000000 -0.000000
v 0.049888 -0.020000 -0.033334
vn -0.000001 -1.000000 -0.000000
v 0.055433 -0.020000 -0.022961
vn -0.000001 -1.000000 -0.000000
v 0.058847 -0.020000 -0.011705
vn -0.000001 -1.000000 -0.000000
v 0.060000 -0.020000 -0.000000
vn 0.000000 -1.000000 -0.000000
v 0.058847 -0.020000 0.011705
vn 0.000000 -1.000000 -0.000000
v 0.055433 -0.020000 0.022961
vn 0.000000 -1.000000 -0.000000
v 0.049888 -0.020000 0.033334
vn 0.000000 -1.000000 -0.000000
v 0.049888 -0.020000 0.033334
vn -0.000000 -1.000000 -0.000000
v 0.042426 -0.020000 0.042426
vn -0.000000 -1.000000 -0.000000
v 0.011705 -0.020000 0.058847
vn -0.000000 -1.000000 -0.000000
v 0.042426 -0.020000 0.042426
vn 0.000000 -1.000000 -0.000000
v 0.033334 -0.020000 0.049888
vn 0.000000 -1.000000 -0.000000
v 0.011705 -0.020000 0.058847
vn 0.000000 -1.000000 -0.000000
v 0.033334 -0.020000 0.049888
vn -0.000001 -1.000000 -0.000000
v 0.022961 -0.020000 0.055433
vn -0.000001 -1.000000 -0.000000
v 0.011705 -0.020000 0.058847
vn -0.000001 -1.000000 -0.000000
v 0.011705 -0.020000 0.058847
vn 0.000000 -1.000000 -0.000000
v 0.000000 -0.020000 0.060000
vn 0.000000 -1.000000 -0.000000
v -0.011705 -0.020000 0.058847
vn 0.000000 -1.000000 -0.000000
v -0.022961 -0.020000 0.055433
vn 0.000000 -1.000000 -0.000000
v -0.033334 -0.020000 0.049888
vn 0.000000 -1.000000 -0.000000
v -0.033334 -0.020000 0.049888
vn -0.000001 -1.000000 -0.000000
v -0.042426 -0.020000 0.042426
vn -0.000001 -1.000000 -0.000000
v -0.049888 -0.020000 0.033334
vn -0.000001 -1.000000 -0.000000
v -0.049888 -0.020000 0.033334
vn -0.000002 -1.000000 -0.000000
v -0.055433 -0.020000 0.022961
vn -0.000002 -1.000000 -0.000000
v -0.058847 -0.020000 0.011705
vn -0.000002 -1.000000 -0.000000
v -0.058847 -0.020000 0.011705
vn 0.000000 -1.000000 -0.000000
v -0.060000 -0.020000 -0.000000
vn 0.000000 -1.000000 -0.000000
v -0.058847 -0.020000 -0.011705
vn 0.000000 -1.000000 -0.000000
v -0.058847 -0.020000 -0.011705
vn 0.000001 -1.000000 -0.000000
v -0.055433 -0.020000 -0.022961
vn 0.000001 -1.000000 -0.000000
v -0.049888 -0.020000 -0.033334
vn 0.000001 -1.000000 -0.000000
v -0.049888 -0.020000 -0.033334
vn 0.000000 -1.000000 -0.000000
v -0.042426 -0.020000 -0.042426
vn 0.000000 -1.000000 -0.000000
v -0.033334 -0.020000 -0.049888
vn 0.000000 -1.000000 -0.000000
v -0.033334 -0.020000 -0.049888
vn -0.000001 -1.000000 -0.000000
v -0.022961 -0.020000 -0.055433
vn -0.000001 -1.000000 -0.000000
v -0.011705 -0.020000 -0.058847
vn -0.000001 -1.000000 -0.000000
v -0.049888 -0.020000 0.033334
vn 0.000000 -1.000000 -0.000000
v -0.058847 -0.020000 0.011705
vn 0.000000 -1.000000 -0.000000
v -0.058847 -0.020000 -0.011705
vn 0.000000 -1.000000 -0.000000
v -0.049888 -0.020000 -0.033334
vn 0.000000 -1.000000 -0.000000
v -0.049888 -0.020000 -0.033334
vn 0.000000 -1.000000 -0.000000
v -0.033334 -0.020000 -0.049888
vn 0.000000 -1.000000 -0.000000
v -0.011705 -0.020000 -0.058847
vn 0.000000 -1.000000 -0.000000
v 0.011705 -0.020000 0.058847
vn 0.000000 -1.000000 -0.000000
v -0.033334 -0.020000 0.049888
vn 0.000000 -1.000000 -0.000000
v -0.058847 -0.020000 0.011705
vn 0.000000 -1.000000 -0.000000
v -0.058847 -0.020000 0.011705
vn -0.000000 -1.000000 -0.000000
v -0.049888 -0.020000 -0.033334
vn -0.000000 -1.000000 -0.000000
v -0.011705 -0.020000 -0.058847
vn -0.000000 -1.000000 -0.000000
v -0.011705 -0.020000 -0.058847
vn 0.000000 -1.000000 -0.000000
v 0.058847 -0.020000 -0.011705
vn 0.000000 -1.000000 -0.000000
v 0.011705 -0.020000 0.058847
vn 0.000000 -1.000000 -0.000000
v -0.030064 0.122355 -0.027439
vn -1.000000 0.000000 -0.000000
v -0.030064 0.163140 -0.050000
vn -1.000000 0.000000 -0.000000
v -0.030064 -0.163140 -0.050000
vn -1.000000 0.000000 -0.000000
v 0.030064 0.163140 0.050000
vn 0.000000 0.000000 1.000000
v -0.030064 0.122355 0.050000
vn 0.000000 0.000000 1.000000
v 0.030064 0.122355 0.050000
vn 0.000000 0.000000 1.000000
v 0.030064 0.122355 -0.027439
vn 1.000000 0.000000 -0.000000
v 0.030064 -0.127249 -0.027439
vn 1.000000 0.000000 -0.000000
v 0.030064 -0.163140 -0.050000
vn 1.000000 0.000000 -0.000000
v 0.030064 -0.163140 -0.050000
vn 0.000000 -1.000000 -0.000000
v -0.030064 -0.163140 0.050000
vn 0.000000 -1.000000 -0.000000
v -0.030064 -0.163140 -0.050000
vn 0.000000 -1.000000 -0.000000
v 0.030064 0.122355 -0.027439
vn 0.000000 0.000000 1.000000
v -0.030064 -0.127249 -0.027439
vn 0.000000 0.000000 1.000000
v 0.030064 -0.127249 -0.027439
vn 0.000000 0.000000 1.000000
v -0.030064 -0.127249 0.050000
vn 0.000000 1.000000 -0.000000
v 0.030064 -0.127249 -0.027439
vn 0.000000 1.000000 -0.000000
v -0.030064 -0.127249 -0.027439
vn 0.000000 1.000000 -0.000000
v 0.030064 -0.127249 0.050000
vn 0.000000 0.000000 1.000000
v -0.030064 -0.163140 0.050000
vn 0.000000 0.000000 1.000000
v 0.030064 -0.163140 0.050000
vn 0.000000 0.000000 1.000000
v -0.030064 0.163140 -0.050000
vn 0.000000 0.000000 -1.000000
v 0.030064 -0.163140 -0.050000
vn 0.000000 0.000000 -1.000000
v -0.030064 -0.163140 -0.050000
vn 0.000000 0.000000 -1.000000
v -0.030064 0.122355 0.050000
vn 0.000000 -1.000000 -0.000000
v 0.030064 0.122355 -0.027439
vn 0.000000 -1.000000 -0.000000
v 0.030064 0.122355 0.050000
vn 0.000000 -1.000000 -0.000000
v -0.030064 0.163140 -0.050000
vn 0.000000 1.000000 -0.000000
v 0.030064 0.163140 0.050000
vn 0.000000 1.000000 -0.000000
v 0.030064 0.163140 -0.050000
vn 0.000000 1.000000 -0.000000
v -0.030064 -0.163140 0.050000
vn -1.000000 0.000000 -0.000000
v -0.030064 -0.127249 -0.027439
vn -1.000000 0.000000 -0.000000
v -0.030064 -0.127249 0.050000
vn -1.000000 0.000000 -0.000000
v -0.030064 0.122355 0.050000
vn -1.000000 0.000000 -0.000000
v -0.030064 0.163140 0.050000
vn -1.000000 0.000000 -0.000000
v -0.030064 0.163140 0.050000
vn 0.000000 0.000000 1.000000
v 0.030064 0.163140 -0.050000
vn 1.000000 0.000000 -0.000000
v 0.030064 0.163140 0.050000
vn 1.000000 0.000000 -0.000000
v 0.030064 0.122355 0.050000
vn 1.000000 0.000000 -0.000000
v 0.030064 -0.127249 0.050000
vn 1.000000 0.000000 -0.000000
v 0.030064 -0.163140 0.050000
vn 1.000000 0.000000 -0.000000
v 0.030064 -0.163140 0.050000
vn 0.000000 -1.000000 -0.000000
v -0.030064 0.122355 -0.027439
vn 0.000000 0.000000 1.000000
v 0.030064 -0.127249 0.050000
vn 0.000000 1.000000 -0.000000
v -0.030064 -0.127249 0.050000
vn 0.000000 0.000000 1.000000
v 0.030064 0.163140 -0.050000
vn 0.000000 0.000000 -1.000000
v -0.030064 0.122355 -0.027439
vn 0.000000 -1.000000 -0.000000
v -0.030064 0.163140 0.050000
vn 0.000000 1.000000 -0.000000
v -0.200000 0.105363 0.000223
vn -1.000000 0.000000 -0.000000
v -0.200000 -0.105363 -0.087802
vn -1.000000 0.000000 -0.000000
v -0.200000 -0.105363 0.000223
vn -1.000000 0.000000 -0.000000
v -0.175604 0.105363 -0.100000
vn 0.000000 0.000000 -1.000000
v 0.175604 -0.105363 -0.100000
vn 0.000000 0.000000 -1.000000
v -0.175604 -0.105363 -0.100000
vn 0.000000 0.000000 -1.000000
v -0.183144 -0.119283 -0.087802
vn -0.092975 -0.978151 -0.185946
v -0.175604 -0.119283 -0.091572
vn -0.092975 -0.978151 -0.185946
v -0.175604 -0.120000 -0.087802
vn -0.092975 -0.978151 -0.185946
v -0.189941 -0.117206 -0.087802
vn -0.287127 -0.939276 -0.187931
v -0.183388 -0.118435 -0.091672
vn -0.287127 -0.939276 -0.187931
v -0.183144 -0.119283 -0.087802
vn -0.287127 -0.939276 -0.187931
v -0.189941 -0.117206 -0.087802
vn -0.503254 -0.838613 -0.208482
v -0.194105 -0.113774 -0.091556
vn -0.503254 -0.838613 -0.208482
v -0.189611 -0.116473 -0.091546
vn -0.503254 -0.838613 -0.208482
v -0.183388 -0.118435 -0.091672
vn -0.086014 -0.850016 -0.519688
v -0.175604 -0.117206 -0.094971
vn -0.086014 -0.850016 -0.519688
v -0.175604 -0.119283 -0.091572
vn -0.086014 -0.850016 -0.519688
v -0.183388 -0.118435 -0.091672
vn -0.262082 -0.806663 -0.529724
v -0.188513 -0.115073 -0.094256
vn -0.262082 -0.806663 -0.529724
v -0.183112 -0.116463 -0.094812
vn -0.262082 -0.806663 -0.529724
v -0.189611 -0.116473 -0.091546
vn -0.431065 -0.718439 -0.545920
v -0.191788 -0.113108 -0.094256
vn -0.431065 -0.718439 -0.545920
v -0.188513 -0.115073 -0.094256
vn -0.431065 -0.718439 -0.545920
v -0.198805 -0.105363 -0.091572
vn -0.924461 -0.244084 -0.292908
v -0.198805 -0.109887 -0.087802
vn -0.924461 -0.244084 -0.292908
v -0.200000 -0.105363 -0.087802
vn -0.924461 -0.244084 -0.292908
v -0.195343 -0.105363 -0.094971
vn -0.687528 -0.191056 -0.700573
v -0.197391 -0.110007 -0.091694
vn -0.687528 -0.191056 -0.700573
v -0.198805 -0.105363 -0.091572
vn -0.687528 -0.191056 -0.700573
v -0.189941 -0.105363 -0.097671
vn -0.441976 -0.152603 -0.883951
v -0.194122 -0.109855 -0.094806
vn -0.441976 -0.152603 -0.883951
v -0.195343 -0.105363 -0.094971
vn -0.441976 -0.152603 -0.883951
v -0.197391 -0.110007 -0.091694
vn -0.738249 -0.626881 -0.249014
v -0.195343 -0.113965 -0.087802
vn -0.738249 -0.626881 -0.249014
v -0.198805 -0.109887 -0.087802
vn -0.738249 -0.626881 -0.249014
v -0.194122 -0.109855 -0.094806
vn -0.574317 -0.524062 -0.628903
v -0.194105 -0.113774 -0.091556
vn -0.574317 -0.524062 -0.628903
v -0.197391 -0.110007 -0.091694
vn -0.574317 -0.524062 -0.628903
v -0.189624 -0.109867 -0.097052
vn -0.404909 -0.427104 -0.808475
v -0.191788 -0.113108 -0.094256
vn -0.404909 -0.427104 -0.808475
v -0.194122 -0.109855 -0.094806
vn -0.404909 -0.427104 -0.808475
v -0.175604 -0.109887 -0.099403
vn -0.078286 -0.130482 -0.988355
v -0.183144 -0.105363 -0.099403
vn -0.078286 -0.130482 -0.988355
v -0.175604 -0.105363 -0.100000
vn -0.078286 -0.130482 -0.988355
v -0.175604 -0.113965 -0.097671
vn -0.076512 -0.389663 -0.917774
v -0.183344 -0.110033 -0.098695
vn -0.076512 -0.389663 -0.917774
v -0.175604 -0.109887 -0.099403
vn -0.076512 -0.389663 -0.917774
v -0.175604 -0.113965 -0.097671
vn -0.079320 -0.638234 -0.765745
v -0.183112 -0.116463 -0.094812
vn -0.079320 -0.638234 -0.765745
v -0.183092 -0.113767 -0.097061
vn -0.079320 -0.638234 -0.765745
v -0.183344 -0.110033 -0.098695
vn -0.244600 -0.134951 -0.960187
v -0.189941 -0.105363 -0.097671
vn -0.244600 -0.134951 -0.960187
v -0.183144 -0.105363 -0.099403
vn -0.244600 -0.134951 -0.960187
v -0.183344 -0.110033 -0.098695
vn -0.241990 -0.399077 -0.884409
v -0.188513 -0.113108 -0.095894
vn -0.241990 -0.399077 -0.884409
v -0.189624 -0.109867 -0.097052
vn -0.241990 -0.399077 -0.884409
v -0.183092 -0.113767 -0.097061
vn -0.236343 -0.622046 -0.746459
v -0.188513 -0.115073 -0.094256
vn -0.236343 -0.622046 -0.746459
v -0.188513 -0.113108 -0.095894
vn -0.236343 -0.622046 -0.746459
v -0.188513 -0.115073 -0.094256
vn -0.358567 -0.597613 -0.717139
v -0.191788 -0.113108 -0.094256
vn -0.358567 -0.597613 -0.717139
v -0.188513 -0.113108 -0.095894
vn -0.358567 -0.597613 -0.717139
v -0.175604 0.119283 -0.091572
vn -0.092975 0.978151 -0.185946
v -0.183144 0.119283 -0.087802
vn -0.092975 0.978151 -0.185946
v -0.175604 0.120000 -0.087802
vn -0.092975 0.978151 -0.185946
v -0.175604 0.117206 -0.094971
vn -0.085041 0.850087 -0.519731
v -0.183344 0.118435 -0.091694
vn -0.085041 0.850087 -0.519731
v -0.175604 0.119283 -0.091572
vn -0.085041 0.850087 -0.519731
v -0.175604 0.113965 -0.097671
vn -0.079322 0.638167 -0.765801
v -0.183092 0.116473 -0.094806
vn -0.079322 0.638167 -0.765801
v -0.175604 0.117206 -0.094971
vn -0.079322 0.638167 -0.765801
v -0.183344 0.118435 -0.091694
vn -0.287010 0.938893 -0.190015
v -0.189941 0.117206 -0.087802
vn -0.287010 0.938893 -0.190015
v -0.183144 0.119283 -0.087802
vn -0.287010 0.938893 -0.190015
v -0.183344 0.118435 -0.091694
vn -0.265443 0.808444 -0.525318
v -0.188513 0.115073 -0.094256
vn -0.265443 0.808444 -0.525318
v -0.189624 0.116463 -0.091556
vn -0.265443 0.808444 -0.525318
v -0.183112 0.113774 -0.097052
vn -0.236441 0.622642 -0.745931
v -0.188513 0.115073 -0.094256
vn -0.236441 0.622642 -0.745931
v -0.183092 0.116473 -0.094806
vn -0.236441 0.622642 -0.745931
v -0.183144 0.105363 -0.099403
vn -0.078286 0.130480 -0.988355
v -0.175604 0.109887 -0.099403
vn -0.078286 0.130480 -0.988355
v -0.175604 0.105363 -0.100000
vn -0.078286 0.130480 -0.988355
v -0.189941 0.105363 -0.097671
vn -0.244652 0.133443 -0.960384
v -0.183388 0.110007 -0.098695
vn -0.244652 0.133443 -0.960384
v -0.183144 0.105363 -0.099403
vn -0.244652 0.133443 -0.960384
v -0.189941 0.105363 -0.097671
vn -0.442035 0.152599 -0.883922
v -0.194105 0.109867 -0.094812
vn -0.442035 0.152599 -0.883922
v -0.189611 0.109855 -0.097061
vn -0.442035 0.152599 -0.883922
v -0.175604 0.109887 -0.099403
vn -0.085516 0.389373 -0.917102
v -0.183112 0.113774 -0.097052
vn -0.085516 0.389373 -0.917102
v -0.175604 0.113965 -0.097671
vn -0.085516 0.389373 -0.917102
v -0.183388 0.110007 -0.098695
vn -0.239189 0.402876 -0.883448
v -0.188513 0.113108 -0.095894
vn -0.239189 0.402876 -0.883448
v -0.183112 0.113774 -0.097052
vn -0.239189 0.402876 -0.883448
v -0.189611 0.109855 -0.097061
vn -0.404431 0.426830 -0.808858
v -0.191788 0.113108 -0.094256
vn -0.404431 0.426830 -0.808858
v -0.188513 0.113108 -0.095894
vn -0.404431 0.426830 -0.808858
v -0.198805 0.109887 -0.087802
vn -0.924462 0.244084 -0.292906
v -0.198805 0.105363 -0.091572
vn -0.924462 0.244084 -0.292906
v -0.200000 0.105363 -0.087802
vn -0.924462 0.244084 -0.292906
v -0.195343 0.113965 -0.087802
vn -0.738766 0.627323 -0.246354
v -0.197391 0.110033 -0.091672
vn -0.738766 0.627323 -0.246354
v -0.198805 0.109887 -0.087802
vn -0.738766 0.627323 -0.246354
v -0.189941 0.117206 -0.087802
vn -0.503189 0.838651 -0.208483
v -0.194122 0.113767 -0.091546
vn -0.503189 0.838651 -0.208483
v -0.195343 0.113965 -0.087802
vn -0.503189 0.838651 -0.208483
v -0.197391 0.110033 -0.091672
vn -0.687235 0.193173 -0.700280
v -0.195343 0.105363 -0.094971
vn -0.687235 0.193173 -0.700280
v -0.198805 0.105363 -0.091572
vn -0.687235 0.193173 -0.700280
v -0.194122 0.113767 -0.091546
vn -0.574317 0.524091 -0.628879
v -0.194105 0.109867 -0.094812
vn -0.574317 0.524091 -0.628879
v -0.197391 0.110033 -0.091672
vn -0.574317 0.524091 -0.628879
v -0.189624 0.116463 -0.091556
vn -0.431500 0.717976 -0.546185
v -0.191788 0.113108 -0.094256
vn -0.431500 0.717976 -0.546185
v -0.194122 0.113767 -0.091546
vn -0.431500 0.717976 -0.546185
v -0.188513 0.115073 -0.094256
vn -0.358567 0.597613 -0.717139
v -0.188513 0.113108 -0.095894
vn -0.358567 0.597613 -0.717139
v -0.191788 0.113108 -0.094256
vn -0.358567 0.597613 -0.717139
v -0.189941 -0.117206 0.000223
vn 0.000000 0.000000 1.000000
v -0.183144 -0.119283 0.000223
vn 0.000000 0.000000 1.000000
v -0.200000 -0.105363 0.000223
vn 0.000000 0.000000 1.000000
v 0.175604 -0.119283 -0.091572
vn 0.092975 -0.978151 -0.185946
v 0.183144 -0.119283 -0.087802
vn 0.092975 -0.978151 -0.185946
v 0.175604 -0.120000 -0.087802
vn 0.092975 -0.978151 -0.185946
v 0.175604 -0.117206 -0.094971
vn 0.085041 -0.850087 -0.519731
v 0.183344 -0.118435 -0.091694
vn 0.085041 -0.850087 -0.519731
v 0.175604 -0.119283 -0.091572
vn 0.085041 -0.850087 -0.519731
v 0.175604 -0.113965 -0.097671
vn 0.079322 -0.638167 -0.765801
v 0.183092 -0.116473 -0.094806
vn 0.079322 -0.638167 -0.765801
v 0.175604 -0.117206 -0.094971
vn 0.079322 -0.638167 -0.765801
v 0.183344 -0.118435 -0.091694
vn 0.287010 -0.938893 -0.190015
v 0.189941 -0.117206 -0.087802
vn 0.287010 -0.938893 -0.190015
v 0.183144 -0.119283 -0.087802
vn 0.287010 -0.938893 -0.190015
v 0.183344 -0.118435 -0.091694
vn 0.265443 -0.808444 -0.525318
v 0.188513 -0.115073 -0.094256
vn 0.265443 -0.808444 -0.525318
v 0.189624 -0.116463 -0.091556
vn 0.265443 -0.808444 -0.525318
v 0.183112 -0.113774 -0.097052
vn 0.236441 -0.622642 -0.745931
v 0.188513 -0.115073 -0.094256
vn 0.236441 -0.622642 -0.745931
v 0.183092 -0.116473 -0.094806
vn 0.236441 -0.622642 -0.745931
v 0.183144 -0.105363 -0.099403
vn 0.078286 -0.130480 -0.988355
v 0.175604 -0.109887 -0.099403
vn 0.078286 -0.130480 -0.988355
v 0.175604 -0.105363 -0.100000
vn 0.078286 -0.130480 -0.988355
v 0.189941 -0.105363 -0.097671
vn 0.244652 -0.133443 -0.960384
v 0.183388 -0.110007 -0.098695
vn 0.244652 -0.133443 -0.960384
v 0.183144 -0.105363 -0.099403
vn 0.244652 -0.133443 -0.960384
v 0.189941 -0.105363 -0.097671
vn 0.442035 -0.152599 -0.883922
v 0.194105 -0.109867 -0.094812
vn 0.442035 -0.152599 -0.883922
v 0.189611 -0.109855 -0.097061
vn 0.442035 -0.152599 -0.883922
v 0.175604 -0.109887 -0.099403
vn 0.085516 -0.389373 -0.917102
v 0.183112 -0.113774 -0.097052
vn 0.085516 -0.389373 -0.917102
v 0.175604 -0.113965 -0.097671
vn 0.085516 -0.389373 -0.917102
v 0.183388 -0.110007 -0.098695
vn 0.239189 -0.402876 -0.883448
v 0.188513 -0.113108 -0.095894
vn 0.239189 -0.402876 -0.883448
v 0.183112 -0.113774 -0.097052
vn 0.239189 -0.402876 -0.883448
v 0.189611 -0.109855 -0.097061
vn 0.404431 -0.426830 -0.808858
v 0.191788 -0.113108 -0.094256
vn 0.404431 -0.426830 -0.808858
v 0.188513 -0.113108 -0.095894
vn 0.404431 -0.426830 -0.808858
v 0.198805 -0.109887 -0.087802
vn 0.924462 -0.244084 -0.292906
v 0.198805 -0.105363 -0.091572
vn 0.924462 -0.244084 -0.292906
v 0.200000 -0.105363 -0.087802
vn 0.924462 -0.244084 -0.292906
v 0.195343 -0.113965 -0.087802
vn 0.738766 -0.627323 -0.246354
v 0.197391 -0.110033 -0.091672
vn 0.738766 -0.627323 -0.246354
v 0.198805 -0.109887 -0.087802
vn 0.738766 -0.627323 -0.246354
v 0.189941 -0.117206 -0.087802
vn 0.503189 -0.838651 -0.208483
v 0.194122 -0.113767 -0.091546
vn 0.503189 -0.838651 -0.208483
v 0.195343 -0.113965 -0.087802
vn 0.503189 -0.838651 -0.208483
v 0.197391 -0.110033 -0.091672
vn 0.687235 -0.193173 -0.700280
v 0.195343 -0.105363 -0.094971
vn 0.687235 -0.193173 -0.700280
v 0.198805 -0.105363 -0.091572
vn 0.687235 -0.193173 -0.700280
v 0.194122 -0.113767 -0.091546
vn 0.574317 -0.524091 -0.628879
v 0.194105 -0.109867 -0.094812
vn 0.574317 -0.524091 -0.628879
v 0.197391 -0.110033 -0.091672
vn 0.574317 -0.524091 -0.628879
v 0.189624 -0.116463 -0.091556
vn 0.431500 -0.717976 -0.546185
v 0.191788 -0.113108 -0.094256
vn 0.431500 -0.717976 -0.546185
v 0.194122 -0.113767 -0.091546
vn 0.431500 -0.717976 -0.546185
v 0.188513 -0.115073 -0.094256
vn 0.358567 -0.597613 -0.717139
v 0.188513 -0.113108 -0.095894
vn 0.358567 -0.597613 -0.717139
v 0.191788 -0.113108 -0.094256
vn 0.358567 -0.597613 -0.717139
v 0.183144 0.119283 -0.087802
vn 0.092975 0.978151 -0.185946
v 0.175604 0.119283 -0.091572
vn 0.092975 0.978151 -0.185946
v 0.175604 0.120000 -0.087802
vn 0.092975 0.978151 -0.185946
v 0.189941 0.117206 -0.087802
vn 0.287127 0.939276 -0.187931
v 0.183388 0.118435 -0.091672
vn 0.287127 0.939276 -0.187931
v 0.183144 0.119283 -0.087802
vn 0.287127 0.939276 -0.187931
v 0.189941 0.117206 -0.087802
vn 0.503254 0.838613 -0.208482
v 0.194105 0.113774 -0.091556
vn 0.503254 0.838613 -0.208482
v 0.189611 0.116473 -0.091546
vn 0.503254 0.838613 -0.208482
v 0.183388 0.118435 -0.091672
vn 0.086014 0.850016 -0.519688
v 0.175604 0.117206 -0.094971
vn 0.086014 0.850016 -0.519688
v 0.175604 0.119283 -0.091572
vn 0.086014 0.850016 -0.519688
v 0.183388 0.118435 -0.091672
vn 0.262082 0.806663 -0.529724
v 0.188513 0.115073 -0.094256
vn 0.262082 0.806663 -0.529724
v 0.183112 0.116463 -0.094812
vn 0.262082 0.806663 -0.529724
v 0.189611 0.116473 -0.091546
vn 0.431065 0.718439 -0.545920
v 0.191788 0.113108 -0.094256
vn 0.431065 0.718439 -0.545920
v 0.188513 0.115073 -0.094256
vn 0.431065 0.718439 -0.545920
v 0.198805 0.105363 -0.091572
vn 0.924461 0.244084 -0.292908
v 0.198805 0.109887 -0.087802
vn 0.924461 0.244084 -0.292908
v 0.200000 0.105363 -0.087802
vn 0.924461 0.244084 -0.292908
v 0.195343 0.105363 -0.094971
vn 0.687528 0.191056 -0.700573
v 0.197391 0.110007 -0.091694
vn 0.687528 0.191056 -0.700573
v 0.198805 0.105363 -0.091572
vn 0.687528 0.191056 -0.700573
v 0.189941 0.105363 -0.097671
vn 0.441976 0.152603 -0.883951
v 0.194122 0.109855 -0.094806
vn 0.441976 0.152603 -0.883951
v 0.195343 0.105363 -0.094971
vn 0.441976 0.152603 -0.883951
v 0.197391 0.110007 -0.091694
vn 0.738249 0.626881 -0.249014
v 0.195343 0.113965 -0.087802
vn 0.738249 0.626881 -0.249014
v 0.198805 0.109887 -0.087802
vn 0.738249 0.626881 -0.249014
v 0.194122 0.109855 -0.094806
vn 0.574317 0.524062 -0.628903
v 0.194105 0.113774 -0.091556
vn 0.574317 0.524062 -0.628903
v 0.197391 0.110007 -0.091694
vn 0.574317 0.524062 -0.628903
v 0.189624 0.109867 -0.097052
vn 0.404909 0.427104 -0.808475
v 0.191788 0.113108 -0.094256
vn 0.404909 0.427104 -0.808475
v 0.194122 0.109855 -0.094806
vn 0.404909 0.427104 -0.808475
v 0.175604 0.109887 -0.099403
vn 0.078286 0.130482 -0.988355
v 0.183144 0.105363 -0.099403
vn 0.078286 0.130482 -0.988355
v 0.175604 0.105363 -0.100000
vn 0.078286 0.130482 -0.988355
v 0.175604 0.113965 -0.097671
vn 0.076512 0.389663 -0.917774
v 0.183344 0.110033 -0.098695
vn 0.076512 0.389663 -0.917774
v 0.175604 0.109887 -0.099403
vn 0.076512 0.389663 -0.917774
v 0.175604 0.113965 -0.097671
vn 0.079320 0.638234 -0.765745
v 0.183112 0.116463 -0.094812
vn 0.079320 0.638234 -0.765745
v 0.183092 0.113767 -0.097061
vn 0.079320 0.638234 -0.765745
v 0.183344 0.110033 -0.098695
vn 0.244600 0.134951 -0.960187
v 0.189941 0.105363 -0.097671
vn 0.244600 0.134951 -0.960187
v 0.183144 0.105363 -0.099403
vn 0.244600 0.134951 -0.960187
v 0.183344 0.110033 -0.098695
vn 0.241990 0.399077 -0.884409
v 0.188513 0.113108 -0.095894
vn 0.241990 0.399077 -0.884409
v 0.189624 0.109867 -0.097052
vn 0.241990 0.399077 -0.884409
v 0.183092 0.113767 -0.097061
vn 0.236343 0.622046 -0.746459
v 0.188513 0.115073 -0.094256
vn 0.236343 0.622046 -0.746459
v 0.188513 0.113108 -0.095894
vn 0.236343 0.622046 -0.746459
v 0.188513 0.115073 -0.094256
vn 0.358567 0.597613 -0.717139
v 0.191788 0.113108 -0.094256
vn 0.358567 0.597613 -0.717139
v 0.188513 0.113108 -0.095894
vn 0.358567 0.597613 -0.717139
v -0.175604 0.120000 0.000223
vn -0.094624 0.995513 -0.000000
v -0.183144 0.119283 -0.087802
vn -0.094624 0.995513 -0.000000
v -0.183144 0.119283 0.000223
vn -0.094624 0.995513 -0.000000
v -0.183144 0.119283 -0.087802
vn -0.292339 0.956315 -0.000000
v -0.189941 0.117206 0.000223
vn -0.292339 0.956315 -0.000000
v -0.183144 0.119283 0.000223
vn -0.292339 0.956315 -0.000000
v -0.189941 0.117206 -0.087802
vn -0.514496 0.857493 -0.000000
v -0.195343 0.113965 0.000223
vn -0.514496 0.857493 -0.000000
v -0.189941 0.117206 0.000223
vn -0.514496 0.857493 -0.000000
v -0.195343 0.113965 -0.087802
vn -0.762261 0.647270 -0.000000
v -0.198805 0.109887 0.000223
vn -0.762261 0.647270 -0.000000
v -0.195343 0.113965 0.000223
vn -0.762261 0.647270 -0.000000
v -0.198805 0.109887 -0.087802
vn -0.966867 0.255280 -0.000000
v -0.200000 0.105363 0.000223
vn -0.966867 0.255280 -0.000000
v -0.198805 0.109887 0.000223
vn -0.966867 0.255280 -0.000000
v -0.175604 -0.105363 -0.100000
vn -0.078961 0.000000 -0.996878
v -0.183144 0.105363 -0.099403
vn -0.078961 0.000000 -0.996878
v -0.175604 0.105363 -0.100000
vn -0.078961 0.000000 -0.996878
v -0.183144 -0.105363 -0.099403
vn -0.246861 0.000000 -0.969051
v -0.189941 0.105363 -0.097671
vn -0.246861 0.000000 -0.969051
v -0.183144 0.105363 -0.099403
vn -0.246861 0.000000 -0.969051
v -0.189941 -0.105363 -0.097671
vn -0.447211 0.000000 -0.894428
v -0.195343 0.105363 -0.094971
vn -0.447211 0.000000 -0.894428
v -0.189941 0.105363 -0.097671
vn -0.447211 0.000000 -0.894428
v -0.195343 -0.105363 -0.094971
vn -0.700431 0.000000 -0.713720
v -0.198805 0.105363 -0.091572
vn -0.700431 0.000000 -0.713720
v -0.195343 0.105363 -0.094971
vn -0.700431 0.000000 -0.713720
v -0.198805 -0.105363 -0.091572
vn -0.953295 0.000000 -0.302040
v -0.200000 0.105363 -0.087802
vn -0.953295 0.000000 -0.302040
v -0.198805 0.105363 -0.091572
vn -0.953295 0.000000 -0.302040
v -0.175604 -0.120000 -0.087802
vn 0.000000 -0.982406 -0.186756
v 0.175604 -0.119283 -0.091572
vn 0.000000 -0.982406 -0.186756
v 0.175604 -0.120000 -0.087802
vn 0.000000 -0.982406 -0.186756
v -0.175604 -0.119283 -0.091572
vn 0.000000 -0.853178 -0.521620
v 0.175604 -0.117206 -0.094971
vn 0.000000 -0.853178 -0.521620
v 0.175604 -0.119283 -0.091572
vn 0.000000 -0.853178 -0.521620
v -0.175604 -0.117206 -0.094971
vn 0.000000 -0.640185 -0.768221
v 0.175604 -0.113965 -0.097671
vn 0.000000 -0.640185 -0.768221
v 0.175604 -0.117206 -0.094971
vn 0.000000 -0.640185 -0.768221
v -0.175604 -0.113965 -0.097671
vn 0.000000 -0.390810 -0.920471
v 0.175604 -0.109887 -0.099403
vn 0.000000 -0.390810 -0.920471
v 0.175604 -0.113965 -0.097671
vn 0.000000 -0.390810 -0.920471
v -0.175604 -0.109887 -0.099403
vn 0.000000 -0.130883 -0.991398
v 0.175604 -0.105363 -0.100000
vn 0.000000 -0.130883 -0.991398
v 0.175604 -0.109887 -0.099403
vn 0.000000 -0.130883 -0.991398
v 0.175604 0.120000 -0.087802
vn 0.000000 0.982406 -0.186756
v -0.175604 0.119283 -0.091572
vn 0.000000 0.982406 -0.186756
v -0.175604 0.120000 -0.087802
vn 0.000000 0.982406 -0.186756
v 0.175604 0.119283 -0.091572
vn 0.000000 0.853178 -0.521620
v -0.175604 0.117206 -0.094971
vn 0.000000 0.853178 -0.521620
v -0.175604 0.119283 -0.091572
vn 0.000000 0.853178 -0.521620
v 0.175604 0.117206 -0.094971
vn 0.000000 0.640185 -0.768221
v -0.175604 0.113965 -0.097671
vn 0.000000 0.640185 -0.768221
v -0.175604 0.117206 -0.094971
vn 0.000000 0.640185 -0.768221
v 0.175604 0.113965 -0.097671
vn 0.000000 0.390810 -0.920471
v -0.175604 0.109887 -0.099403
vn 0.000000 0.390810 -0.920471
v -0.175604 0.113965 -0.097671
vn 0.000000 0.390810 -0.920471
v 0.175604 0.109887 -0.099403
vn 0.000000 0.130883 -0.991398
v -0.175604 0.105363 -0.100000
vn 0.000000 0.130883 -0.991398
v -0.175604 0.109887 -0.099403
vn 0.000000 0.130883 -0.991398
v 0.200000 -0.105363 -0.087802
vn 0.953298 0.000000 -0.302032
v 0.198805 0.105363 -0.091572
vn 0.953298 0.000000 -0.302032
v 0.200000 0.105363 -0.087802
vn 0.953298 0.000000 -0.302032
v 0.198805 -0.105363 -0.091572
vn 0.700431 0.000000 -0.713720
v 0.195343 0.105363 -0.094971
vn 0.700431 0.000000 -0.713720
v 0.198805 0.105363 -0.091572
vn 0.700431 0.000000 -0.713720
v 0.195343 -0.105363 -0.094971
vn 0.447214 0.000000 -0.894427
v 0.189941 0.105363 -0.097671
vn 0.447214 0.000000 -0.894427
v 0.195343 0.105363 -0.094971
vn 0.447214 0.000000 -0.894427
v 0.189941 -0.105363 -0.097671
vn 0.246859 0.000000 -0.969051
v 0.183144 0.105363 -0.099403
vn 0.246859 0.000000 -0.969051
v 0.189941 0.105363 -0.097671
vn 0.246859 0.000000 -0.969051
v 0.183144 -0.105363 -0.099403
vn 0.078961 0.000000 -0.996878
v 0.175604 0.105363 -0.100000
vn 0.078961 0.000000 -0.996878
v 0.183144 0.105363 -0.099403
vn 0.078961 0.000000 -0.996878
v 0.175604 -0.120000 0.000223
vn 0.094624 -0.995513 -0.000000
v 0.183144 -0.119283 -0.087802
vn 0.094624 -0.995513 -0.000000
v 0.183144 -0.119283 0.000223
vn 0.094624 -0.995513 -0.000000
v 0.183144 -0.119283 -0.087802
vn 0.292339 -0.956315 -0.000000
v 0.189941 -0.117206 0.000223
vn 0.292339 -0.956315 -0.000000
v 0.183144 -0.119283 0.000223
vn 0.292339 -0.956315 -0.000000
v 0.189941 -0.117206 -0.087802
vn 0.514496 -0.857493 -0.000000
v 0.195343 -0.113965 0.000223
vn 0.514496 -0.857493 -0.000000
v 0.189941 -0.117206 0.000223
vn 0.514496 -0.857493 -0.000000
v 0.195343 -0.113965 -0.087802
vn 0.762261 -0.647270 -0.000000
v 0.198805 -0.109887 0.000223
vn 0.762261 -0.647270 -0.000000
v 0.195343 -0.113965 0.000223
vn 0.762261 -0.647270 -0.000000
v 0.198805 -0.109887 -0.087802
vn 0.966867 -0.255280 -0.000000
v 0.200000 -0.105363 0.000223
vn 0.966867 -0.255280 -0.000000
v 0.198805 -0.109887 0.000223
vn 0.966867 -0.255280 -0.000000
v 0.175604 -0.120000 -0.087802
vn 0.000000 -1.000000 -0.000000
v -0.175604 -0.120000 0.000223
vn 0.000000 -1.000000 -0.000000
v -0.175604 -0.120000 -0.087802
vn 0.000000 -1.000000 -0.000000
v 0.198805 0.109887 -0.087802
vn 0.966867 0.255280 -0.000000
v 0.200000 0.105363 0.000223
vn 0.966867 0.255280 -0.000000
v 0.200000 0.105363 -0.087802
vn 0.966867 0.255280 -0.000000
v 0.195343 0.113965 0.000223
vn 0.762261 0.647270 -0.000000
v 0.198805 0.109887 -0.087802
vn 0.762261 0.647270 -0.000000
v 0.195343 0.113965 -0.087802
vn 0.762261 0.647270 -0.000000
v 0.189941 0.117206 0.000223
vn 0.514496 0.857493 -0.000000
v 0.195343 0.113965 -0.087802
vn 0.514496 0.857493 -0.000000
v 0.189941 0.117206 -0.087802
vn 0.514496 0.857493 -0.000000
v 0.183144 0.119283 0.000223
vn 0.292339 0.956315 -0.000000
v 0.189941 0.117206 -0.087802
vn 0.292339 0.956315 -0.000000
v 0.183144 0.119283 -0.087802
vn 0.292339 0.956315 -0.000000
v 0.175604 0.120000 0.000223
vn 0.094621 0.995513 -0.000000
v 0.183144 0.119283 -0.087802
vn 0.094621 0.995513 -0.000000
v 0.175604 0.120000 -0.087802
vn 0.094621 0.995513 -0.000000
v -0.198805 -0.109887 -0.087802
vn -0.966867 -0.255280 -0.000000
v -0.200000 -0.105363 0.000223
vn -0.966867 -0.255280 -0.000000
v -0.200000 -0.105363 -0.087802
vn -0.966867 -0.255280 -0.000000
v -0.195343 -0.113965 0.000223
vn -0.762261 -0.647270 -0.000000
v -0.198805 -0.109887 -0.087802
vn -0.762261 -0.647270 -0.000000
v -0.195343 -0.113965 -0.087802
vn -0.762261 -0.647270 -0.000000
v -0.189941 -0.117206 0.000223
vn -0.514496 -0.857493 -0.000000
v -0.195343 -0.113965 -0.087802
vn -0.514496 -0.857493 -0.000000
v -0.189941 -0.117206 -0.087802
vn -0.514496 -0.857493 -0.000000
v -0.183144 -0.119283 0.000223
vn -0.292339 -0.956315 -0.000000
v -0.189941 -0.117206 -0.087802
vn -0.292339 -0.956315 -0.000000
v -0.183144 -0.119283 -0.087802
vn -0.292339 -0.956315 -0.000000
v -0.175604 -0.120000 0.000223
vn -0.094621 -0.995513 -0.000000
v -0.183144 -0.119283 -0.087802
vn -0.094621 -0.995513 -0.000000
v -0.175604 -0.120000 -0.087802
vn -0.094621 -0.995513 -0.000000
v -0.175604 0.120000 -0.087802
vn 0.000000 1.000000 -0.000000
v 0.175604 0.120000 0.000223
vn 0.000000 1.000000 -0.000000
v 0.175604 0.120000 -0.087802
vn 0.000000 1.000000 -0.000000
v 0.200000 0.105363 -0.087802
vn 1.000000 0.000000 -0.000000
v 0.200000 -0.105363 0.000223
vn 1.000000 0.000000 -0.000000
v 0.200000 -0.105363 -0.087802
vn 1.000000 0.000000 -0.000000
v -0.200000 0.105363 -0.087802
vn -1.000000 0.000000 -0.000000
v 0.175604 0.105363 -0.100000
vn 0.000000 0.000000 -1.000000
v -0.183144 -0.119283 -0.087802
vn -0.103431 -0.972888 -0.206859
v -0.183388 -0.118435 -0.091672
vn -0.103431 -0.972888 -0.206859
v -0.175604 -0.119283 -0.091572
vn -0.103431 -0.972888 -0.206859
v -0.189941 -0.117206 -0.087802
vn -0.297852 -0.931556 -0.208537
v -0.189611 -0.116473 -0.091546
vn -0.297852 -0.931556 -0.208537
v -0.183388 -0.118435 -0.091672
vn -0.297852 -0.931556 -0.208537
v -0.189941 -0.117206 -0.087802
vn -0.503181 -0.838630 -0.208587
v -0.195343 -0.113965 -0.087802
vn -0.503181 -0.838630 -0.208587
v -0.194105 -0.113774 -0.091556
vn -0.503181 -0.838630 -0.208587
v -0.183388 -0.118435 -0.091672
vn -0.094382 -0.839284 -0.535438
v -0.183112 -0.116463 -0.094812
vn -0.094382 -0.839284 -0.535438
v -0.175604 -0.117206 -0.094971
vn -0.094382 -0.839284 -0.535438
v -0.183388 -0.118435 -0.091672
vn -0.265463 -0.808440 -0.525314
v -0.189611 -0.116473 -0.091546
vn -0.265463 -0.808440 -0.525314
v -0.188513 -0.115073 -0.094256
vn -0.265463 -0.808440 -0.525314
v -0.189611 -0.116473 -0.091546
vn -0.430341 -0.718434 -0.546497
v -0.194105 -0.113774 -0.091556
vn -0.430341 -0.718434 -0.546497
v -0.191788 -0.113108 -0.094256
vn -0.430341 -0.718434 -0.546497
v -0.198805 -0.105363 -0.091572
vn -0.908046 -0.268157 -0.321785
v -0.197391 -0.110007 -0.091694
vn -0.908046 -0.268157 -0.321785
v -0.198805 -0.109887 -0.087802
vn -0.908046 -0.268157 -0.321785
v -0.195343 -0.105363 -0.094971
vn -0.669265 -0.208083 -0.713292
v -0.194122 -0.109855 -0.094806
vn -0.669265 -0.208083 -0.713292
v -0.197391 -0.110007 -0.091694
vn -0.669265 -0.208083 -0.713292
v -0.189941 -0.105363 -0.097671
vn -0.441906 -0.152678 -0.883973
v -0.189624 -0.109867 -0.097052
vn -0.441906 -0.152678 -0.883973
v -0.194122 -0.109855 -0.094806
vn -0.441906 -0.152678 -0.883973
v -0.197391 -0.110007 -0.091694
vn -0.720629 -0.638529 -0.270137
v -0.194105 -0.113774 -0.091556
vn -0.720629 -0.638529 -0.270137
v -0.195343 -0.113965 -0.087802
vn -0.720629 -0.638529 -0.270137
v -0.194122 -0.109855 -0.094806
vn -0.579631 -0.521681 -0.626001
v -0.191788 -0.113108 -0.094256
vn -0.579631 -0.521681 -0.626001
v -0.194105 -0.113774 -0.091556
vn -0.579631 -0.521681 -0.626001
v -0.189624 -0.109867 -0.097052
vn -0.404272 -0.427591 -0.808536
v -0.188513 -0.113108 -0.095894
vn -0.404272 -0.427591 -0.808536
v -0.191788 -0.113108 -0.094256
vn -0.404272 -0.427591 -0.808536
v -0.175604 -0.109887 -0.099403
vn -0.087309 -0.145511 -0.985497
v -0.183344 -0.110033 -0.098695
vn -0.087309 -0.145511 -0.985497
v -0.183144 -0.105363 -0.099403
vn -0.087309 -0.145511 -0.985497
v -0.175604 -0.113965 -0.097671
vn -0.084939 -0.404394 -0.910632
v -0.183092 -0.113767 -0.097061
vn -0.084939 -0.404394 -0.910632
v -0.183344 -0.110033 -0.098695
vn -0.084939 -0.404394 -0.910632
v -0.175604 -0.113965 -0.097671
vn -0.079361 -0.638165 -0.765798
v -0.175604 -0.117206 -0.094971
vn -0.079361 -0.638165 -0.765798
v -0.183112 -0.116463 -0.094812
vn -0.079361 -0.638165 -0.765798
v -0.183344 -0.110033 -0.098695
vn -0.254023 -0.149261 -0.955611
v -0.189624 -0.109867 -0.097052
vn -0.254023 -0.149261 -0.955611
v -0.189941 -0.105363 -0.097671
vn -0.254023 -0.149261 -0.955611
v -0.183344 -0.110033 -0.098695
vn -0.239186 -0.402908 -0.883434
v -0.183092 -0.113767 -0.097061
vn -0.239186 -0.402908 -0.883434
v -0.188513 -0.113108 -0.095894
vn -0.239186 -0.402908 -0.883434
v -0.183092 -0.113767 -0.097061
vn -0.236726 -0.621381 -0.746892
v -0.183112 -0.116463 -0.094812
vn -0.236726 -0.621381 -0.746892
v -0.188513 -0.115073 -0.094256
vn -0.236726 -0.621381 -0.746892
v -0.175604 0.119283 -0.091572
vn -0.103432 0.972888 -0.206861
v -0.183344 0.118435 -0.091694
vn -0.103432 0.972888 -0.206861
v -0.183144 0.119283 -0.087802
vn -0.103432 0.972888 -0.206861
v -0.175604 0.117206 -0.094971
vn -0.093883 0.838755 -0.536355
v -0.183092 0.116473 -0.094806
vn -0.093883 0.838755 -0.536355
v -0.183344 0.118435 -0.091694
vn -0.093883 0.838755 -0.536355
v -0.175604 0.113965 -0.097671
vn -0.079364 0.638100 -0.765852
v -0.183112 0.113774 -0.097052
vn -0.079364 0.638100 -0.765852
v -0.183092 0.116473 -0.094806
vn -0.079364 0.638100 -0.765852
v -0.183344 0.118435 -0.091694
vn -0.297150 0.931559 -0.209524
v -0.189624 0.116463 -0.091556
vn -0.297150 0.931559 -0.209524
v -0.189941 0.117206 -0.087802
vn -0.297150 0.931559 -0.209524
v -0.183344 0.118435 -0.091694
vn -0.262076 0.806648 -0.529750
v -0.183092 0.116473 -0.094806
vn -0.262076 0.806648 -0.529750
v -0.188513 0.115073 -0.094256
vn -0.262076 0.806648 -0.529750
v -0.183112 0.113774 -0.097052
vn -0.236824 0.621969 -0.746370
v -0.188513 0.113108 -0.095894
vn -0.236824 0.621969 -0.746370
v -0.188513 0.115073 -0.094256
vn -0.236824 0.621969 -0.746370
v -0.183144 0.105363 -0.099403
vn -0.087309 0.145511 -0.985497
v -0.183388 0.110007 -0.098695
vn -0.087309 0.145511 -0.985497
v -0.175604 0.109887 -0.099403
vn -0.087309 0.145511 -0.985497
v -0.189941 0.105363 -0.097671
vn -0.254608 0.148551 -0.955567
v -0.189611 0.109855 -0.097061
vn -0.254608 0.148551 -0.955567
v -0.183388 0.110007 -0.098695
vn -0.254608 0.148551 -0.955567
v -0.189941 0.105363 -0.097671
vn -0.441970 0.152678 -0.883941
v -0.195343 0.105363 -0.094971
vn -0.441970 0.152678 -0.883941
v -0.194105 0.109867 -0.094812
vn -0.441970 0.152678 -0.883941
v -0.175604 0.109887 -0.099403
vn -0.076644 0.403334 -0.911837
v -0.183388 0.110007 -0.098695
vn -0.076644 0.403334 -0.911837
v -0.183112 0.113774 -0.097052
vn -0.076644 0.403334 -0.911837
v -0.183388 0.110007 -0.098695
vn -0.242007 0.399080 -0.884403
v -0.189611 0.109855 -0.097061
vn -0.242007 0.399080 -0.884403
v -0.188513 0.113108 -0.095894
vn -0.242007 0.399080 -0.884403
v -0.189611 0.109855 -0.097061
vn -0.403793 0.427312 -0.808922
v -0.194105 0.109867 -0.094812
vn -0.403793 0.427312 -0.808922
v -0.191788 0.113108 -0.094256
vn -0.403793 0.427312 -0.808922
v -0.198805 0.109887 -0.087802
vn -0.908047 0.268155 -0.321782
v -0.197391 0.110033 -0.091672
vn -0.908047 0.268155 -0.321782
v -0.198805 0.105363 -0.091572
vn -0.908047 0.268155 -0.321782
v -0.195343 0.113965 -0.087802
vn -0.720187 0.639633 -0.268699
v -0.194122 0.113767 -0.091546
vn -0.720187 0.639633 -0.268699
v -0.197391 0.110033 -0.091672
vn -0.720187 0.639633 -0.268699
v -0.189941 0.117206 -0.087802
vn -0.503116 0.838669 -0.208589
v -0.189624 0.116463 -0.091556
vn -0.503116 0.838669 -0.208589
v -0.194122 0.113767 -0.091546
vn -0.503116 0.838669 -0.208589
v -0.197391 0.110033 -0.091672
vn -0.669926 0.209274 -0.712322
v -0.194105 0.109867 -0.094812
vn -0.669926 0.209274 -0.712322
v -0.195343 0.105363 -0.094971
vn -0.669926 0.209274 -0.712322
v -0.194122 0.113767 -0.091546
vn -0.579630 0.521669 -0.626012
v -0.191788 0.113108 -0.094256
vn -0.579630 0.521669 -0.626012
v -0.194105 0.109867 -0.094812
vn -0.579630 0.521669 -0.626012
v -0.189624 0.116463 -0.091556
vn -0.430783 0.717973 -0.546754
v -0.188513 0.115073 -0.094256
vn -0.430783 0.717973 -0.546754
v -0.191788 0.113108 -0.094256
vn -0.430783 0.717973 -0.546754
v -0.175604 -0.120000 0.000223
vn 0.000000 0.000000 1.000000
v 0.175604 -0.120000 0.000223
vn 0.000000 0.000000 1.000000
v 0.175604 0.120000 0.000223
vn 0.000000 0.000000 1.000000
v 0.175604 -0.120000 0.000223
vn 0.000000 0.000000 1.000000
v 0.183144 -0.119283 0.000223
vn 0.000000 0.000000 1.000000
v 0.200000 -0.105363 0.000223
vn 0.000000 0.000000 1.000000
v 0.200000 -0.105363 0.000223
vn 0.000000 0.000000 1.000000
v 0.183144 -0.119283 0.000223
vn 0.000000 0.000000 1.000000
v 0.189941 -0.117206 0.000223
vn 0.000000 0.000000 1.000000
v 0.200000 -0.105363 0.000223
vn 0.000000 0.000000 1.000000
v 0.189941 -0.117206 0.000223
vn 0.000000 0.000000 1.000000
v 0.195343 -0.113965 0.000223
vn 0.000000 0.000000 1.000000
v 0.200000 -0.105363 0.000223
vn 0.000000 0.000000 1.000000
v 0.195343 -0.113965 0.000223
vn 0.000000 0.000000 1.000000
v 0.198805 -0.109887 0.000223
vn 0.000000 0.000000 1.000000
v 0.200000 -0.105363 0.000223
vn 0.000000 0.000000 1.000000
v 0.200000 0.105363 0.000223
vn 0.000000 0.000000 1.000000
v 0.200000 0.105363 0.000223
vn 0.000000 0.000000 1.000000
v 0.198805 0.109887 0.000223
vn 0.000000 0.000000 1.000000
v 0.195343 0.113965 0.000223
vn 0.000000 0.000000 1.000000
v 0.175604 0.120000 0.000223
vn 0.000000 0.000000 1.000000
v 0.200000 0.105363 0.000223
vn 0.000000 0.000000 1.000000
v 0.183144 0.119283 0.000223
vn 0.000000 0.000000 1.000000
v 0.195343 0.113965 0.000223
vn 0.000000 0.000000 1.000000
v 0.189941 0.117206 0.000223
vn 0.000000 0.000000 1.000000
v 0.200000 0.105363 0.000223
vn 0.000000 0.000000 1.000000
v 0.189941 0.117206 0.000223
vn 0.000000 0.000000 1.000000
v 0.183144 0.119283 0.000223
vn 0.000000 0.000000 1.000000
v 0.200000 0.105363 0.000223
vn 0.000000 0.000000 1.000000
v -0.175604 0.120000 0.000223
vn 0.000000 0.000000 1.000000
v -0.175604 0.120000 0.000223
vn 0.000000 0.000000 1.000000
v -0.183144 0.119283 0.000223
vn 0.000000 0.000000 1.000000
v -0.200000 0.105363 0.000223
vn 0.000000 0.000000 1.000000
v -0.200000 0.105363 0.000223
vn 0.000000 0.000000 1.000000
v -0.183144 0.119283 0.000223
vn 0.000000 0.000000 1.000000
v -0.189941 0.117206 0.000223
vn 0.000000 0.000000 1.000000
v -0.200000 0.105363 0.000223
vn 0.000000 0.000000 1.000000
v -0.189941 0.117206 0.000223
vn 0.000000 0.000000 1.000000
v -0.195343 0.113965 0.000223
vn 0.000000 0.000000 1.000000
v -0.200000 0.105363 0.000223
vn 0.000000 0.000000 1.000000
v -0.195343 0.113965 0.000223
vn 0.000000 0.000000 1.000000
v -0.198805 0.109887 0.000223
vn 0.000000 0.000000 1.000000
v -0.200000 0.105363 0.000223
vn 0.000000 0.000000 1.000000
v -0.200000 -0.105363 0.000223
vn 0.000000 0.000000 1.000000
v -0.200000 -0.105363 0.000223
vn 0.000000 0.000000 1.000000
v -0.198805 -0.109887 0.000223
vn 0.000000 0.000000 1.000000
v -0.195343 -0.113965 0.000223
vn 0.000000 0.000000 1.000000
v -0.175604 -0.120000 0.000223
vn 0.000000 0.000000 1.000000
v -0.200000 -0.105363 0.000223
vn 0.000000 0.000000 1.000000
v -0.183144 -0.119283 0.000223
vn 0.000000 0.000000 1.000000
v -0.195343 -0.113965 0.000223
vn 0.000000 0.000000 1.000000
v -0.189941 -0.117206 0.000223
vn 0.000000 0.000000 1.000000
v -0.200000 -0.105363 0.000223
vn 0.000000 0.000000 1.000000
v 0.175604 -0.119283 -0.091572
vn 0.103432 -0.972888 -0.206861
v 0.183344 -0.118435 -0.091694
vn 0.103432 -0.972888 -0.206861
v 0.183144 -0.119283 -0.087802
vn 0.103432 -0.972888 -0.206861
v 0.175604 -0.117206 -0.094971
vn 0.093883 -0.838755 -0.536355
v 0.183092 -0.116473 -0.094806
vn 0.093883 -0.838755 -0.536355
v 0.183344 -0.118435 -0.091694
vn 0.093883 -0.838755 -0.536355
v 0.175604 -0.113965 -0.097671
vn 0.079364 -0.638100 -0.765852
v 0.183112 -0.113774 -0.097052
vn 0.079364 -0.638100 -0.765852
v 0.183092 -0.116473 -0.094806
vn 0.079364 -0.638100 -0.765852
v 0.183344 -0.118435 -0.091694
vn 0.297150 -0.931559 -0.209524
v 0.189624 -0.116463 -0.091556
vn 0.297150 -0.931559 -0.209524
v 0.189941 -0.117206 -0.087802
vn 0.297150 -0.931559 -0.209524
v 0.183344 -0.118435 -0.091694
vn 0.262076 -0.806648 -0.529750
v 0.183092 -0.116473 -0.094806
vn 0.262076 -0.806648 -0.529750
v 0.188513 -0.115073 -0.094256
vn 0.262076 -0.806648 -0.529750
v 0.183112 -0.113774 -0.097052
vn 0.236824 -0.621969 -0.746370
v 0.188513 -0.113108 -0.095894
vn 0.236824 -0.621969 -0.746370
v 0.188513 -0.115073 -0.094256
vn 0.236824 -0.621969 -0.746370
v 0.183144 -0.105363 -0.099403
vn 0.087309 -0.145511 -0.985497
v 0.183388 -0.110007 -0.098695
vn 0.087309 -0.145511 -0.985497
v 0.175604 -0.109887 -0.099403
vn 0.087309 -0.145511 -0.985497
v 0.189941 -0.105363 -0.097671
vn 0.254608 -0.148551 -0.955567
v 0.189611 -0.109855 -0.097061
vn 0.254608 -0.148551 -0.955567
v 0.183388 -0.110007 -0.098695
vn 0.254608 -0.148551 -0.955567
v 0.189941 -0.105363 -0.097671
vn 0.441970 -0.152678 -0.883941
v 0.195343 -0.105363 -0.094971
vn 0.441970 -0.152678 -0.883941
v 0.194105 -0.109867 -0.094812
vn 0.441970 -0.152678 -0.883941
v 0.175604 -0.109887 -0.099403
vn 0.076644 -0.403334 -0.911837
v 0.183388 -0.110007 -0.098695
vn 0.076644 -0.403334 -0.911837
v 0.183112 -0.113774 -0.097052
vn 0.076644 -0.403334 -0.911837
v 0.183388 -0.110007 -0.098695
vn 0.242007 -0.399080 -0.884403
v 0.189611 -0.109855 -0.097061
vn 0.242007 -0.399080 -0.884403
v 0.188513 -0.113108 -0.095894
vn 0.242007 -0.399080 -0.884403
v 0.189611 -0.109855 -0.097061
vn 0.403793 -0.427312 -0.808922
v 0.194105 -0.109867 -0.094812
vn 0.403793 -0.427312 -0.808922
v 0.191788 -0.113108 -0.094256
vn 0.403793 -0.427312 -0.808922
v 0.198805 -0.109887 -0.087802
vn 0.908047 -0.268155 -0.321782
v 0.197391 -0.110033 -0.091672
vn 0.908047 -0.268155 -0.321782
v 0.198805 -0.105363 -0.091572
vn 0.908047 -0.268155 -0.321782
v 0.195343 -0.113965 -0.087802
vn 0.720187 -0.639633 -0.268699
v 0.194122 -0.113767 -0.091546
vn 0.720187 -0.639633 -0.268699
v 0.197391 -0.110033 -0.091672
vn 0.720187 -0.639633 -0.268699
v 0.189941 -0.117206 -0.087802
vn 0.503116 -0.838669 -0.208589
v 0.189624 -0.116463 -0.091556
vn 0.503116 -0.838669 -0.208589
v 0.194122 -0.113767 -0.091546
vn 0.503116 -0.838669 -0.208589
v 0.197391 -0.110033 -0.091672
vn 0.669926 -0.209274 -0.712322
v 0.194105 -0.109867 -0.094812
vn 0.669926 -0.209274 -0.712322
v 0.195343 -0.105363 -0.094971
vn 0.669926 -0.209274 -0.712322
v 0.194122 -0.113767 -0.091546
vn 0.579630 -0.521669 -0.626012
v 0.191788 -0.113108 -0.094256
vn 0.579630 -0.521669 -0.626012
v 0.194105 -0.109867 -0.094812
vn 0.579630 -0.521669 -0.626012
v 0.189624 -0.116463 -0.091556
vn 0.430783 -0.717973 -0.546754
v 0.188513 -0.115073 -0.094256
vn 0.430783 -0.717973 -0.546754
v 0.191788 -0.113108 -0.094256
vn 0.430783 -0.717973 -0.546754
v 0.183144 0.119283 -0.087802
vn 0.103431 0.972888 -0.206859
v 0.183388 0.118435 -0.091672
vn 0.103431 0.972888 -0.206859
v 0.175604 0.119283 -0.091572
vn 0.103431 0.972888 -0.206859
v 0.189941 0.117206 -0.087802
vn 0.297852 0.931556 -0.208537
v 0.189611 0.116473 -0.091546
vn 0.297852 0.931556 -0.208537
v 0.183388 0.118435 -0.091672
vn 0.297852 0.931556 -0.208537
v 0.189941 0.117206 -0.087802
vn 0.503181 0.838630 -0.208587
v 0.195343 0.113965 -0.087802
vn 0.503181 0.838630 -0.208587
v 0.194105 0.113774 -0.091556
vn 0.503181 0.838630 -0.208587
v 0.183388 0.118435 -0.091672
vn 0.094382 0.839284 -0.535438
v 0.183112 0.116463 -0.094812
vn 0.094382 0.839284 -0.535438
v 0.175604 0.117206 -0.094971
vn 0.094382 0.839284 -0.535438
v 0.183388 0.118435 -0.091672
vn 0.265463 0.808440 -0.525314
v 0.189611 0.116473 -0.091546
vn 0.265463 0.808440 -0.525314
v 0.188513 0.115073 -0.094256
vn 0.265463 0.808440 -0.525314
v 0.189611 0.116473 -0.091546
vn 0.430341 0.718434 -0.546497
v 0.194105 0.113774 -0.091556
vn 0.430341 0.718434 -0.546497
v 0.191788 0.113108 -0.094256
vn 0.430341 0.718434 -0.546497
v 0.198805 0.105363 -0.091572
vn 0.908046 0.268157 -0.321785
v 0.197391 0.110007 -0.091694
vn 0.908046 0.268157 -0.321785
v 0.198805 0.109887 -0.087802
vn 0.908046 0.268157 -0.321785
v 0.195343 0.105363 -0.094971
vn 0.669265 0.208083 -0.713292
v 0.194122 0.109855 -0.094806
vn 0.669265 0.208083 -0.713292
v 0.197391 0.110007 -0.091694
vn 0.669265 0.208083 -0.713292
v 0.189941 0.105363 -0.097671
vn 0.441906 0.152678 -0.883973
v 0.189624 0.109867 -0.097052
vn 0.441906 0.152678 -0.883973
v 0.194122 0.109855 -0.094806
vn 0.441906 0.152678 -0.883973
v 0.197391 0.110007 -0.091694
vn 0.720629 0.638529 -0.270137
v 0.194105 0.113774 -0.091556
vn 0.720629 0.638529 -0.270137
v 0.195343 0.113965 -0.087802
vn 0.720629 0.638529 -0.270137
v 0.194122 0.109855 -0.094806
vn 0.579631 0.521681 -0.626001
v 0.191788 0.113108 -0.094256
vn 0.579631 0.521681 -0.626001
v 0.194105 0.113774 -0.091556
vn 0.579631 0.521681 -0.626001
v 0.189624 0.109867 -0.097052
vn 0.404272 0.427591 -0.808536
v 0.188513 0.113108 -0.095894
vn 0.404272 0.427591 -0.808536
v 0.191788 0.113108 -0.094256
vn 0.404272 0.427591 -0.808536
v 0.175604 0.109887 -0.099403
vn 0.087309 0.145511 -0.985497
v 0.183344 0.110033 -0.098695
vn 0.087309 0.145511 -0.985497
v 0.183144 0.105363 -0.099403
vn 0.087309 0.145511 -0.985497
v 0.175604 0.113965 -0.097671
vn 0.084939 0.404394 -0.910632
v 0.183092 0.113767 -0.097061
vn 0.084939 0.404394 -0.910632
v 0.183344 0.110033 -0.098695
vn 0.084939 0.404394 -0.910632
v 0.175604 0.113965 -0.097671
vn 0.079361 0.638165 -0.765798
v 0.175604 0.117206 -0.094971
vn 0.079361 0.638165 -0.765798
v 0.183112 0.116463 -0.094812
vn 0.079361 0.638165 -0.765798
v 0.183344 0.110033 -0.098695
vn 0.254023 0.149261 -0.955611
v 0.189624 0.109867 -0.097052
vn 0.254023 0.149261 -0.955611
v 0.189941 0.105363 -0.097671
vn 0.254023 0.149261 -0.955611
v 0.183344 0.110033 -0.098695
vn 0.239186 0.402908 -0.883434
v 0.183092 0.113767 -0.097061
vn 0.239186 0.402908 -0.883434
v 0.188513 0.113108 -0.095894
vn 0.239186 0.402908 -0.883434
v 0.183092 0.113767 -0.097061
vn 0.236726 0.621381 -0.746892
v 0.183112 0.116463 -0.094812
vn 0.236726 0.621381 -0.746892
v 0.188513 0.115073 -0.094256
vn 0.236726 0.621381 -0.746892
v -0.175604 0.120000 0.000223
vn -0.094621 0.995513 -0.000000
v -0.175604 0.120000 -0.087802
vn -0.094621 0.995513 -0.000000
v -0.183144 0.119283 -0.087802
vn -0.094621 0.995513 -0.000000
v -0.189941 0.117206 -0.087802
vn -0.292339 0.956315 -0.000000
v -0.189941 0.117206 -0.087802
vn -0.514494 0.857494 -0.000000
v -0.195343 0.113965 -0.087802
vn -0.514494 0.857494 -0.000000
v -0.195343 0.113965 0.000223
vn -0.514494 0.857494 -0.000000
v -0.195343 0.113965 -0.087802
vn -0.762259 0.647272 -0.000000
v -0.198805 0.109887 -0.087802
vn -0.762259 0.647272 -0.000000
v -0.198805 0.109887 0.000223
vn -0.762259 0.647272 -0.000000
v -0.198805 0.109887 -0.087802
vn -0.966867 0.255280 -0.000000
v -0.200000 0.105363 -0.087802
vn -0.966867 0.255280 -0.000000
v -0.200000 0.105363 0.000223
vn -0.966867 0.255280 -0.000000
v -0.175604 -0.105363 -0.100000
vn -0.078961 0.000000 -0.996878
v -0.183144 -0.105363 -0.099403
vn -0.078961 0.000000 -0.996878
v -0.183144 0.105363 -0.099403
vn -0.078961 0.000000 -0.996878
v -0.183144 -0.105363 -0.099403
vn -0.246859 0.000000 -0.969051
v -0.189941 -0.105363 -0.097671
vn -0.246859 0.000000 -0.969051
v -0.189941 0.105363 -0.097671
vn -0.246859 0.000000 -0.969051
v -0.189941 -0.105363 -0.097671
vn -0.447214 0.000000 -0.894427
v -0.195343 -0.105363 -0.094971
vn -0.447214 0.000000 -0.894427
v -0.195343 0.105363 -0.094971
vn -0.447214 0.000000 -0.894427
v -0.198805 -0.105363 -0.091572
vn -0.700431 0.000000 -0.713720
v -0.198805 -0.105363 -0.091572
vn -0.953297 0.000000 -0.302036
v -0.200000 -0.105363 -0.087802
vn -0.953297 0.000000 -0.302036
v -0.200000 0.105363 -0.087802
vn -0.953297 0.000000 -0.302036
v -0.175604 -0.120000 -0.087802
vn 0.000000 -0.982406 -0.186756
v -0.175604 -0.119283 -0.091572
vn 0.000000 -0.982406 -0.186756
v 0.175604 -0.119283 -0.091572
vn 0.000000 -0.982406 -0.186756
v -0.175604 -0.117206 -0.094971
vn 0.000000 -0.853178 -0.521620
v -0.175604 -0.113965 -0.097671
vn 0.000000 -0.640185 -0.768221
v -0.175604 -0.113965 -0.097671
vn 0.000000 -0.390806 -0.920473
v -0.175604 -0.109887 -0.099403
vn 0.000000 -0.390806 -0.920473
v 0.175604 -0.109887 -0.099403
vn 0.000000 -0.390806 -0.920473
v -0.175604 -0.109887 -0.099403
vn 0.000000 -0.130876 -0.991399
v -0.175604 -0.105363 -0.100000
vn 0.000000 -0.130876 -0.991399
v 0.175604 -0.105363 -0.100000
vn 0.000000 -0.130876 -0.991399
v 0.175604 0.120000 -0.087802
vn 0.000000 0.982406 -0.186756
v 0.175604 0.119283 -0.091572
vn 0.000000 0.982406 -0.186756
v -0.175604 0.119283 -0.091572
vn 0.000000 0.982406 -0.186756
v 0.175604 0.117206 -0.094971
vn 0.000000 0.853178 -0.521620
v 0.175604 0.113965 -0.097671
vn 0.000000 0.640185 -0.768221
v 0.175604 0.113965 -0.097671
vn 0.000000 0.390806 -0.920473
v 0.175604 0.109887 -0.099403
vn 0.000000 0.390806 -0.920473
v -0.175604 0.109887 -0.099403
vn 0.000000 0.390806 -0.920473
v 0.175604 0.109887 -0.099403
vn 0.000000 0.130876 -0.991399
v 0.175604 0.105363 -0.100000
vn 0.000000 0.130876 -0.991399
v -0.175604 0.105363 -0.100000
vn 0.000000 0.130876 -0.991399
v 0.200000 -0.105363 -0.087802
vn 0.953294 0.000000 -0.302044
v 0.198805 -0.105363 -0.091572
vn 0.953294 0.000000 -0.302044
v 0.198805 0.105363 -0.091572
vn 0.953294 0.000000 -0.302044
v 0.195343 -0.105363 -0.094971
vn 0.700431 0.000000 -0.713720
v 0.195343 -0.105363 -0.094971
vn 0.447211 0.000000 -0.894428
v 0.189941 -0.105363 -0.097671
vn 0.447211 0.000000 -0.894428
v 0.189941 0.105363 -0.097671
vn 0.447211 0.000000 -0.894428
v 0.189941 -0.105363 -0.097671
vn 0.246861 0.000000 -0.969051
v 0.183144 -0.105363 -0.099403
vn 0.246861 0.000000 -0.969051
v 0.183144 0.105363 -0.099403
vn 0.246861 0.000000 -0.969051
v 0.183144 -0.105363 -0.099403
vn 0.078961 0.000000 -0.996878
v 0.175604 -0.105363 -0.100000
vn 0.078961 0.000000 -0.996878
v 0.175604 0.105363 -0.100000
vn 0.078961 0.000000 -0.996878
v 0.175604 -0.120000 0.000223
vn 0.094621 -0.995513 -0.000000
v 0.175604 -0.120000 -0.087802
vn 0.094621 -0.995513 -0.000000
v 0.183144 -0.119283 -0.087802
vn 0.094621 -0.995513 -0.000000
v 0.189941 -0.117206 -0.087802
vn 0.292339 -0.956315 -0.000000
v 0.189941 -0.117206 -0.087802
vn 0.514494 -0.857494 -0.000000
v 0.195343 -0.113965 -0.087802
vn 0.514494 -0.857494 -0.000000
v 0.195343 -0.113965 0.000223
vn 0.514494 -0.857494 -0.000000
v 0.195343 -0.113965 -0.087802
vn 0.762259 -0.647272 -0.000000
v 0.198805 -0.109887 -0.087802
vn 0.762259 -0.647272 -0.000000
v 0.198805 -0.109887 0.000223
vn 0.762259 -0.647272 -0.000000
v 0.198805 -0.109887 -0.087802
vn 0.966867 -0.255280 -0.000000
v 0.200000 -0.105363 -0.087802
vn 0.966867 -0.255280 -0.000000
v 0.200000 -0.105363 0.000223
vn 0.966867 -0.255280 -0.000000
v 0.175604 -0.120000 0.000223
vn 0.000000 -1.000000 -0.000000
v 0.198805 0.109887 -0.087802
vn 0.966867 0.255280 -0.000000
v 0.198805 0.109887 0.000223
vn 0.966867 0.255280 -0.000000
v 0.200000 0.105363 0.000223
vn 0.966867 0.255280 -0.000000
v 0.195343 0.113965 0.000223
vn 0.762259 0.647272 -0.000000
v 0.198805 0.109887 0.000223
vn 0.762259 0.647272 -0.000000
v 0.198805 0.109887 -0.087802
vn 0.762259 0.647272 -0.000000
v 0.189941 0.117206 0.000223
vn 0.514494 0.857494 -0.000000
v 0.195343 0.113965 0.000223
vn 0.514494 0.857494 -0.000000
v 0.195343 0.113965 -0.087802
vn 0.514494 0.857494 -0.000000
v 0.189941 0.117206 0.000223
vn 0.292339 0.956315 -0.000000
v 0.175604 0.120000 0.000223
vn 0.094624 0.995513 -0.000000
v 0.183144 0.119283 0.000223
vn 0.094624 0.995513 -0.000000
v 0.183144 0.119283 -0.087802
vn 0.094624 0.995513 -0.000000
v -0.198805 -0.109887 -0.087802
vn -0.966867 -0.255280 -0.000000
v -0.198805 -0.109887 0.000223
vn -0.966867 -0.255280 -0.000000
v -0.200000 -0.105363 0.000223
vn -0.966867 -0.255280 -0.000000
v -0.195343 -0.113965 0.000223
vn -0.762259 -0.647272 -0.000000
v -0.198805 -0.109887 0.000223
vn -0.762259 -0.647272 -0.000000
v -0.198805 -0.109887 -0.087802
vn -0.762259 -0.647272 -0.000000
v -0.189941 -0.117206 0.000223
vn -0.514494 -0.857494 -0.000000
v -0.195343 -0.113965 0.000223
vn -0.514494 -0.857494 -0.000000
v -0.195343 -0.113965 -0.087802
vn -0.514494 -0.857494 -0.000000
v -0.189941 -0.117206 0.000223
vn -0.292339 -0.956315 -0.000000
v -0.175604 -0.120000 0.000223
vn -0.094624 -0.995513 -0.000000
v -0.183144 -0.119283 0.000223
vn -0.094624 -0.995513 -0.000000
v -0.183144 -0.119283 -0.087802
vn -0.094624 -0.995513 -0.000000
v -0.175604 0.120000 0.000223
vn 0.000000 1.000000 -0.000000
v 0.200000 0.105363 0.000223
vn 1.000000 0.000000 -0.000000
v 0.000000 0.030000 0.020000
vn 0.098017 0.995185 -0.000000
v 0.005853 0.029424 -0.020000
vn 0.098017 0.995185 -0.000000
v 0.000000 0.030000 -0.020000
vn 0.098017 0.995185 -0.000000
v 0.005853 0.029424 0.020000
vn 0.290284 0.956941 -0.000000
v 0.011480 0.027716 -0.020000
vn 0.290284 0.956941 -0.000000
v 0.005853 0.029424 -0.020000
vn 0.290284 0.956941 -0.000000
v 0.011480 0.027716 0.020000
vn 0.471398 0.881921 -0.000000
v 0.016667 0.024944 -0.020000
vn 0.471398 0.881921 -0.000000
v 0.011480 0.027716 -0.020000
vn 0.471398 0.881921 -0.000000
v 0.016667 0.024944 0.020000
vn 0.634393 0.773010 -0.000000
v 0.021213 0.021213 -0.020000
vn 0.634393 0.773010 -0.000000
v 0.016667 0.024944 -0.020000
vn 0.634393 0.773010 -0.000000
v 0.021213 0.021213 0.020000
vn 0.773011 0.634393 -0.000000
v 0.024944 0.016667 -0.020000
vn 0.773011 0.634393 -0.000000
v 0.021213 0.021213 -0.020000
vn 0.773011 0.634393 -0.000000
v 0.024944 0.016667 0.020000
vn 0.881921 0.471397 0.000000
v 0.027716 0.011480 -0.020000
vn 0.881921 0.471397 0.000000
v 0.024944 0.016667 -0.020000
vn 0.881921 0.471397 0.000000
v 0.027716 0.011480 0.020000
vn 0.956940 0.290285 -0.000000
v 0.029424 0.005853 -0.020000
vn 0.956940 0.290285 -0.000000
v 0.027716 0.011480 -0.020000
vn 0.956940 0.290285 -0.000000
v 0.029424 0.005853 0.020000
vn 0.995185 0.098017 -0.000000
v 0.030000 0.000000 -0.020000
vn 0.995185 0.098017 -0.000000
v 0.029424 0.005853 -0.020000
vn 0.995185 0.098017 -0.000000
v 0.030000 0.000000 0.020000
vn 0.995185 -0.098017 -0.000000
v 0.029424 -0.005853 -0.020000
vn 0.995185 -0.098017 -0.000000
v 0.030000 0.000000 -0.020000
vn 0.995185 -0.098017 -0.000000
v 0.029424 -0.005853 0.020000
vn 0.956940 -0.290285 -0.000000
v 0.027716 -0.011480 -0.020000
vn 0.956940 -0.290285 -0.000000
v 0.029424 -0.005853 -0.020000
vn 0.956940 -0.290285 -0.000000
v 0.027716 -0.011480 0.020000
vn 0.881921 -0.471396 -0.000000
v 0.024944 -0.016667 -0.020000
vn 0.881921 -0.471396 -0.000000
v 0.027716 -0.011480 -0.020000
vn 0.881921 -0.471396 -0.000000
v 0.024944 -0.016667 0.020000
vn 0.773010 -0.634394 -0.000000
v 0.021213 -0.021213 -0.020000
vn 0.773010 -0.634394 -0.000000
v 0.024944 -0.016667 -0.020000
vn 0.773010 -0.634394 -0.000000
v 0.021213 -0.021213 0.020000
vn 0.634393 -0.773011 -0.000000
v 0.016667 -0.024944 -0.020000
vn 0.634393 -0.773011 -0.000000
v 0.021213 -0.021213 -0.020000
vn 0.634393 -0.773011 -0.000000
v 0.016667 -0.024944 0.020000
vn 0.471397 -0.881921 -0.000000
v 0.011480 -0.027716 -0.020000
vn 0.471397 -0.881921 -0.000000
v 0.016667 -0.024944 -0.020000
vn 0.471397 -0.881921 -0.000000
v 0.011480 -0.027716 0.020000
vn 0.290284 -0.956941 -0.000000
v 0.005853 -0.029424 -0.020000
vn 0.290284 -0.956941 -0.000000
v 0.011480 -0.027716 -0.020000
vn 0.290284 -0.956941 -0.000000
v 0.005853 -0.029424 0.020000
vn 0.098017 -0.995185 -0.000000
v 0.000000 -0.030000 -0.020000
vn 0.098017 -0.995185 -0.000000
v 0.005853 -0.029424 -0.020000
vn 0.098017 -0.995185 -0.000000
v 0.000000 -0.030000 0.020000
vn -0.098017 -0.995185 -0.000000
v -0.005853 -0.029424 -0.020000
vn -0.098017 -0.995185 -0.000000
v 0.000000 -0.030000 -0.020000
vn -0.098017 -0.995185 -0.000000
v -0.005853 -0.029424 0.020000
vn -0.290285 -0.956940 -0.000000
v -0.011481 -0.027716 -0.020000
vn -0.290285 -0.956940 -0.000000
v -0.005853 -0.029424 -0.020000
vn -0.290285 -0.956940 -0.000000
v -0.011481 -0.027716 0.020000
vn -0.471397 -0.881921 -0.000000
v -0.016667 -0.024944 -0.020000
vn -0.471397 -0.881921 -0.000000
v -0.011481 -0.027716 -0.020000
vn -0.471397 -0.881921 -0.000000
v -0.016667 -0.024944 0.020000
vn -0.634394 -0.773010 -0.000000
v -0.021213 -0.021213 -0.020000
vn -0.634394 -0.773010 -0.000000
v -0.016667 -0.024944 -0.020000
vn -0.634394 -0.773010 -0.000000
v -0.021213 -0.021213 -0.020000
vn -0.773011 -0.634393 -0.000000
v -0.024944 -0.016667 0.020000
vn -0.773011 -0.634393 -0.000000
v -0.024944 -0.016667 -0.020000
vn -0.773011 -0.634393 -0.000000
v -0.024944 -0.016667 0.020000
vn -0.881922 -0.471396 -0.000000
v -0.027716 -0.011480 -0.020000
vn -0.881922 -0.471396 -0.000000
v -0.024944 -0.016667 -0.020000
vn -0.881922 -0.471396 -0.000000
v -0.027716 -0.011480 0.020000
vn -0.956941 -0.290284 -0.000000
v -0.029424 -0.005853 -0.020000
vn -0.956941 -0.290284 -0.000000
v -0.027716 -0.011480 -0.020000
vn -0.956941 -0.290284 -0.000000
v -0.029424 -0.005853 -0.020000
vn -0.995185 -0.098016 -0.000000
v -0.030000 0.000000 0.020000
vn -0.995185 -0.098016 -0.000000
v -0.030000 0.000000 -0.020000
vn -0.995185 -0.098016 -0.000000
v -0.030000 0.000000 -0.020000
vn -0.995185 0.098018 -0.000000
v -0.029424 0.005853 0.020000
vn -0.995185 0.098018 -0.000000
v -0.029424 0.005853 -0.020000
vn -0.995185 0.098018 -0.000000
v -0.029424 0.005853 0.020000
vn -0.956940 0.290286 0.000000
v -0.027716 0.011481 -0.020000
vn -0.956940 0.290286 0.000000
v -0.029424 0.005853 -0.020000
vn -0.956940 0.290286 0.000000
v -0.027716 0.011481 -0.020000
vn -0.881921 0.471398 -0.000000
v -0.024944 0.016667 0.020000
vn -0.881921 0.471398 -0.000000
v -0.024944 0.016667 -0.020000
vn -0.881921 0.471398 -0.000000
v -0.024944 0.016667 0.020000
vn -0.773010 0.634394 -0.000000
v -0.021213 0.021213 -0.020000
vn -0.773010 0.634394 -0.000000
v -0.024944 0.016667 -0.020000
vn -0.773010 0.634394 -0.000000
v -0.021213 0.021213 -0.020000
vn -0.634392 0.773011 -0.000000
v -0.016667 0.024944 0.020000
vn -0.634392 0.773011 -0.000000
v -0.016667 0.024944 -0.020000
vn -0.634392 0.773011 -0.000000
v -0.016667 0.024944 0.020000
vn -0.471396 0.881922 -0.000000
v -0.011480 0.027716 -0.020000
vn -0.471396 0.881922 -0.000000
v -0.016667 0.024944 -0.020000
vn -0.471396 0.881922 -0.000000
v -0.011481 -0.027716 0.020000
vn 0.000000 0.000000 1.000000
v 0.027716 -0.011480 0.020000
vn 0.000000 0.000000 1.000000
v 0.011480 0.027716 0.020000
vn 0.000000 0.000000 1.000000
v -0.011480 0.027716 -0.020000
vn -0.290284 0.956941 -0.000000
v -0.005853 0.029424 0.020000
vn -0.290284 0.956941 -0.000000
v -0.005853 0.029424 -0.020000
vn -0.290284 0.956941 -0.000000
v -0.005853 0.029424 0.020000
vn -0.098015 0.995185 -0.000000
v 0.000000 0.030000 -0.020000
vn -0.098015 0.995185 -0.000000
v -0.005853 0.029424 -0.020000
vn -0.098015 0.995185 -0.000000
v 0.005853 -0.029424 -0.020000
vn 0.000000 0.000000 -1.000000
v -0.029424 -0.005853 -0.020000
vn 0.000000 0.000000 -1.000000
v -0.005853 0.029424 -0.020000
vn 0.000000 0.000000 -1.000000
v 0.000000 0.030000 0.020000
vn 0.098017 0.995185 -0.000000
v 0.005853 0.029424 0.020000
vn 0.098017 0.995185 -0.000000
v 0.005853 0.029424 -0.020000
vn 0.098017 0.995185 -0.000000
v 0.005853 0.029424 0.020000
vn 0.290285 0.956940 -0.000000
v 0.011480 0.027716 0.020000
vn 0.290285 0.956940 -0.000000
v 0.011480 0.027716 -0.020000
vn 0.290285 0.956940 -0.000000
v 0.011480 0.027716 0.020000
vn 0.471397 0.881921 -0.000000
v 0.016667 0.024944 0.020000
vn 0.471397 0.881921 -0.000000
v 0.016667 0.024944 -0.020000
vn 0.471397 0.881921 -0.000000
v 0.016667 0.024944 0.020000
vn 0.634393 0.773010 -0.000000
v 0.021213 0.021213 0.020000
vn 0.634393 0.773010 -0.000000
v 0.021213 0.021213 -0.020000
vn 0.634393 0.773010 -0.000000
v 0.021213 0.021213 0.020000
vn 0.773010 0.634394 -0.000000
v 0.024944 0.016667 0.020000
vn 0.773010 0.634394 -0.000000
v 0.024944 0.016667 -0.020000
vn 0.773010 0.634394 -0.000000
v 0.024944 0.016667 0.020000
vn 0.881921 0.471397 -0.000000
v 0.027716 0.011480 0.020000
vn 0.881921 0.471397 -0.000000
v 0.027716 0.011480 -0.020000
vn 0.881921 0.471397 -0.000000
v 0.027716 0.011480 0.020000
vn 0.956940 0.290285 -0.000000
v 0.029424 0.005853 0.020000
vn 0.956940 0.290285 -0.000000
v 0.029424 0.005853 -0.020000
vn 0.956940 0.290285 -0.000000
v 0.029424 0.005853 0.020000
vn 0.995185 0.098017 -0.000000
v 0.030000 0.000000 0.020000
vn 0.995185 0.098017 -0.000000
v 0.030000 0.000000 -0.020000
vn 0.995185 0.098017 -0.000000
v 0.030000 0.000000 0.020000
vn 0.995185 -0.098017 -0.000000
v 0.029424 -0.005853 0.020000
vn 0.995185 -0.098017 -0.000000
v 0.029424 -0.005853 -0.020000
vn 0.995185 -0.098017 -0.000000
v 0.029424 -0.005853 0.020000
vn 0.956940 -0.290285 -0.000000
v 0.027716 -0.011480 0.020000
vn 0.956940 -0.290285 -0.000000
v 0.027716 -0.011480 -0.020000
vn 0.956940 -0.290285 -0.000000
v 0.027716 -0.011480 0.020000
vn 0.881921 -0.471397 -0.000000
v 0.024944 -0.016667 0.020000
vn 0.881921 -0.471397 -0.000000
v 0.024944 -0.016667 -0.020000
vn 0.881921 -0.471397 -0.000000
v 0.024944 -0.016667 0.020000
vn 0.773011 -0.634393 -0.000000
v 0.021213 -0.021213 0.020000
vn 0.773011 -0.634393 -0.000000
v 0.021213 -0.021213 -0.020000
vn 0.773011 -0.634393 -0.000000
v 0.021213 -0.021213 0.020000
vn 0.634394 -0.773010 -0.000000
v 0.016667 -0.024944 0.020000
vn 0.634394 -0.773010 -0.000000
v 0.016667 -0.024944 -0.020000
vn 0.634394 -0.773010 -0.000000
v 0.016667 -0.024944 0.020000
vn 0.471397 -0.881921 -0.000000
v 0.011480 -0.027716 0.020000
vn 0.471397 -0.881921 -0.000000
v 0.011480 -0.027716 -0.020000
vn 0.471397 -0.881921 -0.000000
v 0.011480 -0.027716 0.020000
vn 0.290285 -0.956940 -0.000000
v 0.005853 -0.029424 0.020000
vn 0.290285 -0.956940 -0.000000
v 0.005853 -0.029424 -0.020000
vn 0.290285 -0.956940 -0.000000
v 0.005853 -0.029424 0.020000
vn 0.098016 -0.995185 -0.000000
v 0.000000 -0.030000 0.020000
vn 0.098016 -0.995185 -0.000000
v 0.000000 -0.030000 -0.020000
vn 0.098016 -0.995185 -0.000000
v 0.000000 -0.030000 0.020000
vn -0.098017 -0.995185 -0.000000
v -0.005853 -0.029424 0.020000
vn -0.098017 -0.995185 -0.000000
v -0.005853 -0.029424 -0.020000
vn -0.098017 -0.995185 -0.000000
v -0.005853 -0.029424 0.020000
vn -0.290286 -0.956940 -0.000000
v -0.011481 -0.027716 0.020000
vn -0.290286 -0.956940 -0.000000
v -0.011481 -0.027716 -0.020000
vn -0.290286 -0.956940 -0.000000
v -0.011481 -0.027716 0.020000
vn -0.471397 -0.881921 -0.000000
v -0.016667 -0.024944 0.020000
vn -0.471397 -0.881921 -0.000000
v -0.016667 -0.024944 -0.020000
vn -0.471397 -0.881921 -0.000000
v -0.016667 -0.024944 0.020000
vn -0.634394 -0.773010 -0.000000
v -0.021213 -0.021213 0.020000
vn -0.634394 -0.773010 -0.000000
v -0.021213 -0.021213 -0.020000
vn -0.634394 -0.773010 -0.000000
v -0.021213 -0.021213 -0.020000
vn -0.773011 -0.634393 -0.000000
v -0.021213 -0.021213 0.020000
vn -0.773011 -0.634393 -0.000000
v -0.024944 -0.016667 0.020000
vn -0.773011 -0.634393 -0.000000
v -0.024944 -0.016667 0.020000
vn -0.881922 -0.471396 -0.000000
v -0.027716 -0.011480 0.020000
vn -0.881922 -0.471396 -0.000000
v -0.027716 -0.011480 -0.020000
vn -0.881922 -0.471396 -0.000000
v -0.027716 -0.011480 0.020000
vn -0.956941 -0.290284 -0.000000
v -0.029424 -0.005853 0.020000
vn -0.956941 -0.290284 -0.000000
v -0.029424 -0.005853 -0.020000
vn -0.956941 -0.290284 -0.000000
v -0.029424 -0.005853 -0.020000
vn -0.995185 -0.098016 -0.000000
v -0.029424 -0.005853 0.020000
vn -0.995185 -0.098016 -0.000000
v -0.030000 0.000000 0.020000
vn -0.995185 -0.098016 -0.000000
v -0.030000 0.000000 -0.020000
vn -0.995185 0.098018 -0.000000
v -0.030000 0.000000 0.020000
vn -0.995185 0.098018 -0.000000
v -0.029424 0.005853 0.020000
vn -0.995185 0.098018 -0.000000
v -0.029424 0.005853 0.020000
vn -0.956940 0.290286 -0.000000
v -0.027716 0.011481 0.020000
vn -0.956940 0.290286 -0.000000
v -0.027716 0.011481 -0.020000
vn -0.956940 0.290286 -0.000000
v -0.027716 0.011481 -0.020000
vn -0.881921 0.471398 -0.000000
v -0.027716 0.011481 0.020000
vn -0.881921 0.471398 -0.000000
v -0.024944 0.016667 0.020000
vn -0.881921 0.471398 -0.000000
v -0.024944 0.016667 0.020000
vn -0.773010 0.634394 -0.000000
v -0.021213 0.021213 0.020000
vn -0.773010 0.634394 -0.000000
v -0.021213 0.021213 -0.020000
vn -0.773010 0.634394 -0.000000
v -0.021213 0.021213 -0.020000
vn -0.634393 0.773011 -0.000000
v -0.021213 0.021213 0.020000
vn -0.634393 0.773011 -0.000000
v -0.016667 0.024944 0.020000
vn -0.634393 0.773011 -0.000000
v -0.016667 0.024944 0.020000
vn -0.471395 0.881922 -0.000000
v -0.011480 0.027716 0.020000
vn -0.471395 0.881922 -0.000000
v -0.011480 0.027716 -0.020000
vn -0.471395 0.881922 -0.000000
v 0.011480 0.027716 0.020000
vn 0.000000 0.000000 1.000000
v 0.005853 0.029424 0.020000
vn 0.000000 0.000000 1.000000
v -0.011480 0.027716 0.020000
vn 0.000000 0.000000 1.000000
v 0.000000 0.030000 0.020000
vn 0.000000 0.000000 1.000000
v 0.000000 0.030000 0.020000
vn 0.000000 -0.000002 1.000000
v -0.005853 0.029424 0.020000
vn 0.000000 -0.000002 1.000000
v -0.011480 0.027716 0.020000
vn 0.000000 -0.000002 1.000000
v -0.016667 0.024944 0.020000
vn 0.000000 0.000000 1.000000
v -0.021213 0.021213 0.020000
vn 0.000000 0.000000 1.000000
v -0.024944 0.016667 0.020000
vn 0.000000 0.000000 1.000000
v -0.027716 0.011481 0.020000
vn 0.000000 0.000000 1.000000
v -0.027716 0.011481 0.020000
vn 0.000000 0.000000 1.000000
v -0.029424 0.005853 0.020000
vn 0.000000 0.000000 1.000000
v -0.030000 0.000000 0.020000
vn 0.000000 0.000000 1.000000
v -0.030000 0.000000 0.020000
vn 0.000000 0.000000 1.000000
v -0.029424 -0.005853 0.020000
vn 0.000000 0.000000 1.000000
v -0.027716 -0.011480 0.020000
vn 0.000000 0.000000 1.000000
v -0.027716 -0.011480 0.020000
vn 0.000001 0.000002 1.000000
v -0.024944 -0.016667 0.020000
vn 0.000001 0.000002 1.000000
v -0.021213 -0.021213 0.020000
vn 0.000001 0.000002 1.000000
v -0.021213 -0.021213 0.020000
vn -0.000000 -0.000001 1.000000
v -0.016667 -0.024944 0.020000
vn -0.000000 -0.000001 1.000000
v -0.027716 -0.011480 0.020000
vn -0.000000 -0.000001 1.000000
v -0.016667 -0.024944 0.020000
vn -0.000000 0.000001 1.000000
v -0.011481 -0.027716 0.020000
vn -0.000000 0.000001 1.000000
v -0.027716 -0.011480 0.020000
vn -0.000000 0.000001 1.000000
v -0.011481 -0.027716 0.020000
vn 0.000000 -0.000002 1.000000
v -0.005853 -0.029424 0.020000
vn 0.000000 -0.000002 1.000000
v 0.000000 -0.030000 0.020000
vn 0.000000 -0.000002 1.000000
v 0.000000 -0.030000 0.020000
vn 0.000000 0.000004 1.000000
v 0.005853 -0.029424 0.020000
vn 0.000000 0.000004 1.000000
v 0.011480 -0.027716 0.020000
vn 0.000000 0.000004 1.000000
v 0.011480 -0.027716 0.020000
vn 0.000000 0.000002 1.000000
v 0.016667 -0.024944 0.020000
vn 0.000000 0.000002 1.000000
v 0.021213 -0.021213 0.020000
vn 0.000000 0.000002 1.000000
v 0.021213 -0.021213 0.020000
vn -0.000001 -0.000003 1.000000
v 0.024944 -0.016667 0.020000
vn -0.000001 -0.000003 1.000000
v 0.027716 -0.011480 0.020000
vn -0.000001 -0.000003 1.000000
v 0.027716 -0.011480 0.020000
vn 0.000000 -0.000000 1.000000
v 0.029424 -0.005853 0.020000
vn 0.000000 -0.000000 1.000000
v 0.030000 0.000000 0.020000
vn 0.000000 -0.000000 1.000000
v 0.030000 0.000000 0.020000
vn 0.000000 0.000000 1.000000
v 0.029424 0.005853 0.020000
vn 0.000000 0.000000 1.000000
v 0.027716 -0.011480 0.020000
vn 0.000000 0.000000 1.000000
v 0.029424 0.005853 0.020000
vn 0.000000 0.000000 1.000000
v 0.027716 0.011480 0.020000
vn 0.000000 0.000000 1.000000
v 0.027716 -0.011480 0.020000
vn 0.000000 0.000000 1.000000
v 0.027716 0.011480 0.020000
vn 0.000000 0.000002 1.000000
v 0.024944 0.016667 0.020000
vn 0.000000 0.000002 1.000000
v 0.021213 0.021213 0.020000
vn 0.000000 0.000002 1.000000
v 0.021213 0.021213 0.020000
vn 0.000000 0.000000 1.000000
v 0.016667 0.024944 0.020000
vn 0.000000 0.000000 1.000000
v -0.011480 0.027716 0.020000
vn 0.000000 0.000001 1.000000
v -0.021213 0.021213 0.020000
vn 0.000000 0.000001 1.000000
v 0.011480 0.027716 0.020000
vn 0.000000 0.000001 1.000000
v -0.021213 0.021213 0.020000
vn 0.000000 -0.000000 1.000000
v -0.027716 0.011481 0.020000
vn 0.000000 -0.000000 1.000000
v 0.011480 0.027716 0.020000
vn 0.000000 -0.000000 1.000000
v -0.011481 -0.027716 0.020000
vn 0.000000 -0.000000 1.000000
v 0.000000 -0.030000 0.020000
vn 0.000000 -0.000000 1.000000
v 0.027716 -0.011480 0.020000
vn 0.000000 -0.000000 1.000000
v 0.000000 -0.030000 0.020000
vn 0.000000 0.000000 1.000000
v 0.011480 -0.027716 0.020000
vn 0.000000 0.000000 1.000000
v 0.027716 -0.011480 0.020000
vn 0.000000 0.000000 1.000000
v 0.011480 -0.027716 0.020000
vn 0.000000 -0.000001 1.000000
v 0.021213 -0.021213 0.020000
vn 0.000000 -0.000001 1.000000
v 0.027716 -0.011480 0.020000
vn 0.000000 -0.000001 1.000000
v 0.027716 0.011480 0.020000
vn 0.000000 0.000000 1.000000
v 0.021213 0.021213 0.020000
vn 0.000000 -0.000000 1.000000
v 0.011480 0.027716 0.020000
vn 0.000000 -0.000000 1.000000
v 0.027716 -0.011480 0.020000
vn 0.000000 -0.000000 1.000000
v -0.027716 0.011481 0.020000
vn 0.000000 0.000000 1.000000
v -0.027716 -0.011480 0.020000
vn 0.000000 0.000000 1.000000
v -0.011481 -0.027716 0.020000
vn 0.000000 0.000000 1.000000
v 0.011480 0.027716 0.020000
vn 0.000000 0.000000 1.000000
v -0.027716 0.011481 0.020000
vn 0.000000 0.000000 1.000000
v -0.011481 -0.027716 0.020000
vn 0.000000 0.000000 1.000000
v -0.011480 0.027716 -0.020000
vn -0.290284 0.956941 -0.000000
v -0.011480 0.027716 0.020000
vn -0.290284 0.956941 -0.000000
v -0.005853 0.029424 0.020000
vn -0.290284 0.956941 -0.000000
v -0.005853 0.029424 0.020000
vn -0.098017 0.995185 -0.000000
v 0.000000 0.030000 0.020000
vn -0.098017 0.995185 -0.000000
v 0.000000 0.030000 -0.020000
vn -0.098017 0.995185 -0.000000
v -0.005853 0.029424 -0.020000
vn 0.000000 0.000000 -1.000000
v 0.000000 0.030000 -0.020000
vn 0.000000 0.000000 -1.000000
v 0.016667 0.024944 -0.020000
vn 0.000000 0.000000 -1.000000
v 0.000000 0.030000 -0.020000
vn 0.000000 -0.000001 -1.000000
v 0.005853 0.029424 -0.020000
vn 0.000000 -0.000001 -1.000000
v 0.016667 0.024944 -0.020000
vn 0.000000 -0.000001 -1.000000
v 0.005853 0.029424 -0.020000
vn 0.000000 0.000002 -1.000000
v 0.011480 0.027716 -0.020000
vn 0.000000 0.000002 -1.000000
v 0.016667 0.024944 -0.020000
vn 0.000000 0.000002 -1.000000
v 0.016667 0.024944 -0.020000
vn 0.000000 0.000001 -1.000000
v 0.021213 0.021213 -0.020000
vn 0.000000 0.000001 -1.000000
v 0.029424 0.005853 -0.020000
vn 0.000000 0.000001 -1.000000
v 0.021213 0.021213 -0.020000
vn -0.000001 0.000000 -1.000000
v 0.024944 0.016667 -0.020000
vn -0.000001 0.000000 -1.000000
v 0.029424 0.005853 -0.020000
vn -0.000001 0.000000 -1.000000
v 0.024944 0.016667 -0.020000
vn 0.000000 0.000000 -1.000000
v 0.027716 0.011480 -0.020000
vn 0.000000 0.000000 -1.000000
v 0.029424 0.005853 -0.020000
vn 0.000000 0.000000 -1.000000
v 0.030000 0.000000 -0.020000
vn 0.000000 0.000000 -1.000000
v 0.029424 -0.005853 -0.020000
vn 0.000000 0.000000 -1.000000
v 0.027716 -0.011480 -0.020000
vn 0.000000 0.000000 -1.000000
v 0.024944 -0.016667 -0.020000
vn 0.000000 0.000000 -1.000000
v 0.024944 -0.016667 -0.020000
vn 0.000000 -0.000001 -1.000000
v 0.021213 -0.021213 -0.020000
vn 0.000000 -0.000001 -1.000000
v 0.005853 -0.029424 -0.020000
vn 0.000000 -0.000001 -1.000000
v 0.021213 -0.021213 -0.020000
vn 0.000000 0.000000 -1.000000
v 0.016667 -0.024944 -0.020000
vn 0.000000 0.000000 -1.000000
v 0.005853 -0.029424 -0.020000
vn 0.000000 0.000000 -1.000000
v 0.016667 -0.024944 -0.020000
vn 0.000000 -0.000002 -1.000000
v 0.011480 -0.027716 -0.020000
vn 0.000000 -0.000002 -1.000000
v 0.005853 -0.029424 -0.020000
vn 0.000000 -0.000002 -1.000000
v 0.005853 -0.029424 -0.020000
vn 0.000000 0.000002 -1.000000
v 0.000000 -0.030000 -0.020000
vn 0.000000 0.000002 -1.000000
v -0.005853 -0.029424 -0.020000
vn 0.000000 0.000002 -1.000000
v -0.005853 -0.029424 -0.020000
vn 0.000000 0.000002 -1.000000
v -0.011481 -0.027716 -0.020000
vn 0.000000 0.000002 -1.000000
v -0.016667 -0.024944 -0.020000
vn 0.000000 0.000002 -1.000000
v -0.016667 -0.024944 -0.020000
vn 0.000000 0.000002 -1.000000
v -0.021213 -0.021213 -0.020000
vn 0.000000 0.000002 -1.000000
v -0.024944 -0.016667 -0.020000
vn 0.000000 0.000002 -1.000000
v -0.024944 -0.016667 -0.020000
vn 0.000000 0.000000 -1.000000
v -0.027716 -0.011480 -0.020000
vn 0.000000 0.000000 -1.000000
v -0.029424 -0.005853 -0.020000
vn 0.000000 0.000000 -1.000000
v -0.030000 0.000000 -0.020000
vn 0.000000 0.000000 -1.000000
v -0.029424 0.005853 -0.020000
vn 0.000000 0.000000 -1.000000
v -0.029424 0.005853 -0.020000
vn 0.000000 0.000000 -1.000000
v -0.027716 0.011481 -0.020000
vn 0.000000 0.000000 -1.000000
v -0.029424 -0.005853 -0.020000
vn 0.000000 0.000000 -1.000000
v -0.027716 0.011481 -0.020000
vn 0.000000 0.000000 -1.000000
v -0.024944 0.016667 -0.020000
vn 0.000000 0.000000 -1.000000
v -0.024944 0.016667 -0.020000
vn -0.000001 0.000002 -1.000000
v -0.021213 0.021213 -0.020000
vn -0.000001 0.000002 -1.000000
v -0.016667 0.024944 -0.020000
vn -0.000001 0.000002 -1.000000
v -0.016667 0.024944 -0.020000
vn 0.000000 0.000000 -1.000000
v -0.011480 0.027716 -0.020000
vn 0.000000 0.000000 -1.000000
v 0.005853 -0.029424 -0.020000
vn 0.000000 -0.000001 -1.000000
v -0.005853 -0.029424 -0.020000
vn 0.000000 -0.000001 -1.000000
v -0.016667 -0.024944 -0.020000
vn 0.000000 -0.000001 -1.000000
v -0.016667 -0.024944 -0.020000
vn 0.000000 0.000000 -1.000000
v -0.024944 0.016667 -0.020000
vn 0.000000 0.000000 -1.000000
v -0.016667 0.024944 -0.020000
vn 0.000000 0.000000 -1.000000
v -0.029424 -0.005853 -0.020000
vn 0.000000 0.000000 -1.000000
v -0.016667 0.024944 -0.020000
vn 0.000000 0.000000 -1.000000
v -0.005853 0.029424 -0.020000
vn 0.000000 0.000000 -1.000000
v -0.029424 -0.005853 -0.020000
vn 0.000000 0.000000 -1.000000
v -0.005853 0.029424 -0.020000
vn 0.000000 0.000000 -1.000000
v 0.016667 0.024944 -0.020000
vn 0.000000 0.000000 -1.000000
v 0.029424 0.005853 -0.020000
vn 0.000000 0.000000 -1.000000
v 0.029424 0.005853 -0.020000
vn 0.000000 0.000000 -1.000000
v 0.024944 -0.016667 -0.020000
vn 0.000000 0.000000 -1.000000
v 0.005853 -0.029424 -0.020000
vn 0.000000 0.000000 -1.000000
v 0.005853 -0.029424 -0.020000
vn 0.000000 -0.000000 -1.000000
v -0.016667 -0.024944 -0.020000
vn 0.000000 -0.000000 -1.000000
v -0.029424 -0.005853 -0.020000
vn 0.000000 -0.000000 -1.000000
v -0.005853 0.029424 -0.020000
vn 0.000000 0.000000 -1.000000
v 0.029424 0.005853 -0.020000
vn 0.000000 0.000000 -1.000000
v 0.005853 -0.029424 -0.020000
vn 0.000000 0.000000 -1.000000
v 0.255306 0.500000 0.200000
vn 0.000000 0.000000 1.000000
v -0.255306 -0.500000 0.200000
vn 0.000000 0.000000 1.000000
v 0.255306 -0.500000 0.200000
vn 0.000000 0.000000 1.000000
v 0.300000 -0.500000 -0.135382
vn -0.000001 -1.000000 -0.000000
v 0.255306 -0.500000 0.200000
vn -0.000001 -1.000000 -0.000000
v 0.203074 -0.500000 -0.200000
vn -0.000001 -1.000000 -0.000000
v 0.300000 0.500000 -0.135382
vn 1.000000 0.000000 -0.000000
v 0.300000 -0.500000 0.170204
vn 1.000000 0.000000 -0.000000
v 0.300000 -0.500000 -0.135382
vn 1.000000 0.000000 -0.000000
v -0.203074 0.500000 -0.200000
vn 0.000000 0.000000 -1.000000
v 0.203074 -0.500000 -0.200000
vn 0.000000 0.000000 -1.000000
v -0.203074 -0.500000 -0.200000
vn 0.000000 0.000000 -1.000000
v -0.255306 0.500000 0.200000
vn -0.554701 0.000000 0.832050
v -0.300000 -0.500000 0.170204
vn -0.554701 0.000000 0.832050
v -0.255306 -0.500000 0.200000
vn -0.554701 0.000000 0.832050
v 0.255306 -0.500000 0.200000
vn 0.554701 0.000000 0.832050
v 0.300000 0.500000 0.170204
vn 0.554701 0.000000 0.832050
v 0.255306 0.500000 0.200000
vn 0.554701 0.000000 0.832050
v -0.300000 0.500000 -0.135382
vn 0.000001 1.000000 -0.000000
v -0.255306 0.500000 0.200000
vn 0.000001 1.000000 -0.000000
v -0.203074 0.500000 -0.200000
vn 0.000001 1.000000 -0.000000
v -0.203074 -0.500000 -0.200000
vn -0.087433 0.000000 -0.996170
v -0.228160 0.500000 -0.197798
vn -0.087433 0.000000 -0.996170
v -0.203074 0.500000 -0.200000
vn -0.087433 0.000000 -0.996170
v -0.228160 -0.500000 -0.197798
vn -0.266180 0.000000 -0.963923
v -0.251537 0.500000 -0.191343
vn -0.266180 0.000000 -0.963923
v -0.228160 0.500000 -0.197798
vn -0.266180 0.000000 -0.963923
v -0.251537 -0.500000 -0.191343
vn -0.455422 0.000000 -0.890276
v -0.271611 0.500000 -0.181074
vn -0.455422 0.000000 -0.890276
v -0.251537 0.500000 -0.191343
vn -0.455422 0.000000 -0.890276
v -0.271611 -0.500000 -0.181074
vn -0.655858 0.000000 -0.754884
v -0.287014 0.500000 -0.167691
vn -0.655858 0.000000 -0.754884
v -0.271611 0.500000 -0.181074
vn -0.655858 0.000000 -0.754884
v -0.287014 -0.500000 -0.167691
vn -0.849400 0.000000 -0.527749
v -0.296697 0.500000 -0.152107
vn -0.849400 0.000000 -0.527749
v -0.287014 0.500000 -0.167691
vn -0.849400 0.000000 -0.527749
v -0.296697 -0.500000 -0.152107
vn -0.981053 0.000000 -0.193738
v -0.300000 0.500000 -0.135382
vn -0.981053 0.000000 -0.193738
v -0.296697 0.500000 -0.152107
vn -0.981053 0.000000 -0.193738
v 0.300000 -0.500000 -0.135382
vn 0.981053 0.000000 -0.193738
v 0.296697 0.500000 -0.152107
vn 0.981053 0.000000 -0.193738
v 0.300000 0.500000 -0.135382
vn 0.981053 0.000000 -0.193738
v 0.296697 -0.500000 -0.152107
vn 0.849400 0.000000 -0.527749
v 0.287014 0.500000 -0.167691
vn 0.849400 0.000000 -0.527749
v 0.296697 0.500000 -0.152107
vn 0.849400 0.000000 -0.527749
v 0.287014 -0.500000 -0.167691
vn 0.655857 0.000000 -0.754885
v 0.271611 0.500000 -0.181074
vn 0.655857 0.000000 -0.754885
v 0.287014 0.500000 -0.167691
vn 0.655857 0.000000 -0.754885
v 0.271611 -0.500000 -0.181074
vn 0.455422 0.000000 -0.890276
v 0.251537 0.500000 -0.191343
vn 0.455422 0.000000 -0.890276
v 0.271611 0.500000 -0.181074
vn 0.455422 0.000000 -0.890276
v 0.251537 -0.500000 -0.191343
vn 0.266180 0.000000 -0.963924
v 0.228160 0.500000 -0.197798
vn 0.266180 0.000000 -0.963924
v 0.251537 0.500000 -0.191343
vn 0.266180 0.000000 -0.963924
v 0.228160 -0.500000 -0.197798
vn 0.087433 0.000000 -0.996170
v 0.203074 0.500000 -0.200000
vn 0.087433 0.000000 -0.996170
v 0.228160 0.500000 -0.197798
vn 0.087433 0.000000 -0.996170
v -0.300000 0.500000 0.170204
vn -1.000000 0.000000 -0.000000
v -0.300000 -0.500000 -0.135382
vn -1.000000 0.000000 -0.000000
v -0.300000 -0.500000 0.170204
vn -1.000000 0.000000 -0.000000
v -0.255306 0.500000 0.200000
vn 0.000000 0.000000 1.000000
v -0.300000 -0.500000 0.170204
vn 0.000000 -1.000000 -0.000000
v -0.300000 -0.500000 -0.135382
vn 0.000000 -1.000000 -0.000000
v -0.255306 -0.500000 0.200000
vn 0.000000 -1.000000 -0.000000
v -0.296697 -0.500000 -0.152107
vn 0.000000 -1.000000 -0.000000
v -0.287014 -0.500000 -0.167691
vn 0.000000 -1.000000 -0.000000
v -0.271611 -0.500000 -0.181074
vn 0.000000 -1.000000 -0.000000
v -0.251537 -0.500000 -0.191343
vn 0.000000 -1.000000 -0.000000
v -0.228160 -0.500000 -0.197798
vn 0.000000 -1.000000 -0.000000
v -0.203074 -0.500000 -0.200000
vn 0.000000 -1.000000 -0.000000
v 0.203074 -0.500000 -0.200000
vn 0.000000 -1.000000 -0.000000
v 0.228160 -0.500000 -0.197798
vn 0.000000 -1.000000 -0.000000
v 0.300000 -0.500000 -0.135382
vn 0.000000 -1.000000 -0.000000
v 0.251537 -0.500000 -0.191343
vn 0.000000 -1.000000 -0.000000
v 0.271611 -0.500000 -0.181074
vn 0.000000 -1.000000 -0.000000
v 0.287014 -0.500000 -0.167691
vn 0.000000 -1.000000 -0.000000
v 0.296697 -0.500000 -0.152107
vn 0.000000 -1.000000 -0.000000
v 0.300000 -0.500000 -0.135382
vn 0.000001 -1.000000 -0.000000
v 0.300000 -0.500000 0.170204
vn 0.000001 -1.000000 -0.000000
v 0.255306 -0.500000 0.200000
vn 0.000001 -1.000000 -0.000000
v 0.255306 -0.500000 0.200000
vn 0.000000 -1.000000 -0.000000
v -0.255306 -0.500000 0.200000
vn 0.000000 -1.000000 -0.000000
v -0.300000 -0.500000 -0.135382
vn 0.000000 -1.000000 -0.000000
v -0.203074 -0.500000 -0.200000
vn 0.000000 -1.000000 -0.000000
v 0.300000 0.500000 0.170204
vn 1.000000 0.000000 -0.000000
v 0.203074 0.500000 -0.200000
vn 0.000000 0.000000 -1.000000
v -0.255306 0.500000 0.200000
vn -0.554700 0.000000 0.832051
v -0.300000 0.500000 0.170204
vn -0.554700 0.000000 0.832051
v -0.300000 -0.500000 0.170204
vn -0.554700 0.000000 0.832051
v 0.255306 -0.500000 0.200000
vn 0.554700 0.000000 0.832051
v 0.300000 -0.500000 0.170204
vn 0.554700 0.000000 0.832051
v 0.300000 0.500000 0.170204
vn 0.554700 0.000000 0.832051
v 0.300000 0.500000 0.170204
vn 0.000000 1.000000 -0.000000
v 0.300000 0.500000 -0.135382
vn 0.000000 1.000000 -0.000000
v 0.255306 0.500000 0.200000
vn 0.000000 1.000000 -0.000000
v 0.296697 0.500000 -0.152107
vn 0.000000 1.000000 -0.000000
v 0.287014 0.500000 -0.167691
vn 0.000000 1.000000 -0.000000
v 0.271611 0.500000 -0.181074
vn 0.000000 1.000000 -0.000000
v 0.251537 0.500000 -0.191343
vn 0.000000 1.000000 -0.000000
v 0.228160 0.500000 -0.197798
vn 0.000000 1.000000 -0.000000
v 0.203074 0.500000 -0.200000
vn 0.000000 1.000000 -0.000000
v -0.203074 0.500000 -0.200000
vn 0.000000 1.000000 -0.000000
v -0.228160 0.500000 -0.197798
vn 0.000000 1.000000 -0.000000
v -0.300000 0.500000 -0.135382
vn 0.000000 1.000000 -0.000000
v -0.251537 0.500000 -0.191343
vn 0.000000 1.000000 -0.000000
v -0.271611 0.500000 -0.181074
vn 0.000000 1.000000 -0.000000
v -0.287014 0.500000 -0.167691
vn 0.000000 1.000000 -0.000000
v -0.296697 0.500000 -0.152107
vn 0.000000 1.000000 -0.000000
v -0.300000 0.500000 -0.135382
vn -0.000001 1.000000 -0.000000
v -0.300000 0.500000 0.170204
vn -0.000001 1.000000 -0.000000
v -0.255306 0.500000 0.200000
vn -0.000001 1.000000 -0.000000
v -0.255306 0.500000 0.200000
vn 0.000000 1.000000 -0.000000
v 0.255306 0.500000 0.200000
vn -0.000000 1.000000 -0.000000
v 0.300000 0.500000 -0.135382
vn -0.000000 1.000000 -0.000000
v 0.203074 0.500000 -0.200000
vn -0.000000 1.000000 -0.000000
v -0.228160 -0.500000 -0.197798
vn -0.087433 0.000000 -0.996170
v -0.228160 -0.500000 -0.197798
vn -0.266180 0.000000 -0.963924
v -0.251537 -0.500000 -0.191343
vn -0.266180 0.000000 -0.963924
v -0.251537 0.500000 -0.191343
vn -0.266180 0.000000 -0.963924
v -0.271611 -0.500000 -0.181074
vn -0.455422 0.000000 -0.890276
v -0.271611 -0.500000 -0.181074
vn -0.655857 0.000000 -0.754885
v -0.287014 -0.500000 -0.167691
vn -0.655857 0.000000 -0.754885
v -0.287014 0.500000 -0.167691
vn -0.655857 0.000000 -0.754885
v -0.296697 -0.500000 -0.152107
vn -0.849400 0.000000 -0.527749
v -0.300000 -0.500000 -0.135382
vn -0.981053 0.000000 -0.193738
v 0.296697 -0.500000 -0.152107
vn 0.981053 0.000000 -0.193738
v 0.287014 -0.500000 -0.167691
vn 0.849400 0.000000 -0.527749
v 0.287014 -0.500000 -0.167691
vn 0.655858 0.000000 -0.754884
v 0.271611 -0.500000 -0.181074
vn 0.655858 0.000000 -0.754884
v 0.271611 0.500000 -0.181074
vn 0.655858 0.000000 -0.754884
v 0.251537 -0.500000 -0.191343
vn 0.455422 0.000000 -0.890276
v 0.251537 -0.500000 -0.191343
vn 0.266180 0.000000 -0.963923
v 0.228160 -0.500000 -0.197798
vn 0.266180 0.000000 -0.963923
v 0.228160 0.500000 -0.197798
vn 0.266180 0.000000 -0.963923
v 0.203074 -0.500000 -0.200000
vn 0.087433 0.000000 -0.996170
v -0.300000 0.500000 -0.135382
vn -1.000000 0.000000 -0.000000
f 1//1 2//2 3//3
f 4//4 5//5 6//6
f 7//7 8//8 9//9
f 10//10 11//11 12//12
f 13//13 14//14 15//15
f 16//16 17//17 18//18
f 19//19 20//20 21//21
f 22//22 23//23 24//24
f 25//25 26//26 27//27
f 28//28 29//29 30//30
f 31//31 32//32 33//33
f 34//34 35//35 36//36
f 37//37 38//38 39//39
f 40//40 41//41 42//42
f 43//43 44//44 45//45
f 46//46 47//47 48//48
f 49//49 50//50 51//51
f 52//52 53//53 54//54
f 55//55 56//56 57//57
f 58//58 59//59 60//60
f 61//61 62//62 63//63
f 64//64 65//65 66//66
f 67//67 68//68 69//69
f 70//70 71//71 72//72
f 73//73 74//74 75//75
f 76//76 77//77 78//78
f 79//79 80//80 81//81
f 82//82 83//83 84//84
f 85//85 86//86 87//87
f 88//88 89//89 90//90
f 91//91 92//92 93//93
f 94//94 95//95 96//96
f 97//97 98//98 99//99
f 100//100 101//101 102//102
f 1//1 103//103 2//2
f 104//104 105//105 106//106
f 107//107 108//108 109//109
f 110//110 111//111 112//112
f 113//113 114//114 115//115
f 16//16 116//116 17//17
f 117//117 118//118 119//119
f 22//22 120//120 23//23
f 121//121 122//122 123//123
f 28//28 124//124 29//29
f 31//31 125//125 32//32
f 126//126 127//127 128//128
f 129//129 130//130 131//131
f 132//132 133//133 134//134
f 135//135 136//136 137//137
f 46//46 138//138 47//47
f 49//49 139//139 50//50
f 140//140 141//141 142//142
f 143//143 144//144 145//145
f 58//58 146//146 59//59
f 61//61 147//147 62//62
f 148//148 149//149 150//150
f 67//67 151//151 68//68
f 70//70 152//152 71//71
f 73//73 153//153 74//74
f 76//76 154//154 77//77
f 155//155 156//156 157//157
f 158//158 159//159 160//160
f 85//85 161//161 86//86
f 162//162 163//163 164//164
f 165//165 166//166 167//167
f 166//166 168//168 167//167
f 168//168 169//169 167//167
f 170//170 171//171 172//172
f 173//173 174//174 175//175
f 176//176 177//177 178//178
f 178//178 179//179 180//180
f 181//181 182//182 183//183
f 184//184 185//185 186//186
f 187//187 188//188 189//189
f 190//190 191//191 192//192
f 192//192 193//193 194//194
f 195//195 196//196 197//197
f 198//198 199//199 200//200
f 201//201 202//202 203//203
f 204//204 205//205 206//206
f 207//207 208//208 209//209
f 210//210 211//211 212//212
f 167//167 213//213 165//165
f 214//214 215//215 216//216
f 217//217 218//218 219//219
f 220//220 221//221 222//222
f 223//223 224//224 225//225
f 190//190 192//192 226//226
f 227//227 228//228 229//229
f 230//230 231//231 232//232
f 233//233 234//234 235//235
f 176//176 180//180 165//165
f 236//236 237//237 238//238
f 94//94 239//239 95//95
f 97//97 240//240 98//98
f 241//241 242//242 243//243
f 243//243 244//244 245//245
f 245//245 246//246 247//247
f 246//246 248//248 247//247
f 249//249 250//250 251//251
f 247//247 252//252 253//253
f 253//253 254//254 247//247
f 254//254 255//255 247//247
f 256//256 257//257 258//258
f 259//259 260//260 261//261
f 262//262 263//263 264//264
f 265//265 266//266 267//267
f 267//267 268//268 269//269
f 270//270 271//271 272//272
f 273//273 274//274 275//275
f 276//276 277//277 278//278
f 279//279 280//280 281//281
f 282//282 283//283 284//284
f 285//285 286//286 287//287
f 241//241 243//243 247//247
f 243//243 245//245 247//247
f 265//265 267//267 269//269
f 269//269 288//288 276//276
f 289//289 290//290 291//291
f 292//292 293//293 294//294
f 247//247 255//255 265//265
f 295//295 296//296 297//297
f 298//298 299//299 300//300
f 301//301 302//302 303//303
f 304//304 305//305 306//306
f 307//307 308//308 309//309
f 310//310 311//311 312//312
f 313//313 314//314 315//315
f 316//316 317//317 318//318
f 319//319 320//320 321//321
f 322//322 323//323 324//324
f 325//325 326//326 327//327
f 328//328 329//329 330//330
f 331//331 332//332 333//333
f 306//306 334//334 335//335
f 334//334 336//336 335//335
f 337//337 338//338 304//304
f 338//338 305//305 304//304
f 306//306 335//335 304//304
f 307//307 339//339 308//308
f 340//340 341//341 310//310
f 341//341 342//342 310//310
f 343//343 344//344 311//311
f 344//344 312//312 311//311
f 340//340 310//310 312//312
f 313//313 345//345 314//314
f 316//316 346//346 317//317
f 319//319 347//347 320//320
f 322//322 348//348 323//323
f 325//325 349//349 326//326
f 328//328 350//350 329//329
f 331//331 351//351 332//332
f 352//352 353//353 354//354
f 355//355 356//356 357//357
f 358//358 359//359 360//360
f 361//361 362//362 363//363
f 364//364 365//365 366//366
f 367//367 368//368 369//369
f 370//370 371//371 372//372
f 373//373 374//374 375//375
f 376//376 377//377 378//378
f 379//379 380//380 381//381
f 382//382 383//383 384//384
f 385//385 386//386 387//387
f 388//388 389//389 390//390
f 391//391 392//392 393//393
f 394//394 395//395 396//396
f 397//397 398//398 399//399
f 400//400 401//401 402//402
f 403//403 404//404 405//405
f 406//406 407//407 408//408
f 409//409 410//410 411//411
f 412//412 413//413 414//414
f 415//415 416//416 417//417
f 418//418 419//419 420//420
f 421//421 422//422 423//423
f 424//424 425//425 426//426
f 427//427 428//428 429//429
f 430//430 431//431 432//432
f 433//433 434//434 435//435
f 436//436 437//437 438//438
f 439//439 440//440 441//441
f 442//442 443//443 444//444
f 445//445 446//446 447//447
f 448//448 449//449 450//450
f 451//451 452//452 453//453
f 454//454 455//455 456//456
f 457//457 458//458 459//459
f 460//460 461//461 462//462
f 463//463 464//464 465//465
f 466//466 467//467 468//468
f 469//469 470//470 471//471
f 472//472 473//473 474//474
f 475//475 476//476 477//477
f 478//478 479//479 480//480
f 481//481 482//482 483//483
f 484//484 485//485 486//486
f 487//487 488//488 489//489
f 490//490 491//491 492//492
f 493//493 494//494 495//495
f 496//496 497//497 498//498
f 499//499 500//500 501//501
f 502//502 503//503 504//504
f 505//505 506//506 507//507
f 508//508 509//509 510//510
f 511//511 512//512 513//513
f 514//514 515//515 516//516
f 517//517 518//518 519//519
f 520//520 521//521 522//522
f 523//523 524//524 525//525
f 526//526 527//527 528//528
f 529//529 530//530 531//531
f 532//532 533//533 534//534
f 535//535 536//536 537//537
f 538//538 539//539 540//540
f 541//541 542//542 543//543
f 544//544 545//545 546//546
f 547//547 548//548 549//549
f 550//550 551//551 552//552
f 553//553 554//554 555//555
f 556//556 557//557 558//558
f 559//559 560//560 561//561
f 562//562 563//563 564//564
f 565//565 566//566 567//567
f 568//568 569//569 570//570
f 571//571 572//572 573//573
f 574//574 575//575 576//576
f 577//577 578//578 579//579
f 580//580 581//581 582//582
f 583//583 584//584 585//585
f 586//586 587//587 588//588
f 589//589 590//590 591//591
f 592//592 593//593 594//594
f 595//595 596//596 597//597
f 598//598 599//599 600//600
f 601//601 602//602 603//603
f 604//604 605//605 606//606
f 607//607 608//608 609//609
f 610//610 611//611 612//612
f 613//613 614//614 615//615
f 616//616 617//617 618//618
f 619//619 620//620 621//621
f 622//622 623//623 624//624
f 625//625 626//626 627//627
f 628//628 629//629 630//630
f 631//631 632//632 633//633
f 634//634 635//635 636//636
f 637//637 638//638 639//639
f 640//640 641//641 642//642
f 643//643 644//644 645//645
f 646//646 647//647 648//648
f 649//649 650//650 651//651
f 652//652 653//653 654//654
f 655//655 656//656 657//657
f 658//658 659//659 660//660
f 661//661 662//662 663//663
f 664//664 665//665 666//666
f 667//667 668//668 669//669
f 670//670 671//671 672//672
f 673//673 674//674 675//675
f 676//676 677//677 678//678
f 679//679 680//680 681//681
f 682//682 683//683 684//684
f 685//685 686//686 687//687
f 688//688 689//689 690//690
f 691//691 692//692 693//693
f 694//694 695//695 696//696
f 697//697 698//698 699//699
f 700//700 701//701 702//702
f 703//703 704//704 705//705
f 706//706 707//707 708//708
f 709//709 710//710 711//711
f 712//712 713//713 714//714
f 715//715 716//716 717//717
f 352//352 718//718 353//353
f 355//355 719//719 356//356
f 720//720 721//721 722//722
f 723//723 724//724 725//725
f 726//726 727//727 728//728
f 729//729 730//730 731//731
f 732//732 733//733 734//734
f 735//735 736//736 737//737
f 738//738 739//739 740//740
f 741//741 742//742 743//743
f 744//744 745//745 746//746
f 747//747 748//748 749//749
f 750//750 751//751 752//752
f 753//753 754//754 755//755
f 756//756 757//757 758//758
f 759//759 760//760 761//761
f 762//762 763//763 764//764
f 765//765 766//766 767//767
f 768//768 769//769 770//770
f 771//771 772//772 773//773
f 774//774 775//775 776//776
f 777//777 778//778 779//779
f 780//780 781//781 782//782
f 783//783 784//784 785//785
f 786//786 787//787 788//788
f 789//789 790//790 791//791
f 792//792 793//793 794//794
f 795//795 796//796 797//797
f 798//798 799//799 800//800
f 801//801 802//802 803//803
f 804//804 805//805 806//806
f 807//807 808//808 809//809
f 810//810 811//811 812//812
f 813//813 814//814 815//815
f 816//816 817//817 818//818
f 819//819 820//820 821//821
f 822//822 823//823 824//824
f 825//825 826//826 827//827
f 828//828 829//829 830//830
f 831//831 832//832 833//833
f 830//830 829//829 834//834
f 835//835 836//836 837//837
f 838//838 839//839 840//840
f 841//841 842//842 843//843
f 834//834 844//844 830//830
f 845//845 846//846 847//847
f 848//848 849//849 850//850
f 851//851 852//852 853//853
f 854//854 855//855 856//856
f 830//830 857//857 828//828
f 858//858 859//859 860//860
f 828//828 857//857 861//861
f 862//862 863//863 864//864
f 865//865 866//866 867//867
f 868//868 869//869 870//870
f 861//861 871//871 828//828
f 872//872 873//873 874//874
f 875//875 876//876 877//877
f 878//878 879//879 880//880
f 881//881 882//882 883//883
f 884//884 885//885 886//886
f 887//887 888//888 889//889
f 890//890 891//891 892//892
f 893//893 894//894 895//895
f 896//896 897//897 898//898
f 899//899 900//900 901//901
f 902//902 903//903 904//904
f 905//905 906//906 907//907
f 908//908 909//909 910//910
f 911//911 912//912 913//913
f 914//914 915//915 916//916
f 917//917 918//918 919//919
f 920//920 921//921 922//922
f 923//923 924//924 925//925
f 926//926 927//927 928//928
f 929//929 930//930 931//931
f 932//932 933//933 934//934
f 935//935 936//936 937//937
f 938//938 939//939 940//940
f 941//941 942//942 943//943
f 944//944 945//945 946//946
f 947//947 948//948 949//949
f 950//950 951//951 952//952
f 953//953 954//954 955//955
f 956//956 957//957 958//958
f 959//959 960//960 961//961
f 962//962 963//963 964//964
f 965//965 966//966 967//967
f 968//968 969//969 970//970
f 971//971 972//972 973//973
f 974//974 975//975 976//976
f 977//977 978//978 979//979
f 980//980 981//981 982//982
f 983//983 984//984 985//985
f 986//986 987//987 988//988
f 989//989 990//990 991//991
f 592//592 992//992 593//593
f 993//993 994//994 995//995
f 996//996 997//997 998//998
f 999//999 1000//1000 1001//1001
f 1002//1002 1003//1003 1004//1004
f 1005//1005 1006//1006 1007//1007
f 1008//1008 1009//1009 1010//1010
f 613//613 1011//1011 614//614
f 1012//1012 1013//1013 1014//1014
f 1015//1015 1016//1016 1017//1017
f 622//622 1018//1018 623//623
f 625//625 1019//1019 626//626
f 1020//1020 1021//1021 1022//1022
f 1023//1023 1024//1024 1025//1025
f 1026//1026 1027//1027 1028//1028
f 637//637 1029//1029 638//638
f 640//640 1030//1030 641//641
f 1031//1031 1032//1032 1033//1033
f 1034//1034 1035//1035 1036//1036
f 1037//1037 1038//1038 1039//1039
f 652//652 1040//1040 653//653
f 1041//1041 1042//1042 1043//1043
f 1044//1044 1045//1045 1046//1046
f 1047//1047 1048//1048 1049//1049
f 1050//1050 1051//1051 1052//1052
f 667//667 1053//1053 668//668
f 1054//1054 1055//1055 1056//1056
f 1057//1057 1058//1058 1059//1059
f 1060//1060 1061//1061 1062//1062
f 679//679 1063//1063 680//680
f 1064//1064 1065//1065 1066//1066
f 1067//1067 1068//1068 1069//1069
f 1070//1070 1071//1071 1072//1072
f 691//691 1073//1073 692//692
f 1074//1074 1075//1075 1076//1076
f 1077//1077 1078//1078 1079//1079
f 1080//1080 1081//1081 1082//1082
f 1083//1083 1084//1084 1085//1085
f 706//706 1086//1086 707//707
f 1087//1087 1088//1088 1089//1089
f 712//712 1090//1090 713//713
f 715//715 1091//1091 716//716
f 1092//1092 1093//1093 1094//1094
f 1095//1095 1096//1096 1097//1097
f 1098//1098 1099//1099 1100//1100
f 1101//1101 1102//1102 1103//1103
f 1104//1104 1105//1105 1106//1106
f 1107//1107 1108//1108 1109//1109
f 1110//1110 1111//1111 1112//1112
f 1113//1113 1114//1114 1115//1115
f 1116//1116 1117//1117 1118//1118
f 1119//1119 1120//1120 1121//1121
f 1122//1122 1123//1123 1124//1124
f 1125//1125 1126//1126 1127//1127
f 1128//1128 1129//1129 1130//1130
f 1131//1131 1132//1132 1133//1133
f 1134//1134 1135//1135 1136//1136
f 1137//1137 1138//1138 1139//1139
f 1140//1140 1141//1141 1142//1142
f 1143//1143 1144//1144 1145//1145
f 1146//1146 1147//1147 1148//1148
f 1149//1149 1150//1150 1151//1151
f 1152//1152 1153//1153 1154//1154
f 1155//1155 1156//1156 1157//1157
f 1158//1158 1159//1159 1160//1160
f 1161//1161 1162//1162 1163//1163
f 1164//1164 1165//1165 1166//1166
f 1167//1167 1168//1168 1169//1169
f 1170//1170 1171//1171 1172//1172
f 1173//1173 1174//1174 1175//1175
f 1176//1176 1177//1177 1178//1178
f 1179//1179 1180//1180 1181//1181
f 1182//1182 1183//1183 1184//1184
f 1185//1185 1186//1186 1187//1187
f 1188//1188 1189//1189 1190//1190
f 1191//1191 1192//1192 1193//1193
f 1194//1194 1195//1195 1196//1196
f 1197//1197 1198//1198 1199//1199
f 1200//1200 1201//1201 1202//1202
f 1203//1203 1204//1204 1205//1205
f 1206//1206 1207//1207 1208//1208
f 1209//1209 1210//1210 1211//1211
f 1212//1212 1213//1213 1214//1214
f 1215//1215 1216//1216 1217//1217
f 1218//1218 1219//1219 1220//1220
f 1221//1221 1222//1222 1223//1223
f 1224//1224 1225//1225 1226//1226
f 1227//1227 1228//1228 1229//1229
f 1230//1230 1231//1231 1232//1232
f 1233//1233 1234//1234 1235//1235
f 1236//1236 1237//1237 1238//1238
f 1239//1239 1240//1240 1241//1241
f 1242//1242 1243//1243 1244//1244
f 1245//1245 1246//1246 1247//1247
f 1248//1248 1249//1249 1250//1250
f 1251//1251 1252//1252 1253//1253
f 1254//1254 1255//1255 1256//1256
f 1257//1257 1258//1258 1259//1259
f 1260//1260 1261//1261 1262//1262
f 1263//1263 1264//1264 1265//1265
f 1266//1266 1267//1267 1268//1268
f 1269//1269 1270//1270 1271//1271
f 1272//1272 1273//1273 1274//1274
f 1275//1275 1276//1276 1277//1277
f 1278//1278 1279//1279 1280//1280
f 1281//1281 1282//1282 1283//1283
f 1284//1284 1285//1285 1286//1286
f 1285//1285 1287//1287 1286//1286
f 1288//1288 1289//1289 1290//1290
f 1286//1286 1291//1291 1292//1292
f 1292//1292 1293//1293 1294//1294
f 1295//1295 1296//1296 1297//1297
f 1298//1298 1299//1299 1300//1300
f 1301//1301 1302//1302 1303//1303
f 1304//1304 1305//1305 1306//1306
f 1307//1307 1308//1308 1309//1309
f 1310//1310 1311//1311 1312//1312
f 1313//1313 1314//1314 1315//1315
f 1316//1316 1317//1317 1318//1318
f 1319//1319 1320//1320 1321//1321
f 1322//1322 1323//1323 1324//1324
f 1325//1325 1326//1326 1327//1327
f 1328//1328 1329//1329 1330//1330
f 1331//1331 1332//1332 1333//1333
f 1334//1334 1335//1335 1284//1284
f 1336//1336 1337//1337 1338//1338
f 1339//1339 1340//1340 1341//1341
f 1294//1294 1298//1298 1300//1300
f 1342//1342 1343//1343 1344//1344
f 1345//1345 1346//1346 1347//1347
f 1348//1348 1349//1349 1350//1350
f 1351//1351 1334//1334 1327//1327
f 1352//1352 1353//1353 1354//1354
f 1355//1355 1356//1356 1357//1357
f 1358//1358 1359//1359 1360//1360
f 1361//1361 1362//1362 1363//1363
f 1364//1364 1365//1365 1366//1366
f 1367//1367 1368//1368 1369//1369
f 1370//1370 1371//1371 1372//1372
f 1373//1373 1374//1374 1375//1375
f 1376//1376 1377//1377 1378//1378
f 1379//1379 1380//1380 1381//1381
f 1382//1382 1383//1383 1384//1384
f 1384//1384 1385//1385 1386//1386
f 1386//1386 1387//1387 1384//1384
f 1387//1387 1388//1388 1384//1384
f 1389//1389 1390//1390 1391//1391
f 1392//1392 1393//1393 1394//1394
f 1395//1395 1396//1396 1397//1397
f 1398//1398 1399//1399 1400//1400
f 1401//1401 1402//1402 1403//1403
f 1404//1404 1405//1405 1406//1406
f 1407//1407 1408//1408 1409//1409
f 1409//1409 1410//1410 1411//1411
f 1412//1412 1413//1413 1414//1414
f 1415//1415 1416//1416 1409//1409
f 1417//1417 1418//1418 1419//1419
f 1420//1420 1421//1421 1367//1367
f 1422//1422 1423//1423 1424//1424
f 1425//1425 1407//1407 1409//1409
f 1426//1426 1427//1427 1428//1428
f 1429//1429 1430//1430 1431//1431
f 1432//1432 1433//1433 1434//1434
f 1435//1435 1436//1436 1437//1437
f 1438//1438 1439//1439 1440//1440
f 1441//1441 1442//1442 1443//1443
f 1444//1444 1445//1445 1446//1446
f 1447//1447 1448//1448 1449//1449
f 1450//1450 1451//1451 1452//1452
f 1453//1453 1454//1454 1455//1455
f 1456//1456 1457//1457 1458//1458
f 1459//1459 1460//1460 1461//1461
f 1462//1462 1463//1463 1464//1464
f 1465//1465 1466//1466 1467//1467
f 1468//1468 1469//1469 1470//1470
f 1471//1471 1472//1472 1473//1473
f 1474//1474 1475//1475 1476//1476
f 1477//1477 1478//1478 1479//1479
f 1480//1480 1481//1481 1482//1482
f 1483//1483 1484//1484 1485//1485
f 1486//1486 1487//1487 1488//1488
f 1489//1489 1490//1490 1491//1491
f 1492//1492 1493//1493 1494//1494
f 1495//1495 1496//1496 1497//1497
f 1498//1498 1499//1499 1500//1500
f 1501//1501 1502//1502 1503//1503
f 1444//1444 1504//1504 1445//1445
f 1505//1505 1506//1506 1507//1507
f 1506//1506 1508//1508 1509//1509
f 1510//1510 1506//1506 1509//1509
f 1510//1510 1511//1511 1506//1506
f 1511//1511 1512//1512 1506//1506
f 1512//1512 1513//1513 1506//1506
f 1513//1513 1514//1514 1507//1507
f 1514//1514 1515//1515 1516//1516
f 1515//1515 1517//1517 1516//1516
f 1517//1517 1518//1518 1516//1516
f 1518//1518 1519//1519 1516//1516
f 1519//1519 1520//1520 1516//1516
f 1521//1521 1522//1522 1523//1523
f 1524//1524 1507//1507 1514//1514
f 1525//1525 1526//1526 1527//1527
f 1450//1450 1528//1528 1451//1451
f 1453//1453 1529//1529 1454//1454
f 1530//1530 1531//1531 1532//1532
f 1533//1533 1534//1534 1535//1535
f 1536//1536 1537//1537 1538//1538
f 1537//1537 1539//1539 1540//1540
f 1541//1541 1537//1537 1540//1540
f 1541//1541 1542//1542 1537//1537
f 1542//1542 1543//1543 1537//1537
f 1543//1543 1544//1544 1537//1537
f 1544//1544 1545//1545 1538//1538
f 1545//1545 1546//1546 1547//1547
f 1546//1546 1548//1548 1547//1547
f 1548//1548 1549//1549 1547//1547
f 1549//1549 1550//1550 1547//1547
f 1550//1550 1551//1551 1547//1547
f 1552//1552 1553//1553 1554//1554
f 1555//1555 1538//1538 1545//1545
f 1556//1556 1557//1557 1558//1558
f 1465//1465 1559//1559 1466//1466
f 1560//1560 1561//1561 1562//1562
f 1471//1471 1563//1563 1472//1472
f 1564//1564 1565//1565 1566//1566
f 1477//1477 1567//1567 1478//1478
f 1480//1480 1568//1568 1481//1481
f 1483//1483 1569//1569 1484//1484
f 1486//1486 1570//1570 1487//1487
f 1571//1571 1572//1572 1573//1573
f 1492//1492 1574//1574 1493//1493
f 1575//1575 1576//1576 1577//1577
f 1498//1498 1578//1578 1499//1499
f 1501//1501 1579//1579 1502//1502
